t,consumo,produzione
2026-09-01 00:00:31,2474,0
2026-09-01 00:01:30,2517,0
2026-09-01 00:02:30,2495,0
2026-09-01 00:03:30,2511,0
2026-09-01 00:04:30,3116,0
2026-09-01 00:05:30,3084,0
2026-09-01 00:06:30,2872,0
2026-09-01 00:07:31,2768,0
2026-09-01 00:08:30,2485,0
2026-09-01 00:09:30,2462,0
2026-09-01 00:10:30,2456,0
2026-09-01 00:11:30,2454,0
2026-09-01 00:12:30,2452,0
2026-09-01 00:13:30,2415,0
2026-09-01 00:14:31,2454,0
2026-09-01 00:15:30,2453,0
2026-09-01 00:16:30,2457,0
2026-09-01 00:17:30,2458,0
2026-09-01 00:18:30,2414,0
2026-09-01 00:19:30,2453,0
2026-09-01 00:20:31,2450,0
2026-09-01 00:21:30,2451,0
2026-09-01 00:22:30,2452,0
2026-09-01 00:23:30,2410,0
2026-09-01 00:24:30,2450,0
2026-09-01 00:25:30,2449,0
2026-09-01 00:26:31,2450,0
2026-09-01 00:27:30,2630,0
2026-09-01 00:28:30,3088,0
2026-09-01 00:29:30,3028,0
2026-09-01 00:30:30,2787,0
2026-09-01 00:31:30,2701,0
2026-09-01 00:32:30,2548,0
2026-09-01 00:33:31,2508,0
2026-09-01 00:34:30,2438,0
2026-09-01 00:35:30,2395,0
2026-09-01 00:36:30,2435,0
2026-09-01 00:37:30,2434,0
2026-09-01 00:38:30,2396,0
2026-09-01 00:39:31,2437,0
2026-09-01 00:40:30,2396,0
2026-09-01 00:41:30,2435,0
2026-09-01 00:42:30,2437,0
2026-09-01 00:43:30,2395,0
2026-09-01 00:44:30,2660,0
2026-09-01 00:45:31,3099,0
2026-09-01 00:46:30,3007,0
2026-09-01 00:47:30,2859,0
2026-09-01 00:48:30,2688,0
2026-09-01 00:49:30,2447,0
2026-09-01 00:50:30,2396,0
2026-09-01 00:51:30,2436,0
2026-09-01 00:52:30,2435,0
2026-09-01 00:53:31,2753,0
2026-09-01 00:54:30,3074,0
2026-09-01 00:55:30,2888,0
2026-09-01 00:56:30,2776,0
2026-09-01 00:57:30,2663,0
2026-09-01 00:58:30,2359,0
2026-09-01 00:59:31,2388,0
2026-09-01 01:00:30,2389,0
2026-09-01 01:01:30,2391,0
2026-09-01 01:02:30,2391,0
2026-09-01 01:03:30,2350,0
2026-09-01 01:04:30,2390,0
2026-09-01 01:05:30,2390,0
2026-09-01 01:06:30,2390,0
2026-09-01 01:07:30,2393,0
2026-09-01 01:08:30,2351,0
2026-09-01 01:09:30,2389,0
2026-09-01 01:10:30,2348,0
2026-09-01 01:11:30,2390,0
2026-09-01 01:12:31,2392,0
2026-09-01 01:13:30,2352,0
2026-09-01 01:14:30,2390,0
2026-09-01 01:15:30,2351,0
2026-09-01 01:16:30,2393,0
2026-09-01 01:17:30,2432,0
2026-09-01 01:18:30,2984,0
2026-09-01 01:19:31,2999,0
2026-09-01 01:20:30,2729,0
2026-09-01 01:21:30,2732,0
2026-09-01 01:22:30,2423,0
2026-09-01 01:23:30,2371,0
2026-09-01 01:24:30,2484,0
2026-09-01 01:25:31,2510,0
2026-09-01 01:26:30,2396,0
2026-09-01 01:27:30,2398,0
2026-09-01 01:28:30,2357,0
2026-09-01 01:29:30,2397,0
2026-09-01 01:30:30,2358,0
2026-09-01 01:31:30,2402,0
2026-09-01 01:32:31,2402,0
2026-09-01 01:33:30,2361,0
2026-09-01 01:34:30,2398,0
2026-09-01 01:35:30,2360,0
2026-09-01 01:36:30,2399,0
2026-09-01 01:37:30,2399,0
2026-09-01 01:38:31,2358,0
2026-09-01 01:39:30,2399,0
2026-09-01 01:40:30,2965,0
2026-09-01 01:41:30,3164,0
2026-09-01 01:42:30,2890,0
2026-09-01 01:43:30,2777,0
2026-09-01 01:44:31,2492,0
2026-09-01 01:45:30,2451,0
2026-09-01 01:46:30,2492,0
2026-09-01 01:47:30,2495,0
2026-09-01 01:48:30,2550,0
2026-09-01 01:49:30,3142,0
2026-09-01 01:50:30,2992,0
2026-09-01 01:51:30,2840,0
2026-09-01 01:52:30,2742,0
2026-09-01 01:53:30,2456,0
2026-09-01 01:54:30,2487,0
2026-09-01 01:55:30,2444,0
2026-09-01 01:56:31,2486,0
2026-09-01 01:57:30,2486,0
2026-09-01 01:58:30,2485,0
2026-09-01 01:59:30,2485,0
2026-09-01 02:00:30,2483,0
2026-09-01 02:01:30,2485,0
2026-09-01 02:02:31,2356,0
2026-09-01 02:03:30,2403,0
2026-09-01 02:04:30,2485,0
2026-09-01 02:05:30,2442,0
2026-09-01 02:06:30,2483,0
2026-09-01 02:07:30,2482,0
2026-09-01 02:08:30,2441,0
2026-09-01 02:09:31,2478,0
2026-09-01 02:10:30,2476,0
2026-09-01 02:11:30,2477,0
2026-09-01 02:12:30,2476,0
2026-09-01 02:13:30,2434,0
2026-09-01 02:14:30,2476,0
2026-09-01 02:15:31,2434,0
2026-09-01 02:16:30,2451,0
2026-09-01 02:17:30,2434,0
2026-09-01 02:18:30,2767,0
2026-09-01 02:19:30,3139,0
2026-09-01 02:20:30,2933,0
2026-09-01 02:21:31,2728,0
2026-09-01 02:22:30,2542,0
2026-09-01 02:23:30,2394,0
2026-09-01 02:24:30,2433,0
2026-09-01 02:25:30,2433,0
2026-09-01 02:26:30,2432,0
2026-09-01 02:27:30,2416,0
2026-09-01 02:28:31,2363,0
2026-09-01 02:29:30,2404,0
2026-09-01 02:30:30,2365,0
2026-09-01 02:31:30,2391,0
2026-09-01 02:32:30,2381,0
2026-09-01 02:33:30,2339,0
2026-09-01 02:34:31,2801,0
2026-09-01 02:35:30,2947,0
2026-09-01 02:36:30,2835,0
2026-09-01 02:37:30,2731,0
2026-09-01 02:38:30,2358,0
2026-09-01 02:39:30,2382,0
2026-09-01 02:40:30,2382,0
2026-09-01 02:41:30,2382,0
2026-09-01 02:42:30,2383,0
2026-09-01 02:43:30,2341,0
2026-09-01 02:44:30,2379,0
2026-09-01 02:45:30,2379,0
2026-09-01 02:46:30,2380,0
2026-09-01 02:47:31,2379,0
2026-09-01 02:48:30,2389,0
2026-09-01 02:49:30,2388,0
2026-09-01 02:50:30,2389,0
2026-09-01 02:51:30,2528,0
2026-09-01 02:52:30,3064,0
2026-09-01 02:53:30,2911,0
2026-09-01 02:54:31,2684,0
2026-09-01 02:55:30,2620,0
2026-09-01 02:56:30,2438,0
2026-09-01 02:57:30,2434,0
2026-09-01 02:58:30,2393,0
2026-09-01 02:59:30,2392,0
2026-09-01 03:00:31,2430,0
2026-09-01 03:01:30,2429,0
2026-09-01 03:02:30,2428,0
2026-09-01 03:03:30,2388,0
2026-09-01 03:04:30,2387,0
2026-09-01 03:05:30,2429,0
2026-09-01 03:06:31,2427,0
2026-09-01 03:07:30,2428,0
2026-09-01 03:08:30,2384,0
2026-09-01 03:09:30,2386,0
2026-09-01 03:10:30,2426,0
2026-09-01 03:11:30,2426,0
2026-09-01 03:12:31,2427,0
2026-09-01 03:13:30,2386,0
2026-09-01 03:14:30,2383,0
2026-09-01 03:15:30,2422,0
2026-09-01 03:16:30,2420,0
2026-09-01 03:17:30,2884,0
2026-09-01 03:18:31,2960,0
2026-09-01 03:19:30,2833,0
2026-09-01 03:20:30,2710,0
2026-09-01 03:21:30,2427,0
2026-09-01 03:22:30,2417,0
2026-09-01 03:23:31,2377,0
2026-09-01 03:24:30,2389,0
2026-09-01 03:25:30,2480,0
2026-09-01 03:26:30,3012,0
2026-09-01 03:27:30,2958,0
2026-09-01 03:28:30,2660,0
2026-09-01 03:29:31,2668,0
2026-09-01 03:30:30,2391,0
2026-09-01 03:31:30,2378,0
2026-09-01 03:32:30,2375,0
2026-09-01 03:33:30,2336,0
2026-09-01 03:34:31,2336,0
2026-09-01 03:35:30,2377,0
2026-09-01 03:36:30,2375,0
2026-09-01 03:37:30,2376,0
2026-09-01 03:38:30,2337,0
2026-09-01 03:39:30,2335,0
2026-09-01 03:40:31,2375,0
2026-09-01 03:41:30,2374,0
2026-09-01 03:42:30,2375,0
2026-09-01 03:43:30,2337,0
2026-09-01 03:44:30,2336,0
2026-09-01 03:45:30,2377,0
2026-09-01 03:46:30,2375,0
2026-09-01 03:47:31,2375,0
2026-09-01 03:48:30,2335,0
2026-09-01 03:49:30,2334,0
2026-09-01 03:50:30,2372,0
2026-09-01 03:51:30,2402,0
2026-09-01 03:52:30,2419,0
2026-09-01 03:53:30,2384,0
2026-09-01 03:54:30,2384,0
2026-09-01 03:55:30,2423,0
2026-09-01 03:56:30,2421,0
2026-09-01 03:57:30,2417,0
2026-09-01 03:58:30,2377,0
2026-09-01 03:59:30,2375,0
2026-09-01 04:00:31,2416,0
2026-09-01 04:01:30,2746,0
2026-09-01 04:02:30,3033,0
2026-09-01 04:03:30,2987,0
2026-09-01 04:04:30,2828,0
2026-09-01 04:05:30,2702,0
2026-09-01 04:06:31,2420,0
2026-09-01 04:07:30,2412,0
2026-09-01 04:08:30,2371,0
2026-09-01 04:09:30,2411,0
2026-09-01 04:10:30,2413,0
2026-09-01 04:11:30,2413,0
2026-09-01 04:12:30,2411,0
2026-09-01 04:13:31,2371,0
2026-09-01 04:14:30,2411,0
2026-09-01 04:15:30,2410,0
2026-09-01 04:16:30,2406,0
2026-09-01 04:17:30,2402,0
2026-09-01 04:18:30,2362,0
2026-09-01 04:19:31,2401,0
2026-09-01 04:20:30,2409,0
2026-09-01 04:21:30,2404,0
2026-09-01 04:22:30,2404,0
2026-09-01 04:23:30,2361,0
2026-09-01 04:24:30,2360,0
2026-09-01 04:25:30,2396,0
2026-09-01 04:26:31,2363,0
2026-09-01 04:27:30,2356,0
2026-09-01 04:28:30,2317,0
2026-09-01 04:29:30,2314,0
2026-09-01 04:30:30,2354,0
2026-09-01 04:31:30,2354,0
2026-09-01 04:32:30,2354,0
2026-09-01 04:33:31,2576,0
2026-09-01 04:34:30,2936,0
2026-09-01 04:35:30,2819,0
2026-09-01 04:36:30,2634,0
2026-09-01 04:37:30,2482,0
2026-09-01 04:38:30,2316,0
2026-09-01 04:39:31,2314,0
2026-09-01 04:40:30,2353,0
2026-09-01 04:41:30,2348,0
2026-09-01 04:42:30,2351,0
2026-09-01 04:43:30,2311,0
2026-09-01 04:44:30,2309,0
2026-09-01 04:45:31,2345,0
2026-09-01 04:46:30,2347,0
2026-09-01 04:47:30,2346,0
2026-09-01 04:48:30,2307,0
2026-09-01 04:49:30,2346,0
2026-09-01 04:50:30,2344,0
2026-09-01 04:51:30,2344,0
2026-09-01 04:52:31,2345,0
2026-09-01 04:53:30,2306,0
2026-09-01 04:54:30,2307,0
2026-09-01 04:55:30,2347,0
2026-09-01 04:56:30,2383,0
2026-09-01 04:57:30,2468,0
2026-09-01 04:58:30,2964,0
2026-09-01 04:59:30,2903,0
2026-09-01 05:00:30,2747,0
2026-09-01 05:01:30,2556,0
2026-09-01 05:02:30,2396,0
2026-09-01 05:03:30,2356,0
2026-09-01 05:04:31,2358,0
2026-09-01 05:05:30,2396,0
2026-09-01 05:06:30,2396,0
2026-09-01 05:07:30,2397,0
2026-09-01 05:08:30,2357,0
2026-09-01 05:09:30,2357,0
2026-09-01 05:10:31,2395,0
2026-09-01 05:11:30,2398,0
2026-09-01 05:12:30,2395,0
2026-09-01 05:13:30,2449,0
2026-09-01 05:14:30,2966,0
2026-09-01 05:15:30,2927,0
2026-09-01 05:16:30,2688,0
2026-09-01 05:17:31,2593,0
2026-09-01 05:18:30,2360,0
2026-09-01 05:19:30,2356,0
2026-09-01 05:20:30,2399,0
2026-09-01 05:21:30,2390,0
2026-09-01 05:22:30,2389,0
2026-09-01 05:23:31,2348,0
2026-09-01 05:24:30,2348,0
2026-09-01 05:25:30,2391,0
2026-09-01 05:26:30,2390,0
2026-09-01 05:27:30,2387,0
2026-09-01 05:28:30,2345,0
2026-09-01 05:29:31,2345,0
2026-09-01 05:30:30,2386,0
2026-09-01 05:31:30,2348,0
2026-09-01 05:32:30,2344,0
2026-09-01 05:33:30,2306,0
2026-09-01 05:34:30,2306,0
2026-09-01 05:35:30,2346,0
2026-09-01 05:36:31,2347,0
2026-09-01 05:37:30,2348,0
2026-09-01 05:38:30,2308,0
2026-09-01 05:39:30,2306,0
2026-09-01 05:40:30,2306,0
2026-09-01 05:41:30,2347,0
2026-09-01 05:42:31,2347,0
2026-09-01 05:43:30,2308,0
2026-09-01 05:44:30,2306,0
2026-09-01 05:45:30,2345,0
2026-09-01 05:46:30,2343,0
2026-09-01 05:47:30,2343,0
2026-09-01 05:48:30,2302,0
2026-09-01 05:49:30,2303,0
2026-09-01 05:50:30,2343,0
2026-09-01 05:51:30,2532,0
2026-09-01 05:52:30,2927,0
2026-09-01 05:53:31,2785,0
2026-09-01 05:54:30,2623,0
2026-09-01 05:55:30,2473,0
2026-09-01 05:56:30,2342,0
2026-09-01 05:57:30,2342,0
2026-09-01 05:58:30,2301,0
2026-09-01 05:59:30,2337,0
2026-09-01 06:00:31,2336,0
2026-09-01 06:01:30,2333,0
2026-09-01 06:02:30,2348,0
2026-09-01 06:03:30,2350,0
2026-09-01 06:04:30,2371,0
2026-09-01 06:05:30,2413,0
2026-09-01 06:06:30,2414,0
2026-09-01 06:07:31,2411,0
2026-09-01 06:08:30,2371,0
2026-09-01 06:09:30,2368,0
2026-09-01 06:10:30,2407,0
2026-09-01 06:11:30,2407,0
2026-09-01 06:12:30,2404,0
2026-09-01 06:13:31,2366,0
2026-09-01 06:14:30,2368,0
2026-09-01 06:15:30,2407,0
2026-09-01 06:16:30,2405,0
2026-09-01 06:17:30,2408,0
2026-09-01 06:18:30,2326,0
2026-09-01 06:19:31,2405,0
2026-09-01 06:20:30,2413,0
2026-09-01 06:21:30,2408,0
2026-09-01 06:22:30,2406,0
2026-09-01 06:23:30,2327,0
2026-09-01 06:24:30,2403,0
2026-09-01 06:25:31,2402,0
2026-09-01 06:26:30,2401,0
2026-09-01 06:27:30,2398,0
2026-09-01 06:28:30,2357,0
2026-09-01 06:29:30,2396,0
2026-09-01 06:30:30,2395,0
2026-09-01 06:31:31,2390,0
2026-09-01 06:32:30,2387,0
2026-09-01 06:33:30,2349,0
2026-09-01 06:34:30,2388,0
2026-09-01 06:35:30,2386,0
2026-09-01 06:36:30,2345,0
2026-09-01 06:37:30,2771,0
2026-09-01 06:38:30,2990,0
2026-09-01 06:39:30,2867,0
2026-09-01 06:40:30,2751,5
2026-09-01 06:41:30,2497,4
2026-09-01 06:42:31,2401,5
2026-09-01 06:43:30,2420,4
2026-09-01 06:44:30,2665,5
2026-09-01 06:45:30,2983,5
2026-09-01 06:46:30,2986,5
2026-09-01 06:47:30,2941,5
2026-09-01 06:48:30,2377,2
2026-09-01 06:49:31,2401,5
2026-09-01 06:50:30,2574,7
2026-09-01 06:51:30,2397,8
2026-09-01 06:52:30,2400,10
2026-09-01 06:53:30,2401,12
2026-09-01 06:54:30,2485,16
2026-09-01 06:55:31,2270,22
2026-09-01 06:56:30,166,25
2026-09-01 06:57:30,355,29
2026-09-01 06:58:30,236,32
2026-09-01 06:59:30,191,37
2026-09-01 07:00:30,181,41
2026-09-01 07:01:30,334,46
2026-09-01 07:02:31,156,49
2026-09-01 07:03:30,140,52
2026-09-01 07:04:30,151,58
2026-09-01 07:05:30,151,62
2026-09-01 07:06:30,151,67
2026-09-01 07:07:30,151,71
2026-09-01 07:08:31,193,73
2026-09-01 07:09:30,199,80
2026-09-01 07:10:30,184,85
2026-09-01 07:11:30,173,88
2026-09-01 07:12:30,173,92
2026-09-01 07:13:30,170,92
2026-09-01 07:14:31,165,101
2026-09-01 07:15:30,167,105
2026-09-01 07:16:30,252,109
2026-09-01 07:17:30,271,113
2026-09-01 07:18:30,177,116
2026-09-01 07:19:30,152,121
2026-09-01 07:20:31,153,126
2026-09-01 07:21:30,222,133
2026-09-01 07:22:30,269,143
2026-09-01 07:23:30,194,148
2026-09-01 07:24:30,260,164
2026-09-01 07:25:30,274,175
2026-09-01 07:26:30,151,186
2026-09-01 07:27:31,152,196
2026-09-01 07:28:30,148,208
2026-09-01 07:29:30,151,240
2026-09-01 07:30:30,151,278
2026-09-01 07:31:30,151,298
2026-09-01 07:32:30,151,313
2026-09-01 07:33:31,149,321
2026-09-01 07:34:30,148,346
2026-09-01 07:35:30,146,362
2026-09-01 07:36:30,611,379
2026-09-01 07:37:30,744,397
2026-09-01 07:38:30,499,403
2026-09-01 07:39:30,385,436
2026-09-01 07:40:31,210,456
2026-09-01 07:41:30,1850,477
2026-09-01 07:42:30,2196,500
2026-09-01 07:43:30,1543,503
2026-09-01 07:44:30,223,542
2026-09-01 07:45:30,205,564
2026-09-01 07:46:31,172,586
2026-09-01 07:47:30,151,610
2026-09-01 07:48:30,148,623
2026-09-01 07:49:30,178,658
2026-09-01 07:50:30,162,683
2026-09-01 07:51:30,562,710
2026-09-01 07:52:30,254,730
2026-09-01 07:53:31,1505,713
2026-09-01 07:54:30,2235,754
2026-09-01 07:55:30,1023,723
2026-09-01 07:56:30,701,757
2026-09-01 07:57:30,559,836
2026-09-01 07:58:30,1169,842
2026-09-01 07:59:31,944,895
2026-09-01 08:00:30,1355,884
2026-09-01 08:01:30,1498,858
2026-09-01 08:02:30,1320,812
2026-09-01 08:03:30,134,965
2026-09-01 08:04:30,410,1045
2026-09-01 08:05:31,337,1078
2026-09-01 08:06:30,1146,1107
2026-09-01 08:07:30,2449,1106
2026-09-01 08:08:30,281,1114
2026-09-01 08:09:30,348,1190
2026-09-01 08:10:30,1822,1216
2026-09-01 08:11:31,871,1228
2026-09-01 08:12:30,1489,1264
2026-09-01 08:13:30,1072,1261
2026-09-01 08:14:30,648,1333
2026-09-01 08:15:30,1534,1370
2026-09-01 08:16:30,1129,1402
2026-09-01 08:17:30,1000,1433
2026-09-01 08:18:30,300,1419
2026-09-01 08:19:30,330,1472
2026-09-01 08:20:30,868,1528
2026-09-01 08:21:30,725,1558
2026-09-01 08:22:30,1278,1604
2026-09-01 08:23:30,1237,1598
2026-09-01 08:24:31,1120,1683
2026-09-01 08:25:30,1442,1719
2026-09-01 08:26:30,611,1786
2026-09-01 08:27:30,466,1790
2026-09-01 08:28:30,479,1795
2026-09-01 08:29:31,630,1855
2026-09-01 08:30:30,429,1889
2026-09-01 08:31:30,460,1922
2026-09-01 08:32:30,844,1923
2026-09-01 08:33:30,1309,1985
2026-09-01 08:34:30,2078,2012
2026-09-01 08:35:30,4600,2050
2026-09-01 08:36:30,2248,2081
2026-09-01 08:37:31,1522,2115
2026-09-01 08:38:30,2176,2078
2026-09-01 08:39:30,510,2183
2026-09-01 08:40:30,1034,2215
2026-09-01 08:41:30,1129,2287
2026-09-01 08:42:30,880,2284
2026-09-01 08:43:31,175,2280
2026-09-01 08:44:30,167,2345
2026-09-01 08:45:30,161,2384
2026-09-01 08:46:30,176,2419
2026-09-01 08:47:30,175,2448
2026-09-01 08:48:30,165,2440
2026-09-01 08:49:31,185,2507
2026-09-01 08:50:30,259,2546
2026-09-01 08:51:30,279,2581
2026-09-01 08:52:30,200,2612
2026-09-01 08:53:30,224,2602
2026-09-01 08:54:30,205,2668
2026-09-01 08:55:30,200,2707
2026-09-01 08:56:30,200,2738
2026-09-01 08:57:30,196,2725
2026-09-01 08:58:30,196,2757
2026-09-01 08:59:30,199,2834
2026-09-01 09:00:31,200,2863
2026-09-01 09:01:30,183,2896
2026-09-01 09:02:30,225,2928
2026-09-01 09:03:30,232,2913
2026-09-01 09:04:30,238,2983
2026-09-01 09:05:30,275,3024
2026-09-01 09:06:30,274,3082
2026-09-01 09:07:31,317,3081
2026-09-01 09:08:30,308,3082
2026-09-01 09:09:30,404,3164
2026-09-01 09:10:30,2300,3203
2026-09-01 09:11:30,2301,3236
2026-09-01 09:12:30,2268,3214
2026-09-01 09:13:31,2223,3248
2026-09-01 09:14:30,2243,3336
2026-09-01 09:15:30,575,3381
2026-09-01 09:16:30,250,3413
2026-09-01 09:17:30,241,3386
2026-09-01 09:18:30,236,3426
2026-09-01 09:19:31,201,3514
2026-09-01 09:20:30,207,3542
2026-09-01 09:21:30,226,3572
2026-09-01 09:22:30,224,3536
2026-09-01 09:23:30,235,3569
2026-09-01 09:24:30,222,3647
2026-09-01 09:25:31,216,3688
2026-09-01 09:26:30,194,3721
2026-09-01 09:27:30,231,3691
2026-09-01 09:28:30,265,3719
2026-09-01 09:29:30,277,3809
2026-09-01 09:30:30,356,3842
2026-09-01 09:31:31,349,3881
2026-09-01 09:32:30,425,3851
2026-09-01 09:33:30,530,3824
2026-09-01 09:34:30,563,3800
2026-09-01 09:35:31,1005,3978
2026-09-01 09:36:30,1014,4000
2026-09-01 09:37:30,517,4056
2026-09-01 09:38:30,215,4021
2026-09-01 09:39:31,224,4121
2026-09-01 09:40:30,227,4124
2026-09-01 09:41:30,254,4120
2026-09-01 09:42:30,384,4234
2026-09-01 09:43:30,906,4201
2026-09-01 09:44:30,838,4294
2026-09-01 09:45:30,676,4340
2026-09-01 09:46:31,481,4375
2026-09-01 09:47:30,268,4418
2026-09-01 09:48:30,275,4376
2026-09-01 09:49:30,326,4401
2026-09-01 09:50:30,257,4432
2026-09-01 09:51:30,234,4541
2026-09-01 09:52:31,229,4567
2026-09-01 09:53:30,217,4510
2026-09-01 09:54:30,260,4688
2026-09-01 09:55:30,349,4638
2026-09-01 09:56:30,350,4595
2026-09-01 09:57:30,237,4624
2026-09-01 09:58:30,279,4438
2026-09-01 09:59:31,316,3641
2026-09-01 10:00:30,296,4387
2026-09-01 10:01:30,194,4099
2026-09-01 10:02:30,220,2544
2026-09-01 10:03:30,254,3945
2026-09-01 10:04:30,296,4728
2026-09-01 10:05:31,306,4860
2026-09-01 10:06:30,301,4346
2026-09-01 10:07:30,298,3281
2026-09-01 10:08:30,305,4791
2026-09-01 10:09:30,287,4864
2026-09-01 10:10:30,231,4951
2026-09-01 10:11:30,236,4621
2026-09-01 10:12:31,232,4985
2026-09-01 10:13:30,257,5117
2026-09-01 10:14:30,1192,5059
2026-09-01 10:15:30,2446,5176
2026-09-01 10:16:30,2421,5211
2026-09-01 10:17:30,2380,5219
2026-09-01 10:18:31,2386,5262
2026-09-01 10:19:30,2409,5296
2026-09-01 10:20:30,2400,5312
2026-09-01 10:21:30,2247,5331
2026-09-01 10:22:30,180,5371
2026-09-01 10:23:30,216,5372
2026-09-01 10:24:31,264,5368
2026-09-01 10:25:31,301,5373
2026-09-01 10:26:30,295,5198
2026-09-01 10:27:30,309,5390
2026-09-01 10:28:30,314,5407
2026-09-01 10:29:30,300,5516
2026-09-01 10:30:30,307,5435
2026-09-01 10:31:31,223,5249
2026-09-01 10:32:30,2531,5425
2026-09-01 10:33:30,2993,5425
2026-09-01 10:34:30,2887,5435
2026-09-01 10:35:30,2711,5444
2026-09-01 10:36:30,2359,5363
2026-09-01 10:37:30,2321,5459
2026-09-01 10:38:31,2381,5475
2026-09-01 10:39:30,231,5503
2026-09-01 10:40:30,167,5536
2026-09-01 10:41:30,1472,5465
2026-09-01 10:42:30,2354,5570
2026-09-01 10:43:30,2354,5596
2026-09-01 10:44:30,1640,5615
2026-09-01 10:45:30,316,5701
2026-09-01 10:46:30,326,5658
2026-09-01 10:47:30,2320,5768
2026-09-01 10:48:31,2360,5774
2026-09-01 10:49:30,2308,5789
2026-09-01 10:50:30,2300,5813
2026-09-01 10:51:30,2195,5636
2026-09-01 10:52:30,1447,5846
2026-09-01 10:53:31,332,5872
2026-09-01 10:54:30,322,5895
2026-09-01 10:55:30,406,5894
2026-09-01 10:56:30,1021,5723
2026-09-01 10:57:30,2294,5935
2026-09-01 10:58:30,1040,5948
2026-09-01 10:59:31,287,5955
2026-09-01 11:00:30,317,5969
2026-09-01 11:01:30,299,5785
2026-09-01 11:02:30,311,6007
2026-09-01 11:03:30,317,6011
2026-09-01 11:04:30,314,6011
2026-09-01 11:05:31,280,6012
2026-09-01 11:06:30,214,5812
2026-09-01 11:07:30,235,6010
2026-09-01 11:08:30,227,6008
2026-09-01 11:09:30,216,6002
2026-09-01 11:10:30,248,6004
2026-09-01 11:11:30,466,5902
2026-09-01 11:12:31,966,6002
2026-09-01 11:13:30,847,6004
2026-09-01 11:14:30,629,6003
2026-09-01 11:15:30,363,6001
2026-09-01 11:16:30,187,6005
2026-09-01 11:17:30,241,6005
2026-09-01 11:18:31,242,6007
2026-09-01 11:19:30,243,6006
2026-09-01 11:20:30,321,6006
2026-09-01 11:21:30,282,6005
2026-09-01 11:22:30,189,6004
2026-09-01 11:23:30,174,6004
2026-09-01 11:24:30,165,6004
2026-09-01 11:25:30,155,6002
2026-09-01 11:26:30,268,5802
2026-09-01 11:27:30,534,6003
2026-09-01 11:28:30,658,6001
2026-09-01 11:29:30,657,6002
2026-09-01 11:30:31,661,5996
2026-09-01 11:31:30,645,5807
2026-09-01 11:32:30,676,6007
2026-09-01 11:33:30,675,6005
2026-09-01 11:34:30,679,6006
2026-09-01 11:35:30,688,6005
2026-09-01 11:36:30,678,5906
2026-09-01 11:37:30,688,6005
2026-09-01 11:38:30,689,6002
2026-09-01 11:39:30,698,6005
2026-09-01 11:40:30,724,6004
2026-09-01 11:41:31,727,5804
2026-09-01 11:42:30,757,6004
2026-09-01 11:43:30,761,6001
2026-09-01 11:44:30,1152,6002
2026-09-01 11:45:30,1472,6002
2026-09-01 11:46:30,1310,5804
2026-09-01 11:47:31,1214,6006
2026-09-01 11:48:30,850,6005
2026-09-01 11:49:30,783,6005
2026-09-01 11:50:30,785,6002
2026-09-01 11:51:30,763,5803
2026-09-01 11:52:30,789,6001
2026-09-01 11:53:30,791,6000
2026-09-01 11:54:30,793,6001
2026-09-01 11:55:31,796,6002
2026-09-01 11:56:30,777,5800
2026-09-01 11:57:30,801,6002
2026-09-01 11:58:30,795,6002
2026-09-01 11:59:30,796,6000
2026-09-01 12:00:30,790,5999
2026-09-01 12:01:30,746,5804
2026-09-01 12:02:30,772,6004
2026-09-01 12:03:30,775,6005
2026-09-01 12:04:30,751,6005
2026-09-01 12:05:31,754,6003
2026-09-01 12:06:30,774,5800
2026-09-01 12:07:30,937,6000
2026-09-01 12:08:30,952,6000
2026-09-01 12:09:30,884,5999
2026-09-01 12:10:30,893,6002
2026-09-01 12:11:30,829,5803
2026-09-01 12:12:31,470,6005
2026-09-01 12:13:30,393,6006
2026-09-01 12:14:30,1628,6003
2026-09-01 12:15:30,2024,5999
2026-09-01 12:16:30,1872,5900
2026-09-01 12:17:30,1823,5991
2026-09-01 12:18:31,1445,5999
2026-09-01 12:19:30,3149,5999
2026-09-01 12:20:30,3634,5996
2026-09-01 12:21:30,3624,5897
2026-09-01 12:22:30,4412,5993
2026-09-01 12:23:30,3676,5997
2026-09-01 12:24:30,2434,5999
2026-09-01 12:25:31,1624,5995
2026-09-01 12:26:30,1603,5902
2026-09-01 12:27:30,1631,5999
2026-09-01 12:28:30,1578,5997
2026-09-01 12:29:30,1594,5998
2026-09-01 12:30:30,1610,5999
2026-09-01 12:31:31,1580,5802
2026-09-01 12:32:30,2138,5999
2026-09-01 12:33:30,1596,6002
2026-09-01 12:34:30,1555,6003
2026-09-01 12:35:30,1499,6003
2026-09-01 12:36:31,1458,5803
2026-09-01 12:37:30,1523,6003
2026-09-01 12:38:30,1905,6002
2026-09-01 12:39:30,1594,6003
2026-09-01 12:40:30,1486,6002
2026-09-01 12:41:30,1422,5800
2026-09-01 12:42:31,1470,6000
2026-09-01 12:43:30,1454,6002
2026-09-01 12:44:30,1401,6001
2026-09-01 12:45:30,1577,6001
2026-09-01 12:46:30,1301,5903
2026-09-01 12:47:30,1671,6002
2026-09-01 12:48:30,1319,6003
2026-09-01 12:49:30,1308,6002
2026-09-01 12:50:30,1468,6002
2026-09-01 12:51:30,1315,5999
2026-09-01 12:52:30,1409,5995
2026-09-01 12:53:31,1211,6001
2026-09-01 12:54:30,1234,6003
2026-09-01 12:55:30,1859,6001
2026-09-01 12:56:30,1745,5902
2026-09-01 12:57:30,1165,6002
2026-09-01 12:58:30,1021,6004
2026-09-01 12:59:31,628,6001
2026-09-01 13:00:30,638,5999
2026-09-01 13:01:30,599,5903
2026-09-01 13:02:30,620,6000
2026-09-01 13:03:30,631,6003
2026-09-01 13:04:30,679,6002
2026-09-01 13:05:31,758,5996
2026-09-01 13:06:30,798,5804
2026-09-01 13:07:30,786,6004
2026-09-01 13:08:30,685,6002
2026-09-01 13:09:30,677,5903
2026-09-01 13:10:30,714,6002
2026-09-01 13:11:31,763,5802
2026-09-01 13:12:30,763,6002
2026-09-01 13:13:30,785,6003
2026-09-01 13:14:30,764,6000
2026-09-01 13:15:30,793,6000
2026-09-01 13:16:31,737,5801
2026-09-01 13:17:30,749,6001
2026-09-01 13:18:30,726,6001
2026-09-01 13:19:30,1843,5999
2026-09-01 13:20:30,2983,5997
2026-09-01 13:21:30,2885,5896
2026-09-01 13:22:30,3021,5997
2026-09-01 13:23:30,2867,5987
2026-09-01 13:24:30,2864,5999
2026-09-01 13:25:30,1435,5903
2026-09-01 13:26:30,676,5896
2026-09-01 13:27:31,706,5999
2026-09-01 13:28:30,732,6003
2026-09-01 13:29:30,1516,6002
2026-09-01 13:30:30,1426,5800
2026-09-01 13:31:30,1343,6002
2026-09-01 13:32:30,1225,5998
2026-09-01 13:33:31,843,6002
2026-09-01 13:34:30,697,6004
2026-09-01 13:35:30,704,5898
2026-09-01 13:36:30,783,6005
2026-09-01 13:37:30,2839,5999
2026-09-01 13:38:30,2804,6000
2026-09-01 13:39:31,2821,6000
2026-09-01 13:40:30,2796,5901
2026-09-01 13:41:30,2895,5901
2026-09-01 13:42:30,2824,6001
2026-09-01 13:43:30,2104,5998
2026-09-01 13:44:30,697,6005
2026-09-01 13:45:30,722,5905
2026-09-01 13:46:31,2794,5999
2026-09-01 13:47:30,2865,5999
2026-09-01 13:48:30,2847,5991
2026-09-01 13:49:30,1323,6000
2026-09-01 13:50:30,749,5902
2026-09-01 13:51:31,1441,6001
2026-09-01 13:52:30,2825,5999
2026-09-01 13:53:30,2719,6001
2026-09-01 13:54:30,2726,5999
2026-09-01 13:55:30,2524,5800
2026-09-01 13:56:30,1991,6002
2026-09-01 13:57:30,565,6005
2026-09-01 13:58:31,606,6005
2026-09-01 13:59:30,673,6005
2026-09-01 14:00:30,586,5803
2026-09-01 14:01:30,2422,5995
2026-09-01 14:02:30,3174,5693
2026-09-01 14:03:30,1398,5998
2026-09-01 14:04:31,1078,5999
2026-09-01 14:05:30,766,5801
2026-09-01 14:06:30,629,6001
2026-09-01 14:07:30,641,5905
2026-09-01 14:08:30,682,6005
2026-09-01 14:09:31,695,6003
2026-09-01 14:10:30,602,6005
2026-09-01 14:11:30,605,6005
2026-09-01 14:12:30,638,6005
2026-09-01 14:13:30,622,6004
2026-09-01 14:14:30,608,6005
2026-09-01 14:15:30,620,5905
2026-09-01 14:16:30,613,6005
2026-09-01 14:17:30,667,5998
2026-09-01 14:18:30,653,6002
2026-09-01 14:19:30,674,6002
2026-09-01 14:20:30,724,5902
2026-09-01 14:21:30,736,6005
2026-09-01 14:22:30,612,6006
2026-09-01 14:23:30,593,6005
2026-09-01 14:24:30,591,6006
2026-09-01 14:25:30,570,6005
2026-09-01 14:26:31,552,6005
2026-09-01 14:27:30,510,6006
2026-09-01 14:28:30,500,6006
2026-09-01 14:29:30,500,6005
2026-09-01 14:30:30,485,5804
2026-09-01 14:31:30,499,6003
2026-09-01 14:32:31,750,6000
2026-09-01 14:33:30,1237,6001
2026-09-01 14:34:30,1126,6001
2026-09-01 14:35:30,954,5801
2026-09-01 14:36:30,683,6004
2026-09-01 14:37:30,500,6005
2026-09-01 14:38:31,494,6004
2026-09-01 14:39:30,495,6007
2026-09-01 14:40:30,445,5807
2026-09-01 14:41:30,460,6007
2026-09-01 14:42:30,462,6005
2026-09-01 14:43:30,458,6005
2026-09-01 14:44:30,458,6004
2026-09-01 14:45:30,454,5905
2026-09-01 14:46:30,458,6002
2026-09-01 14:47:30,457,6001
2026-09-01 14:48:30,456,6005
2026-09-01 14:49:30,458,6005
2026-09-01 14:50:30,452,5899
2026-09-01 14:51:31,460,6007
2026-09-01 14:52:30,457,6002
2026-09-01 14:53:30,461,5998
2026-09-01 14:54:30,456,6004
2026-09-01 14:55:30,435,5801
2026-09-01 14:56:30,448,6001
2026-09-01 14:57:30,447,6004
2026-09-01 14:58:31,452,5999
2026-09-01 14:59:30,476,6003
2026-09-01 15:00:30,488,5805
2026-09-01 15:01:30,510,6000
2026-09-01 15:02:30,1139,5997
2026-09-01 15:03:30,1240,5995
2026-09-01 15:04:31,1089,5997
2026-09-01 15:05:30,968,5800
2026-09-01 15:06:30,565,6003
2026-09-01 15:07:30,512,6004
2026-09-01 15:08:30,508,6002
2026-09-01 15:09:30,510,5997
2026-09-01 15:10:30,508,5904
2026-09-01 15:11:30,505,6004
2026-09-01 15:12:30,509,5999
2026-09-01 15:13:30,511,6005
2026-09-01 15:14:30,526,6002
2026-09-01 15:15:30,515,5803
2026-09-01 15:16:31,523,6002
2026-09-01 15:17:30,516,6001
2026-09-01 15:18:30,512,6001
2026-09-01 15:19:30,510,6000
2026-09-01 15:20:30,497,5801
2026-09-01 15:21:30,514,6001
2026-09-01 15:22:31,506,6001
2026-09-01 15:23:30,502,6005
2026-09-01 15:24:30,504,6003
2026-09-01 15:25:30,496,5895
2026-09-01 15:26:30,503,6001
2026-09-01 15:27:30,505,6004
2026-09-01 15:28:31,502,6003
2026-09-01 15:29:30,843,5995
2026-09-01 15:30:30,1192,5883
2026-09-01 15:31:30,1402,5965
2026-09-01 15:32:30,1306,5942
2026-09-01 15:33:30,1294,5929
2026-09-01 15:34:30,931,5916
2026-09-01 15:35:31,788,5706
2026-09-01 15:36:30,785,5887
2026-09-01 15:37:30,787,5862
2026-09-01 15:38:30,805,5837
2026-09-01 15:39:30,875,5818
2026-09-01 15:40:30,992,5606
2026-09-01 15:41:31,1106,5785
2026-09-01 15:42:30,1205,5765
2026-09-01 15:43:30,1368,5747
2026-09-01 15:44:30,1481,5728
2026-09-01 15:45:30,1358,5526
2026-09-01 15:46:30,1450,5695
2026-09-01 15:47:31,1459,5679
2026-09-01 15:48:30,1428,5669
2026-09-01 15:49:30,1430,5660
2026-09-01 15:50:30,1486,5454
2026-09-01 15:51:30,1530,5629
2026-09-01 15:52:30,1431,5606
2026-09-01 15:53:30,1493,5584
2026-09-01 15:54:30,2175,5560
2026-09-01 15:55:30,2158,5359
2026-09-01 15:56:30,1960,5527
2026-09-01 15:57:30,1705,5506
2026-09-01 15:58:31,1258,5488
2026-09-01 15:59:30,1228,5471
2026-09-01 16:00:30,1210,5362
2026-09-01 16:01:30,1223,5439
2026-09-01 16:02:30,1234,5419
2026-09-01 16:03:30,1233,5392
2026-09-01 16:04:31,1239,5359
2026-09-01 16:05:30,1231,5248
2026-09-01 16:06:30,1249,5319
2026-09-01 16:07:30,1247,5299
2026-09-01 16:08:30,1255,5270
2026-09-01 16:09:30,1255,5255
2026-09-01 16:10:30,1234,5065
2026-09-01 16:11:31,1213,5207
2026-09-01 16:12:30,1237,5176
2026-09-01 16:13:30,1246,5155
2026-09-01 16:14:30,1339,5146
2026-09-01 16:15:30,1571,5042
2026-09-01 16:16:31,2182,5104
2026-09-01 16:17:30,2582,5092
2026-09-01 16:18:30,2524,5079
2026-09-01 16:19:30,2383,5071
2026-09-01 16:20:30,2117,4972
2026-09-01 16:21:30,1839,5035
2026-09-01 16:22:31,1813,5010
2026-09-01 16:23:30,1810,4976
2026-09-01 16:24:30,3168,4859
2026-09-01 16:25:30,3400,4830
2026-09-01 16:26:30,3660,4888
2026-09-01 16:27:30,3713,4856
2026-09-01 16:28:30,3823,4822
2026-09-01 16:29:31,2753,4714
2026-09-01 16:30:30,1753,4692
2026-09-01 16:31:30,1460,4750
2026-09-01 16:32:30,1402,4706
2026-09-01 16:33:30,1324,4705
2026-09-01 16:34:30,1359,4613
2026-09-01 16:35:31,1270,4583
2026-09-01 16:36:30,1295,4644
2026-09-01 16:37:30,1390,4620
2026-09-01 16:38:30,1427,4598
2026-09-01 16:39:30,1993,4452
2026-09-01 16:40:30,2258,4449
2026-09-01 16:41:31,2147,4513
2026-09-01 16:42:30,1913,4486
2026-09-01 16:43:30,1590,4460
2026-09-01 16:44:30,1547,4433
2026-09-01 16:45:30,1538,4335
2026-09-01 16:46:30,1444,4381
2026-09-01 16:47:30,1487,4352
2026-09-01 16:48:31,1487,4339
2026-09-01 16:49:30,1490,4326
2026-09-01 16:50:30,1473,4231
2026-09-01 16:51:30,1496,4272
2026-09-01 16:52:30,1498,4245
2026-09-01 16:53:30,1496,4213
2026-09-01 16:54:31,1457,4113
2026-09-01 16:55:30,1464,4081
2026-09-01 16:56:30,1478,4123
2026-09-01 16:57:30,1499,4099
2026-09-01 16:58:30,2213,4059
2026-09-01 16:59:31,2291,3899
2026-09-01 17:00:30,2222,4001
2026-09-01 17:01:30,2004,3965
2026-09-01 17:02:30,1625,3939
2026-09-01 17:03:30,1502,3920
2026-09-01 17:04:30,1498,3763
2026-09-01 17:05:30,1498,3858
2026-09-01 17:06:31,1547,3832
2026-09-01 17:07:30,1543,3808
2026-09-01 17:08:30,1439,3778
2026-09-01 17:09:30,1391,3626
2026-09-01 17:10:30,1438,3724
2026-09-01 17:11:30,1445,3697
2026-09-01 17:12:30,1451,3672
2026-09-01 17:13:30,1447,3640
2026-09-01 17:14:30,1415,3485
2026-09-01 17:15:31,1478,3511
2026-09-01 17:16:30,2204,3533
2026-09-01 17:17:30,2290,3499
2026-09-01 17:18:30,2045,3527
2026-09-01 17:19:30,1967,3322
2026-09-01 17:20:31,1877,3410
2026-09-01 17:21:30,1610,3381
2026-09-01 17:22:30,1592,3347
2026-09-01 17:23:30,1586,3311
2026-09-01 17:24:30,1583,3171
2026-09-01 17:25:30,1578,3247
2026-09-01 17:26:31,1466,3221
2026-09-01 17:27:30,1409,3204
2026-09-01 17:28:30,1285,3176
2026-09-01 17:29:30,1232,3032
2026-09-01 17:30:30,1285,3103
2026-09-01 17:31:30,1511,3068
2026-09-01 17:32:31,1515,3031
2026-09-01 17:33:30,1442,3002
2026-09-01 17:34:30,1423,2917
2026-09-01 17:35:30,1515,2933
2026-09-01 17:36:30,1399,2907
2026-09-01 17:37:30,1427,2884
2026-09-01 17:38:30,1466,2859
2026-09-01 17:39:31,1522,2735
2026-09-01 17:40:30,1556,2809
2026-09-01 17:41:30,1567,2785
2026-09-01 17:42:30,1576,2761
2026-09-01 17:43:30,1440,2735
2026-09-01 17:44:30,1327,2621
2026-09-01 17:45:31,1247,2675
2026-09-01 17:46:30,1234,2639
2026-09-01 17:47:30,1299,2607
2026-09-01 17:48:30,1385,2578
2026-09-01 17:49:30,1427,2460
2026-09-01 17:50:30,1519,2516
2026-09-01 17:51:31,1432,2482
2026-09-01 17:52:30,1394,2447
2026-09-01 17:53:30,1378,2416
2026-09-01 17:54:30,1261,2346
2026-09-01 17:55:30,1346,2350
2026-09-01 17:56:30,1262,2323
2026-09-01 17:57:30,1382,2287
2026-09-01 17:58:31,1511,2258
2026-09-01 17:59:30,1480,2189
2026-09-01 18:00:30,1494,2198
2026-09-01 18:01:30,1502,2172
2026-09-01 18:02:30,1456,2146
2026-09-01 18:03:30,1339,2116
2026-09-01 18:04:31,1402,2013
2026-09-01 18:05:30,1324,2031
2026-09-01 18:06:30,1285,1999
2026-09-01 18:07:30,1374,1957
2026-09-01 18:08:30,1358,1951
2026-09-01 18:09:30,1069,1856
2026-09-01 18:10:30,821,1862
2026-09-01 18:11:31,787,1806
2026-09-01 18:12:30,783,1748
2026-09-01 18:13:30,784,1724
2026-09-01 18:14:30,828,1617
2026-09-01 18:15:30,923,1662
2026-09-01 18:16:30,855,1598
2026-09-01 18:17:31,269,1588
2026-09-01 18:18:30,286,1559
2026-09-01 18:19:30,359,1463
2026-09-01 18:20:30,250,1451
2026-09-01 18:21:30,325,1505
2026-09-01 18:22:30,327,1483
2026-09-01 18:23:30,284,1386
2026-09-01 18:24:31,319,1285
2026-09-01 18:25:30,348,1304
2026-09-01 18:26:30,483,1201
2026-09-01 18:27:30,513,989
2026-09-01 18:28:30,487,976
2026-09-01 18:29:30,449,1043
2026-09-01 18:30:30,412,1138
2026-09-01 18:31:31,317,1154
2026-09-01 18:32:30,311,1010
2026-09-01 18:33:30,272,860
2026-09-01 18:34:30,293,793
2026-09-01 18:35:30,302,827
2026-09-01 18:36:30,283,958
2026-09-01 18:37:30,292,974
2026-09-01 18:38:30,298,1001
2026-09-01 18:39:30,338,1030
2026-09-01 18:40:30,346,1043
2026-09-01 18:41:30,265,1012
2026-09-01 18:42:30,239,999
2026-09-01 18:43:30,229,1002
2026-09-01 18:44:30,188,964
2026-09-01 18:45:31,267,936
2026-09-01 18:46:30,305,835
2026-09-01 18:47:30,154,770
2026-09-01 18:48:30,181,811
2026-09-01 18:49:30,153,818
2026-09-01 18:50:30,181,806
2026-09-01 18:51:30,154,751
2026-09-01 18:52:30,151,669
2026-09-01 18:53:30,305,611
2026-09-01 18:54:30,357,551
2026-09-01 18:55:30,301,543
2026-09-01 18:56:30,187,600
2026-09-01 18:57:31,208,575
2026-09-01 18:58:30,278,554
2026-09-01 18:59:30,297,499
2026-09-01 19:00:30,235,460
2026-09-01 19:01:30,186,435
2026-09-01 19:02:30,207,405
2026-09-01 19:03:30,208,375
2026-09-01 19:04:30,669,352
2026-09-01 19:05:31,787,346
2026-09-01 19:06:30,793,331
2026-09-01 19:07:30,721,294
2026-09-01 19:08:30,691,280
2026-09-01 19:09:30,704,278
2026-09-01 19:10:30,694,287
2026-09-01 19:11:31,722,289
2026-09-01 19:12:30,767,294
2026-09-01 19:13:30,834,296
2026-09-01 19:14:30,808,276
2026-09-01 19:15:30,833,265
2026-09-01 19:16:31,848,260
2026-09-01 19:17:30,841,253
2026-09-01 19:18:30,897,249
2026-09-01 19:19:30,917,239
2026-09-01 19:20:30,821,232
2026-09-01 19:21:30,733,214
2026-09-01 19:22:30,1083,200
2026-09-01 19:23:31,1117,191
2026-09-01 19:24:30,1103,176
2026-09-01 19:25:30,1123,170
2026-09-01 19:26:30,1094,162
2026-09-01 19:27:30,1108,154
2026-09-01 19:28:30,1182,150
2026-09-01 19:29:31,1111,142
2026-09-01 19:30:30,1097,139
2026-09-01 19:31:30,1101,133
2026-09-01 19:32:30,1088,126
2026-09-01 19:33:30,1200,124
2026-09-01 19:34:30,1192,118
2026-09-01 19:35:30,1111,115
2026-09-01 19:36:31,1061,109
2026-09-01 19:37:30,1040,103
2026-09-01 19:38:30,1012,103
2026-09-01 19:39:30,979,97
2026-09-01 19:40:30,969,95
2026-09-01 19:41:30,974,92
2026-09-01 19:42:31,991,86
2026-09-01 19:43:30,1009,83
2026-09-01 19:44:30,998,77
2026-09-01 19:45:30,1037,73
2026-09-01 19:46:30,1034,69
2026-09-01 19:47:30,1016,62
2026-09-01 19:48:31,1031,59
2026-09-01 19:49:30,1015,55
2026-09-01 19:50:30,1032,50
2026-09-01 19:51:30,1030,47
2026-09-01 19:52:30,1013,43
2026-09-01 19:53:30,1031,38
2026-09-01 19:54:31,1012,34
2026-09-01 19:55:30,1810,33
2026-09-01 19:56:30,2472,31
2026-09-01 19:57:30,2252,28
2026-09-01 19:58:30,1637,23
2026-09-01 19:59:30,1796,19
2026-09-01 20:00:31,2047,16
2026-09-01 20:01:30,1304,13
2026-09-01 20:02:30,1918,9
2026-09-01 20:03:30,1469,7
2026-09-01 20:04:30,1350,4
2026-09-01 20:05:30,1721,1
2026-09-01 20:06:31,929,0
2026-09-01 20:07:30,1828,0
2026-09-01 20:08:30,1055,1
2026-09-01 20:09:30,1654,0
2026-09-01 20:10:30,1349,0
2026-09-01 20:11:30,1337,0
2026-09-01 20:12:31,1787,0
2026-09-01 20:13:30,979,0
2026-09-01 20:14:30,2042,0
2026-09-01 20:15:30,1014,0
2026-09-01 20:16:30,1654,1
2026-09-01 20:17:30,2391,1
2026-09-01 20:18:31,1429,0
2026-09-01 20:19:30,2206,0
2026-09-01 20:20:30,1504,0
2026-09-01 20:21:30,2383,0
2026-09-01 20:22:30,1688,0
2026-09-01 20:23:30,2314,0
2026-09-01 20:24:31,2138,0
2026-09-01 20:25:30,2872,0
2026-09-01 20:26:30,2359,0
2026-09-01 20:27:30,2358,0
2026-09-01 20:28:30,2355,0
2026-09-01 20:29:30,2147,0
2026-09-01 20:30:31,2749,0
2026-09-01 20:31:30,1857,0
2026-09-01 20:32:30,2584,0
2026-09-01 20:33:30,2260,0
2026-09-01 20:34:30,1843,0
2026-09-01 20:35:30,1619,0
2026-09-01 20:36:31,2786,0
2026-09-01 20:37:30,1592,0
2026-09-01 20:38:30,2473,0
2026-09-01 20:39:30,1538,0
2026-09-01 20:40:30,2465,0
2026-09-01 20:41:30,1566,0
2026-09-01 20:42:31,2431,0
2026-09-01 20:43:30,1577,0
2026-09-01 20:44:30,2388,0
2026-09-01 20:45:30,1575,0
2026-09-01 20:46:30,2635,0
2026-09-01 20:47:31,1882,0
2026-09-01 20:48:30,2539,0
2026-09-01 20:49:30,2128,0
2026-09-01 20:50:30,2435,0
2026-09-01 20:51:30,1849,0
2026-09-01 20:52:31,2573,0
2026-09-01 20:53:30,1554,0
2026-09-01 20:54:30,2168,0
2026-09-01 20:55:30,1536,0
2026-09-01 20:56:30,1565,0
2026-09-01 20:57:30,3498,1
2026-09-01 20:58:31,3857,1
2026-09-01 20:59:30,3732,1
2026-09-01 21:00:30,3512,0
2026-09-01 21:01:30,3504,1
2026-09-01 21:02:30,3526,1
2026-09-01 21:03:30,3517,1
2026-09-01 21:04:31,3415,0
2026-09-01 21:05:30,3451,1
2026-09-01 21:06:30,3434,0
2026-09-01 21:07:30,3368,1
2026-09-01 21:08:30,2638,0
2026-09-01 21:09:30,1159,0
2026-09-01 21:10:30,1181,0
2026-09-01 21:11:31,2780,0
2026-09-01 21:12:30,3385,1
2026-09-01 21:13:30,2140,0
2026-09-01 21:14:30,1168,0
2026-09-01 21:15:30,1189,0
2026-09-01 21:16:30,2414,0
2026-09-01 21:17:31,2878,0
2026-09-01 21:18:30,4483,3
2026-09-01 21:19:30,2998,0
2026-09-01 21:20:30,2474,0
2026-09-01 21:21:30,2499,0
2026-09-01 21:22:30,1209,0
2026-09-01 21:23:31,2857,1
2026-09-01 21:24:30,1927,0
2026-09-01 21:25:30,1416,0
2026-09-01 21:26:30,3389,0
2026-09-01 21:27:30,1313,0
2026-09-01 21:28:31,1166,0
2026-09-01 21:29:30,1191,0
2026-09-01 21:30:30,1202,0
2026-09-01 21:31:30,1235,0
2026-09-01 21:32:30,1286,0
2026-09-01 21:33:30,1279,0
2026-09-01 21:34:31,1177,0
2026-09-01 21:35:30,1201,0
2026-09-01 21:36:30,1197,0
2026-09-01 21:37:30,1258,0
2026-09-01 21:38:30,1243,0
2026-09-01 21:39:30,1160,0
2026-09-01 21:40:30,1174,0
2026-09-01 21:41:30,1163,0
2026-09-01 21:42:30,632,0
2026-09-01 21:43:30,596,0
2026-09-01 21:44:30,576,0
2026-09-01 21:45:30,583,0
2026-09-01 21:46:30,586,0
2026-09-01 21:47:31,570,0
2026-09-01 21:48:30,570,0
2026-09-01 21:49:30,628,0
2026-09-01 21:50:30,652,0
2026-09-01 21:51:30,642,0
2026-09-01 21:52:31,628,0
2026-09-01 21:53:30,563,0
2026-09-01 21:54:30,619,0
2026-09-01 21:55:30,622,0
2026-09-01 21:56:30,618,0
2026-09-01 21:57:30,587,0
2026-09-01 21:58:31,600,0
2026-09-01 21:59:30,571,0
2026-09-01 22:00:30,451,0
2026-09-01 22:01:30,568,0
2026-09-01 22:02:30,592,0
2026-09-01 22:03:30,601,0
2026-09-01 22:04:31,592,0
2026-09-01 22:05:30,601,0
2026-09-01 22:06:30,587,0
2026-09-01 22:07:30,545,0
2026-09-01 22:08:30,451,0
2026-09-01 22:09:30,571,0
2026-09-01 22:10:31,598,0
2026-09-01 22:11:30,598,0
2026-09-01 22:12:30,588,0
2026-09-01 22:13:30,598,0
2026-09-01 22:14:30,588,0
2026-09-01 22:15:30,526,0
2026-09-01 22:16:30,451,0
2026-09-01 22:17:30,587,0
2026-09-01 22:18:30,596,0
2026-09-01 22:19:30,585,0
2026-09-01 22:20:30,592,0
2026-09-01 22:21:30,593,0
2026-09-01 22:22:30,593,0
2026-09-01 22:23:31,508,0
2026-09-01 22:24:30,439,0
2026-09-01 22:25:30,590,0
2026-09-01 22:26:30,590,0
2026-09-01 22:27:30,592,0
2026-09-01 22:28:30,592,0
2026-09-01 22:29:31,583,0
2026-09-01 22:30:30,592,0
2026-09-01 22:31:30,499,0
2026-09-01 22:32:30,427,0
2026-09-01 22:33:30,560,0
2026-09-01 22:34:30,548,0
2026-09-01 22:35:31,557,0
2026-09-01 22:36:30,577,0
2026-09-01 22:37:30,568,0
2026-09-01 22:38:30,580,0
2026-09-01 22:39:30,472,0
2026-09-01 22:40:30,467,0
2026-09-01 22:41:31,595,0
2026-09-01 22:42:30,1576,0
2026-09-01 22:43:30,1989,0
2026-09-01 22:44:30,1953,0
2026-09-01 22:45:30,1987,0
2026-09-01 22:46:30,1990,0
2026-09-01 22:47:31,1844,0
2026-09-01 22:48:30,1069,0
2026-09-01 22:49:30,683,0
2026-09-01 22:50:30,1985,0
2026-09-01 22:51:30,1984,0
2026-09-01 22:52:30,661,0
2026-09-01 22:53:31,591,0
2026-09-01 22:54:30,934,0
2026-09-01 22:55:30,1525,0
2026-09-01 22:56:30,1538,0
2026-09-01 22:57:30,1618,0
2026-09-01 22:58:30,1641,0
2026-09-01 22:59:31,730,0
2026-09-01 23:00:30,1403,0
2026-09-01 23:01:30,1642,0
2026-09-01 23:02:30,1613,0
2026-09-01 23:03:30,1485,0
2026-09-01 23:04:30,1495,0
2026-09-01 23:05:31,549,0
2026-09-01 23:06:30,1581,0
2026-09-01 23:07:30,639,0
2026-09-01 23:08:30,580,0
2026-09-01 23:09:30,590,0
2026-09-01 23:10:31,592,0
2026-09-01 23:11:30,538,0
2026-09-01 23:12:30,445,0
2026-09-01 23:13:30,562,0
2026-09-01 23:14:30,567,0
2026-09-01 23:15:30,675,0
2026-09-01 23:16:31,689,0
2026-09-01 23:17:30,559,0
2026-09-01 23:18:30,560,0
2026-09-01 23:19:30,466,0
2026-09-01 23:20:30,436,0
2026-09-01 23:21:30,571,0
2026-09-01 23:22:31,604,0
2026-09-01 23:23:30,637,0
2026-09-01 23:24:30,647,0
2026-09-01 23:25:30,563,0
2026-09-01 23:26:30,551,0
2026-09-01 23:27:30,398,0
2026-09-01 23:28:31,352,0
2026-09-01 23:29:30,437,0
2026-09-01 23:30:30,502,0
2026-09-01 23:31:30,502,0
2026-09-01 23:32:30,495,0
2026-09-01 23:33:30,495,0
2026-09-01 23:34:31,504,0
2026-09-01 23:35:30,456,0
2026-09-01 23:36:30,357,0
2026-09-01 23:37:30,371,0
2026-09-01 23:38:30,452,0
2026-09-01 23:39:30,422,0
2026-09-01 23:40:31,422,0
2026-09-01 23:41:30,449,0
2026-09-01 23:42:30,460,0
2026-09-01 23:43:30,477,0
2026-09-01 23:44:30,365,0
2026-09-01 23:45:30,354,0
2026-09-01 23:46:31,470,0
2026-09-01 23:47:30,473,0
2026-09-01 23:48:30,459,0
2026-09-01 23:49:30,457,0
2026-09-01 23:50:30,464,0
2026-09-01 23:51:30,518,0
2026-09-01 23:52:31,493,0
2026-09-01 23:53:30,374,0
2026-09-01 23:54:30,381,0
2026-09-01 23:55:30,470,0
2026-09-01 23:56:30,472,0
2026-09-01 23:57:30,463,0
2026-09-01 23:58:31,463,0
2026-09-01 23:59:30,470,0
2026-09-02 00:00:30,442,0
2026-09-02 00:01:30,328,0
2026-09-02 00:02:30,323,0
2026-09-02 00:03:30,460,0
2026-09-02 00:04:31,468,0
2026-09-02 00:05:30,467,0
2026-09-02 00:06:30,467,0
2026-09-02 00:07:30,486,0
2026-09-02 00:08:30,458,0
2026-09-02 00:09:30,354,0
2026-09-02 00:10:30,323,0
2026-09-02 00:11:31,416,0
2026-09-02 00:12:30,466,0
2026-09-02 00:13:30,457,0
2026-09-02 00:14:30,465,0
2026-09-02 00:15:30,464,0
2026-09-02 00:16:30,470,0
2026-09-02 00:17:31,401,0
2026-09-02 00:18:30,313,0
2026-09-02 00:19:30,355,0
2026-09-02 00:20:30,462,0
2026-09-02 00:21:30,460,0
2026-09-02 00:22:31,452,0
2026-09-02 00:23:30,451,0
2026-09-02 00:24:30,460,0
2026-09-02 00:25:30,555,0
2026-09-02 00:26:30,439,0
2026-09-02 00:27:31,312,0
2026-09-02 00:28:30,441,0
2026-09-02 00:29:30,459,0
2026-09-02 00:30:30,456,0
2026-09-02 00:31:30,440,0
2026-09-02 00:32:30,453,0
2026-09-02 00:33:30,425,0
2026-09-02 00:34:31,334,0
2026-09-02 00:35:30,286,0
2026-09-02 00:36:30,360,0
2026-09-02 00:37:30,423,0
2026-09-02 00:38:30,422,0
2026-09-02 00:39:30,430,0
2026-09-02 00:40:31,532,0
2026-09-02 00:41:30,547,0
2026-09-02 00:42:30,385,0
2026-09-02 00:43:30,281,0
2026-09-02 00:44:30,284,0
2026-09-02 00:45:30,408,0
2026-09-02 00:46:30,428,0
2026-09-02 00:47:31,428,0
2026-09-02 00:48:30,421,0
2026-09-02 00:49:30,430,0
2026-09-02 00:50:30,427,0
2026-09-02 00:51:30,318,0
2026-09-02 00:52:30,284,0
2026-09-02 00:53:31,300,0
2026-09-02 00:54:30,427,0
2026-09-02 00:55:30,424,0
2026-09-02 00:56:30,424,0
2026-09-02 00:57:30,423,0
2026-09-02 00:58:30,418,0
2026-09-02 00:59:31,420,0
2026-09-02 01:00:30,289,0
2026-09-02 01:01:30,283,0
2026-09-02 01:02:30,347,0
2026-09-02 01:03:30,416,0
2026-09-02 01:04:31,423,0
2026-09-02 01:05:30,425,0
2026-09-02 01:06:30,428,0
2026-09-02 01:07:30,419,0
2026-09-02 01:08:30,377,0
2026-09-02 01:09:30,282,0
2026-09-02 01:10:31,283,0
2026-09-02 01:11:30,399,0
2026-09-02 01:12:30,416,0
2026-09-02 01:13:30,418,0
2026-09-02 01:14:31,425,0
2026-09-02 01:15:30,426,0
2026-09-02 01:16:30,425,0
2026-09-02 01:17:30,329,0
2026-09-02 01:18:30,277,0
2026-09-02 01:19:30,301,0
2026-09-02 01:20:30,425,0
2026-09-02 01:21:30,421,0
2026-09-02 01:22:30,415,0
2026-09-02 01:23:30,415,0
2026-09-02 01:24:30,422,0
2026-09-02 01:25:31,421,0
2026-09-02 01:26:30,290,0
2026-09-02 01:27:30,272,0
2026-09-02 01:28:30,337,0
2026-09-02 01:29:30,418,0
2026-09-02 01:30:30,416,0
2026-09-02 01:31:30,418,0
2026-09-02 01:32:30,410,0
2026-09-02 01:33:30,410,0
2026-09-02 01:34:30,376,0
2026-09-02 01:35:30,276,0
2026-09-02 01:36:31,275,0
2026-09-02 01:37:30,385,0
2026-09-02 01:38:30,406,0
2026-09-02 01:39:30,415,0
2026-09-02 01:40:30,415,0
2026-09-02 01:41:30,414,0
2026-09-02 01:42:31,410,0
2026-09-02 01:43:30,259,0
2026-09-02 01:44:30,185,0
2026-09-02 01:45:30,184,0
2026-09-02 01:46:30,182,0
2026-09-02 01:47:30,184,0
2026-09-02 01:48:31,231,0
2026-09-02 01:49:30,459,0
2026-09-02 01:50:30,411,0
2026-09-02 01:51:30,388,0
2026-09-02 01:52:30,388,0
2026-09-02 01:53:30,383,0
2026-09-02 01:54:31,364,0
2026-09-02 01:55:30,256,0
2026-09-02 01:56:30,272,0
2026-09-02 01:57:30,352,0
2026-09-02 01:58:30,346,0
2026-09-02 01:59:30,353,0
2026-09-02 02:00:31,356,0
2026-09-02 02:01:30,302,0
2026-09-02 02:02:30,127,0
2026-09-02 02:03:30,129,0
2026-09-02 02:04:30,133,0
2026-09-02 02:05:30,133,0
2026-09-02 02:06:31,131,0
2026-09-02 02:07:30,336,0
2026-09-02 02:08:30,353,0
2026-09-02 02:09:30,354,0
2026-09-02 02:10:30,342,0
2026-09-02 02:11:31,338,0
2026-09-02 02:12:30,346,0
2026-09-02 02:13:30,251,0
2026-09-02 02:14:30,209,0
2026-09-02 02:15:30,308,0
2026-09-02 02:16:30,347,0
2026-09-02 02:17:31,344,0
2026-09-02 02:18:30,143,0
2026-09-02 02:19:30,132,0
2026-09-02 02:20:30,132,0
2026-09-02 02:21:30,133,0
2026-09-02 02:22:30,133,0
2026-09-02 02:23:31,143,0
2026-09-02 02:24:30,416,0
2026-09-02 02:25:30,360,0
2026-09-02 02:26:30,349,0
2026-09-02 02:27:30,341,0
2026-09-02 02:28:30,338,0
2026-09-02 02:29:31,346,0
2026-09-02 02:30:30,233,0
2026-09-02 02:31:30,211,0
2026-09-02 02:32:30,331,0
2026-09-02 02:33:30,341,0
2026-09-02 02:34:31,178,0
2026-09-02 02:35:30,131,0
2026-09-02 02:36:30,132,0
2026-09-02 02:37:30,161,0
2026-09-02 02:38:30,171,0
2026-09-02 02:39:30,185,0
2026-09-02 02:40:31,453,0
2026-09-02 02:41:30,400,0
2026-09-02 02:42:30,392,0
2026-09-02 02:43:30,376,0
2026-09-02 02:44:30,386,0
2026-09-02 02:45:30,386,0
2026-09-02 02:46:30,244,0
2026-09-02 02:47:30,175,0
2026-09-02 02:48:30,172,0
2026-09-02 02:49:30,175,0
2026-09-02 02:50:30,173,0
2026-09-02 02:51:30,170,0
2026-09-02 02:52:30,339,0
2026-09-02 02:53:30,392,0
2026-09-02 02:54:31,403,0
2026-09-02 02:55:30,391,0
2026-09-02 02:56:30,388,0
2026-09-02 02:57:30,397,0
2026-09-02 02:58:30,344,0
2026-09-02 02:59:30,259,0
2026-09-02 03:00:31,202,0
2026-09-02 03:01:30,182,0
2026-09-02 03:02:30,181,0
2026-09-02 03:03:30,179,0
2026-09-02 03:04:30,181,0
2026-09-02 03:05:30,182,0
2026-09-02 03:06:31,443,0
2026-09-02 03:07:30,404,0
2026-09-02 03:08:30,397,0
2026-09-02 03:09:30,395,0
2026-09-02 03:10:30,389,0
2026-09-02 03:11:31,383,0
2026-09-02 03:12:30,392,0
2026-09-02 03:13:30,269,0
2026-09-02 03:14:30,180,0
2026-09-02 03:15:30,179,0
2026-09-02 03:16:30,180,0
2026-09-02 03:17:31,180,0
2026-09-02 03:18:30,176,0
2026-09-02 03:19:30,179,0
2026-09-02 03:20:30,178,0
2026-09-02 03:21:30,386,0
2026-09-02 03:22:30,398,0
2026-09-02 03:23:31,390,0
2026-09-02 03:24:30,381,0
2026-09-02 03:25:30,376,0
2026-09-02 03:26:30,369,0
2026-09-02 03:27:30,343,0
2026-09-02 03:28:30,176,0
2026-09-02 03:29:31,179,0
2026-09-02 03:30:30,179,0
2026-09-02 03:31:30,176,0
2026-09-02 03:32:30,175,0
2026-09-02 03:33:30,178,0
2026-09-02 03:34:30,178,0
2026-09-02 03:35:31,414,0
2026-09-02 03:36:30,384,0
2026-09-02 03:37:30,386,0
2026-09-02 03:38:30,376,0
2026-09-02 03:39:30,375,0
2026-09-02 03:40:30,378,0
2026-09-02 03:41:31,319,0
2026-09-02 03:42:30,175,0
2026-09-02 03:43:30,178,0
2026-09-02 03:44:30,178,0
2026-09-02 03:45:30,178,0
2026-09-02 03:46:31,171,0
2026-09-02 03:47:30,170,0
2026-09-02 03:48:30,172,0
2026-09-02 03:49:30,359,0
2026-09-02 03:50:30,375,0
2026-09-02 03:51:30,370,0
2026-09-02 03:52:31,361,0
2026-09-02 03:53:30,321,0
2026-09-02 03:54:30,324,0
2026-09-02 03:55:30,322,0
2026-09-02 03:56:30,128,0
2026-09-02 03:57:30,127,0
2026-09-02 03:58:30,130,0
2026-09-02 03:59:31,130,0
2026-09-02 04:00:30,130,0
2026-09-02 04:01:30,128,0
2026-09-02 04:02:30,128,0
2026-09-02 04:03:30,130,0
2026-09-02 04:04:30,368,0
2026-09-02 04:05:31,338,0
2026-09-02 04:06:30,330,0
2026-09-02 04:07:30,316,0
2026-09-02 04:08:30,369,0
2026-09-02 04:09:30,370,0
2026-09-02 04:10:30,284,0
2026-09-02 04:11:31,180,0
2026-09-02 04:12:30,179,0
2026-09-02 04:13:30,182,0
2026-09-02 04:14:30,181,0
2026-09-02 04:15:30,181,0
2026-09-02 04:16:30,178,0
2026-09-02 04:17:30,178,0
2026-09-02 04:18:31,287,0
2026-09-02 04:19:30,521,0
2026-09-02 04:20:30,388,0
2026-09-02 04:21:30,425,0
2026-09-02 04:22:31,476,0
2026-09-02 04:23:30,484,0
2026-09-02 04:24:30,491,0
2026-09-02 04:25:30,445,0
2026-09-02 04:26:30,349,0
2026-09-02 04:27:30,394,0
2026-09-02 04:28:30,490,0
2026-09-02 04:29:31,501,0
2026-09-02 04:30:30,500,0
2026-09-02 04:31:30,490,0
2026-09-02 04:32:30,490,0
2026-09-02 04:33:30,469,0
2026-09-02 04:34:30,361,0
2026-09-02 04:35:31,401,0
2026-09-02 04:36:30,490,0
2026-09-02 04:37:30,487,0
2026-09-02 04:38:30,496,0
2026-09-02 04:39:30,486,0
2026-09-02 04:40:31,269,0
2026-09-02 04:41:30,244,0
2026-09-02 04:42:30,245,0
2026-09-02 04:43:30,249,0
2026-09-02 04:44:30,247,0
2026-09-02 04:45:30,237,0
2026-09-02 04:46:31,431,0
2026-09-02 04:47:30,437,0
2026-09-02 04:48:30,441,0
2026-09-02 04:49:30,437,0
2026-09-02 04:50:30,418,0
2026-09-02 04:51:30,427,0
2026-09-02 04:52:31,419,0
2026-09-02 04:53:30,260,0
2026-09-02 04:54:30,214,0
2026-09-02 04:55:30,358,0
2026-09-02 04:56:30,382,0
2026-09-02 04:57:30,382,0
2026-09-02 04:58:31,390,0
2026-09-02 04:59:30,393,0
2026-09-02 05:00:30,389,0
2026-09-02 05:01:30,306,0
2026-09-02 05:02:30,262,0
2026-09-02 05:03:30,187,0
2026-09-02 05:04:30,186,0
2026-09-02 05:05:31,182,0
2026-09-02 05:06:30,182,0
2026-09-02 05:07:30,185,0
2026-09-02 05:08:30,274,0
2026-09-02 05:09:30,489,0
2026-09-02 05:10:30,485,0
2026-09-02 05:11:31,479,0
2026-09-02 05:12:30,487,0
2026-09-02 05:13:30,481,0
2026-09-02 05:14:30,478,0
2026-09-02 05:15:30,472,0
2026-09-02 05:16:30,352,0
2026-09-02 05:17:31,358,0
2026-09-02 05:18:30,353,0
2026-09-02 05:19:30,192,0
2026-09-02 05:20:30,187,0
2026-09-02 05:21:30,184,0
2026-09-02 05:22:30,187,0
2026-09-02 05:23:30,186,0
2026-09-02 05:24:31,183,0
2026-09-02 05:25:30,148,0
2026-09-02 05:26:30,142,0
2026-09-02 05:27:30,144,0
2026-09-02 05:28:30,144,0
2026-09-02 05:29:30,142,0
2026-09-02 05:30:31,144,0
2026-09-02 05:31:30,142,0
2026-09-02 05:32:30,143,0
2026-09-02 05:33:30,144,0
2026-09-02 05:34:30,144,0
2026-09-02 05:35:30,143,0
2026-09-02 05:36:31,141,0
2026-09-02 05:37:30,144,0
2026-09-02 05:38:30,143,0
2026-09-02 05:39:30,143,0
2026-09-02 05:40:31,143,0
2026-09-02 05:41:30,141,0
2026-09-02 05:42:30,143,0
2026-09-02 05:43:30,181,0
2026-09-02 05:44:30,190,0
2026-09-02 05:45:30,193,0
2026-09-02 05:46:30,191,0
2026-09-02 05:47:31,193,0
2026-09-02 05:48:30,190,0
2026-09-02 05:49:30,193,0
2026-09-02 05:50:30,193,0
2026-09-02 05:51:30,190,0
2026-09-02 05:52:31,192,0
2026-09-02 05:53:30,189,0
2026-09-02 05:54:30,192,0
2026-09-02 05:55:30,191,0
2026-09-02 05:56:30,188,0
2026-09-02 05:57:30,191,0
2026-09-02 05:58:30,188,0
2026-09-02 05:59:31,188,0
2026-09-02 06:00:30,190,0
2026-09-02 06:01:30,190,0
2026-09-02 06:02:30,187,0
2026-09-02 06:03:30,183,0
2026-09-02 06:04:30,185,0
2026-09-02 06:05:31,185,0
2026-09-02 06:06:30,182,0
2026-09-02 06:07:30,185,0
2026-09-02 06:08:30,179,0
2026-09-02 06:09:30,184,0
2026-09-02 06:10:30,181,0
2026-09-02 06:11:30,184,0
2026-09-02 06:12:30,184,0
2026-09-02 06:13:30,159,0
2026-09-02 06:14:30,142,0
2026-09-02 06:15:30,139,0
2026-09-02 06:16:30,142,0
2026-09-02 06:17:30,142,0
2026-09-02 06:18:31,142,0
2026-09-02 06:19:30,148,0
2026-09-02 06:20:30,139,0
2026-09-02 06:21:30,145,0
2026-09-02 06:22:30,142,0
2026-09-02 06:23:30,142,0
2026-09-02 06:24:30,142,0
2026-09-02 06:25:30,139,0
2026-09-02 06:26:30,143,0
2026-09-02 06:27:30,263,0
2026-09-02 06:28:30,287,0
2026-09-02 06:29:31,211,0
2026-09-02 06:30:30,220,0
2026-09-02 06:31:30,467,0
2026-09-02 06:32:30,826,0
2026-09-02 06:33:30,865,0
2026-09-02 06:34:30,887,0
2026-09-02 06:35:30,293,0
2026-09-02 06:36:30,325,0
2026-09-02 06:37:30,575,0
2026-09-02 06:38:30,358,0
2026-09-02 06:39:30,284,0
2026-09-02 06:40:31,280,0
2026-09-02 06:41:30,463,0
2026-09-02 06:42:30,290,0
2026-09-02 06:43:30,284,0
2026-09-02 06:44:30,294,0
2026-09-02 06:45:30,323,0
2026-09-02 06:46:31,287,0
2026-09-02 06:47:30,287,0
2026-09-02 06:48:30,284,0
2026-09-02 06:49:30,302,0
2026-09-02 06:50:30,296,0
2026-09-02 06:51:30,278,1
2026-09-02 06:52:31,272,2
2026-09-02 06:53:30,269,4
2026-09-02 06:54:30,265,6
2026-09-02 06:55:30,265,8
2026-09-02 06:56:30,270,13
2026-09-02 06:57:30,270,15
2026-09-02 06:58:31,265,20
2026-09-02 06:59:30,349,26
2026-09-02 07:00:30,369,31
2026-09-02 07:01:30,369,37
2026-09-02 07:02:30,352,44
2026-09-02 07:03:30,310,50
2026-09-02 07:04:31,197,56
2026-09-02 07:05:30,218,62
2026-09-02 07:06:30,315,68
2026-09-02 07:07:30,269,78
2026-09-02 07:08:30,586,85
2026-09-02 07:09:30,1171,92
2026-09-02 07:10:31,1102,98
2026-09-02 07:11:30,1662,109
2026-09-02 07:12:30,599,117
2026-09-02 07:13:30,449,124
2026-09-02 07:14:30,370,136
2026-09-02 07:15:30,406,143
2026-09-02 07:16:30,327,155
2026-09-02 07:17:31,308,165
2026-09-02 07:18:30,278,173
2026-09-02 07:19:30,286,185
2026-09-02 07:20:30,273,191
2026-09-02 07:21:30,273,205
2026-09-02 07:22:30,272,214
2026-09-02 07:23:31,268,220
2026-09-02 07:24:30,277,236
2026-09-02 07:25:30,365,245
2026-09-02 07:26:30,394,263
2026-09-02 07:27:30,272,276
2026-09-02 07:28:30,271,296
2026-09-02 07:29:31,131,323
2026-09-02 07:30:30,115,347
2026-09-02 07:31:30,117,374
2026-09-02 07:32:30,151,395
2026-09-02 07:33:30,155,407
2026-09-02 07:34:30,159,431
2026-09-02 07:35:31,158,442
2026-09-02 07:36:30,163,471
2026-09-02 07:37:30,164,498
2026-09-02 07:38:30,171,522
2026-09-02 07:39:30,174,560
2026-09-02 07:40:30,170,576
2026-09-02 07:41:31,174,609
2026-09-02 07:42:30,173,630
2026-09-02 07:43:30,171,638
2026-09-02 07:44:30,175,671
2026-09-02 07:45:30,171,691
2026-09-02 07:46:30,174,739
2026-09-02 07:47:30,173,781
2026-09-02 07:48:31,170,826
2026-09-02 07:49:30,172,899
2026-09-02 07:50:30,169,940
2026-09-02 07:51:30,171,976
2026-09-02 07:52:30,170,976
2026-09-02 07:53:30,167,1001
2026-09-02 07:54:31,169,1030
2026-09-02 07:55:30,167,1003
2026-09-02 07:56:30,169,1007
2026-09-02 07:57:30,169,971
2026-09-02 07:58:30,166,842
2026-09-02 07:59:30,169,792
2026-09-02 08:00:31,163,873
2026-09-02 08:01:30,163,881
2026-09-02 08:02:30,156,761
2026-09-02 08:03:30,168,722
2026-09-02 08:04:30,172,759
2026-09-02 08:05:31,164,742
2026-09-02 08:06:30,169,797
2026-09-02 08:07:30,169,929
2026-09-02 08:08:30,169,1006
2026-09-02 08:09:30,168,1072
2026-09-02 08:10:30,165,1116
2026-09-02 08:11:30,167,1220
2026-09-02 08:12:30,167,1248
2026-09-02 08:13:30,164,1264
2026-09-02 08:14:30,167,1257
2026-09-02 08:15:30,164,1230
2026-09-02 08:16:31,167,1248
2026-09-02 08:17:30,167,1119
2026-09-02 08:18:30,164,1028
2026-09-02 08:19:30,166,1196
2026-09-02 08:20:30,163,1187
2026-09-02 08:21:30,166,1136
2026-09-02 08:22:30,166,1144
2026-09-02 08:23:30,163,1303
2026-09-02 08:24:30,166,1618
2026-09-02 08:25:30,162,1752
2026-09-02 08:26:30,172,1465
2026-09-02 08:27:30,170,1340
2026-09-02 08:28:30,163,1653
2026-09-02 08:29:31,165,2075
2026-09-02 08:30:30,163,2021
2026-09-02 08:31:30,166,2096
2026-09-02 08:32:30,166,2133
2026-09-02 08:33:30,163,2121
2026-09-02 08:34:30,166,2180
2026-09-02 08:35:31,163,2383
2026-09-02 08:36:30,323,2340
2026-09-02 08:37:30,386,2257
2026-09-02 08:38:30,377,1901
2026-09-02 08:39:31,375,2036
2026-09-02 08:40:30,166,2210
2026-09-02 08:41:30,169,2517
2026-09-02 08:42:30,169,2389
2026-09-02 08:43:30,169,2425
2026-09-02 08:44:30,188,2291
2026-09-02 08:45:30,207,2038
2026-09-02 08:46:31,235,2432
2026-09-02 08:47:30,289,2419
2026-09-02 08:48:30,287,2253
2026-09-02 08:49:30,290,1937
2026-09-02 08:50:30,289,1052
2026-09-02 08:51:31,260,1001
2026-09-02 08:52:30,1237,859
2026-09-02 08:53:30,2164,602
2026-09-02 08:54:30,2200,538
2026-09-02 08:55:30,2164,523
2026-09-02 08:56:30,2198,524
2026-09-02 08:57:31,2193,506
2026-09-02 08:58:30,1290,487
2026-09-02 08:59:30,275,502
2026-09-02 09:00:30,270,510
2026-09-02 09:01:30,270,560
2026-09-02 09:02:30,272,669
2026-09-02 09:03:31,264,861
2026-09-02 09:04:30,271,1132
2026-09-02 09:05:30,270,2234
2026-09-02 09:06:30,259,3079
2026-09-02 09:07:30,277,3260
2026-09-02 09:08:30,266,3281
2026-09-02 09:09:31,527,3415
2026-09-02 09:10:30,452,3404
2026-09-02 09:11:30,445,3531
2026-09-02 09:12:30,356,3578
2026-09-02 09:13:30,216,3520
2026-09-02 09:14:30,207,3607
2026-09-02 09:15:31,215,3581
2026-09-02 09:16:30,215,3464
2026-09-02 09:17:30,214,3665
2026-09-02 09:18:30,216,3760
2026-09-02 09:19:30,218,3842
2026-09-02 09:20:30,210,3781
2026-09-02 09:21:31,239,3800
2026-09-02 09:22:30,236,3796
2026-09-02 09:23:30,238,3734
2026-09-02 09:24:30,240,3127
2026-09-02 09:25:30,233,2740
2026-09-02 09:26:30,247,2831
2026-09-02 09:27:31,322,3257
2026-09-02 09:28:30,339,3260
2026-09-02 09:29:30,308,1972
2026-09-02 09:30:30,230,1371
2026-09-02 09:31:30,490,1766
2026-09-02 09:32:31,475,1977
2026-09-02 09:33:30,465,2851
2026-09-02 09:34:30,317,3241
2026-09-02 09:35:30,220,4270
2026-09-02 09:36:30,210,4322
2026-09-02 09:37:30,200,4238
2026-09-02 09:38:30,202,4251
2026-09-02 09:39:31,225,4352
2026-09-02 09:40:30,219,3924
2026-09-02 09:41:30,229,3649
2026-09-02 09:42:30,227,3692
2026-09-02 09:43:30,230,3832
2026-09-02 09:44:31,226,3881
2026-09-02 09:45:30,229,3499
2026-09-02 09:46:30,248,2969
2026-09-02 09:47:30,270,3239
2026-09-02 09:48:30,333,3287
2026-09-02 09:49:30,227,3884
2026-09-02 09:50:30,293,3987
2026-09-02 09:51:31,551,4515
2026-09-02 09:52:30,608,4468
2026-09-02 09:53:30,572,3432
2026-09-02 09:54:30,472,3221
2026-09-02 09:55:30,347,3349
2026-09-02 09:56:30,345,3767
2026-09-02 09:57:31,339,4948
2026-09-02 09:58:30,227,4569
2026-09-02 09:59:30,229,4503
2026-09-02 10:00:30,236,3489
2026-09-02 10:01:30,217,2747
2026-09-02 10:02:31,245,2676
2026-09-02 10:03:30,267,2478
2026-09-02 10:04:30,1499,2195
2026-09-02 10:05:30,2406,3893
2026-09-02 10:06:30,2420,4861
2026-09-02 10:07:30,2457,3773
2026-09-02 10:08:31,2473,4048
2026-09-02 10:09:30,2582,4157
2026-09-02 10:10:30,2625,4079
2026-09-02 10:11:30,2514,3290
2026-09-02 10:12:30,377,2634
2026-09-02 10:13:30,370,2420
2026-09-02 10:14:30,350,2657
2026-09-02 10:15:30,353,2749
2026-09-02 10:16:30,304,2639
2026-09-02 10:17:30,238,2909
2026-09-02 10:18:30,237,4201
2026-09-02 10:19:30,216,4264
2026-09-02 10:20:31,238,2836
2026-09-02 10:21:30,504,3469
2026-09-02 10:22:30,2329,2915
2026-09-02 10:23:30,2356,2620
2026-09-02 10:24:31,2560,2656
2026-09-02 10:25:30,2468,2787
2026-09-02 10:26:30,2504,3491
2026-09-02 10:27:30,2440,2630
2026-09-02 10:28:30,2258,2795
2026-09-02 10:29:30,719,2874
2026-09-02 10:30:30,219,3292
2026-09-02 10:31:31,1074,3291
2026-09-02 10:32:30,2390,3339
2026-09-02 10:33:30,2384,2941
2026-09-02 10:34:30,2117,2830
2026-09-02 10:35:30,349,3051
2026-09-02 10:36:30,369,4509
2026-09-02 10:37:31,1881,5099
2026-09-02 10:38:30,2327,3611
2026-09-02 10:39:30,2363,3730
2026-09-02 10:40:30,2490,4750
2026-09-02 10:41:30,2504,5908
2026-09-02 10:42:30,2609,5854
2026-09-02 10:43:31,2096,5479
2026-09-02 10:44:30,370,5757
2026-09-02 10:45:30,224,5068
2026-09-02 10:46:30,359,3219
2026-09-02 10:47:30,2268,2688
2026-09-02 10:48:30,1801,3136
2026-09-02 10:49:30,352,2739
2026-09-02 10:50:31,296,2738
2026-09-02 10:51:30,302,2903
2026-09-02 10:52:30,299,3751
2026-09-02 10:53:30,304,3748
2026-09-02 10:54:30,351,3620
2026-09-02 10:55:30,440,2756
2026-09-02 10:56:31,436,2452
2026-09-02 10:57:30,446,2302
2026-09-02 10:58:30,365,2012
2026-09-02 10:59:30,175,1978
2026-09-02 11:00:30,170,2068
2026-09-02 11:01:30,171,2389
2026-09-02 11:02:30,165,2580
2026-09-02 11:03:31,165,2607
2026-09-02 11:04:30,172,2556
2026-09-02 11:05:30,161,4297
2026-09-02 11:06:30,163,3726
2026-09-02 11:07:30,168,4337
2026-09-02 11:08:30,210,4269
2026-09-02 11:09:31,477,3545
2026-09-02 11:10:30,462,5667
2026-09-02 11:11:30,499,5909
2026-09-02 11:12:30,499,6010
2026-09-02 11:13:30,330,5960
2026-09-02 11:14:30,340,5780
2026-09-02 11:15:30,226,5515
2026-09-02 11:16:31,217,5338
2026-09-02 11:17:30,214,5888
2026-09-02 11:18:30,180,6011
2026-09-02 11:19:30,179,6014
2026-09-02 11:20:30,172,5914
2026-09-02 11:21:30,184,5912
2026-09-02 11:22:31,493,6011
2026-09-02 11:23:30,437,6011
2026-09-02 11:24:30,430,5983
2026-09-02 11:25:30,400,5840
2026-09-02 11:26:30,254,5912
2026-09-02 11:27:30,174,6011
2026-09-02 11:28:31,173,6011
2026-09-02 11:29:30,181,6007
2026-09-02 11:30:30,170,5912
2026-09-02 11:31:30,170,5915
2026-09-02 11:32:30,171,6016
2026-09-02 11:33:30,158,6016
2026-09-02 11:34:30,460,6009
2026-09-02 11:35:31,416,5911
2026-09-02 11:36:30,410,5807
2026-09-02 11:37:30,400,5957
2026-09-02 11:38:30,281,5907
2026-09-02 11:39:30,152,5857
2026-09-02 11:40:30,152,5517
2026-09-02 11:41:31,151,5386
2026-09-02 11:42:30,151,5696
2026-09-02 11:43:30,151,5909
2026-09-02 11:44:30,116,4801
2026-09-02 11:45:30,106,4418
2026-09-02 11:46:30,398,4184
2026-09-02 11:47:30,379,4580
2026-09-02 11:48:31,370,5159
2026-09-02 11:49:30,358,5326
2026-09-02 11:50:30,357,5780
2026-09-02 11:51:30,120,5699
2026-09-02 11:52:30,110,5083
2026-09-02 11:53:30,112,5568
2026-09-02 11:54:30,110,5746
2026-09-02 11:55:31,110,4622
2026-09-02 11:56:30,110,4886
2026-09-02 11:57:30,110,4436
2026-09-02 11:58:30,122,4451
2026-09-02 11:59:30,439,4303
2026-09-02 12:00:30,370,4112
2026-09-02 12:01:30,372,4900
2026-09-02 12:02:31,362,4517
2026-09-02 12:03:30,362,4882
2026-09-02 12:04:30,196,4447
2026-09-02 12:05:30,144,4421
2026-09-02 12:06:30,158,4742
2026-09-02 12:07:30,162,5132
2026-09-02 12:08:30,196,4399
2026-09-02 12:09:31,287,4274
2026-09-02 12:10:30,287,3958
2026-09-02 12:11:30,170,4348
2026-09-02 12:12:30,354,4415
2026-09-02 12:13:30,421,4549
2026-09-02 12:14:30,431,4412
2026-09-02 12:15:30,406,4610
2026-09-02 12:16:30,415,4606
2026-09-02 12:17:30,239,4664
2026-09-02 12:18:30,161,5415
2026-09-02 12:19:30,160,5540
2026-09-02 12:20:30,154,5631
2026-09-02 12:21:31,159,5985
2026-09-02 12:22:30,160,5708
2026-09-02 12:23:30,159,5344
2026-09-02 12:24:30,333,5731
2026-09-02 12:25:30,427,5501
2026-09-02 12:26:31,433,5177
2026-09-02 12:27:30,418,5914
2026-09-02 12:28:30,411,5945
2026-09-02 12:29:30,400,5977
2026-09-02 12:30:30,150,5743
2026-09-02 12:31:30,151,5878
2026-09-02 12:32:31,151,5775
2026-09-02 12:33:30,148,5875
2026-09-02 12:34:30,150,6010
2026-09-02 12:35:30,148,5803
2026-09-02 12:36:30,244,5975
2026-09-02 12:37:30,428,5917
2026-09-02 12:38:31,404,5321
2026-09-02 12:39:30,536,5832
2026-09-02 12:40:30,464,5908
2026-09-02 12:41:30,450,6008
2026-09-02 12:42:30,281,5996
2026-09-02 12:43:30,106,4844
2026-09-02 12:44:30,109,5440
2026-09-02 12:45:31,106,5908
2026-09-02 12:46:30,106,5909
2026-09-02 12:47:30,108,6011
2026-09-02 12:48:30,108,6010
2026-09-02 12:49:30,438,6009
2026-09-02 12:50:30,381,5906
2026-09-02 12:51:31,388,6004
2026-09-02 12:52:30,366,6004
2026-09-02 12:53:30,353,5904
2026-09-02 12:54:30,371,5969
2026-09-02 12:55:30,360,5806
2026-09-02 12:56:31,138,5554
2026-09-02 12:57:30,106,5705
2026-09-02 12:58:30,149,5403
2026-09-02 12:59:30,157,4956
2026-09-02 13:00:30,157,4339
2026-09-02 13:01:30,161,3506
2026-09-02 13:02:30,160,4682
2026-09-02 13:03:31,407,5429
2026-09-02 13:04:30,438,3861
2026-09-02 13:05:30,435,3424
2026-09-02 13:06:30,434,3255
2026-09-02 13:07:30,419,2733
2026-09-02 13:08:31,529,2554
2026-09-02 13:09:30,547,2478
2026-09-02 13:10:30,407,2489
2026-09-02 13:11:30,420,2431
2026-09-02 13:12:30,424,2492
2026-09-02 13:13:30,415,2741
2026-09-02 13:14:30,420,2750
2026-09-02 13:15:30,232,3036
2026-09-02 13:16:30,155,3343
2026-09-02 13:17:30,153,3497
2026-09-02 13:18:30,149,3825
2026-09-02 13:19:31,152,4580
2026-09-02 13:20:30,148,5911
2026-09-02 13:21:30,150,6010
2026-09-02 13:22:30,410,6010
2026-09-02 13:23:30,424,6009
2026-09-02 13:24:30,418,6009
2026-09-02 13:25:31,380,5909
2026-09-02 13:26:30,365,6011
2026-09-02 13:27:30,392,5999
2026-09-02 13:28:30,409,5998
2026-09-02 13:29:30,383,5527
2026-09-02 13:30:31,381,5909
2026-09-02 13:31:30,415,6008
2026-09-02 13:32:30,221,5737
2026-09-02 13:33:30,136,5905
2026-09-02 13:34:30,193,6008
2026-09-02 13:35:30,158,5908
2026-09-02 13:36:31,161,6007
2026-09-02 13:37:30,161,6008
2026-09-02 13:38:30,160,5907
2026-09-02 13:39:30,161,6008
2026-09-02 13:40:30,158,5807
2026-09-02 13:41:30,160,6007
2026-09-02 13:42:30,326,6009
2026-09-02 13:43:31,421,5907
2026-09-02 13:44:30,438,6008
2026-09-02 13:45:30,420,5908
2026-09-02 13:46:30,419,6005
2026-09-02 13:47:30,424,6003
2026-09-02 13:48:30,421,5251
2026-09-02 13:49:31,323,6002
2026-09-02 13:50:30,155,5905
2026-09-02 13:51:30,158,5512
2026-09-02 13:52:30,158,5122
2026-09-02 13:53:30,155,5641
2026-09-02 13:54:30,157,5843
2026-09-02 13:55:31,155,5906
2026-09-02 13:56:30,158,6008
2026-09-02 13:57:30,478,6007
2026-09-02 13:58:30,424,5449
2026-09-02 13:59:30,429,6002
2026-09-02 14:00:30,406,5903
2026-09-02 14:01:31,407,6004
2026-09-02 14:02:30,381,5605
2026-09-02 14:03:30,401,5905
2026-09-02 14:04:30,159,6006
2026-09-02 14:05:30,152,5808
2026-09-02 14:06:30,157,6004
2026-09-02 14:07:31,157,6007
2026-09-02 14:08:30,157,6004
2026-09-02 14:09:30,164,6004
2026-09-02 14:10:30,218,5906
2026-09-02 14:11:30,507,6008
2026-09-02 14:12:30,501,6008
2026-09-02 14:13:30,500,6007
2026-09-02 14:14:31,483,6006
2026-09-02 14:15:30,472,5907
2026-09-02 14:16:30,487,6002
2026-09-02 14:17:30,482,6004
2026-09-02 14:18:30,475,6002
2026-09-02 14:19:30,470,6001
2026-09-02 14:20:31,210,5903
2026-09-02 14:21:30,211,6002
2026-09-02 14:22:30,211,5583
2026-09-02 14:23:30,211,6003
2026-09-02 14:24:30,330,3785
2026-09-02 14:25:30,340,2087
2026-09-02 14:26:30,200,2179
2026-09-02 14:27:31,170,2195
2026-09-02 14:28:30,515,5486
2026-09-02 14:29:30,448,6005
2026-09-02 14:30:30,434,5904
2026-09-02 14:31:30,423,6005
2026-09-02 14:32:30,851,6004
2026-09-02 14:33:31,467,5903
2026-09-02 14:34:30,828,6005
2026-09-02 14:35:30,436,5907
2026-09-02 14:36:30,315,6007
2026-09-02 14:37:30,333,6007
2026-09-02 14:38:30,227,5906
2026-09-02 14:39:31,207,6006
2026-09-02 14:40:30,166,5905
2026-09-02 14:41:30,350,6001
2026-09-02 14:42:30,268,6004
2026-09-02 14:43:30,481,5904
2026-09-02 14:44:31,455,6007
2026-09-02 14:45:30,446,3460
2026-09-02 14:46:30,446,4685
2026-09-02 14:47:30,446,6004
2026-09-02 14:48:30,466,5903
2026-09-02 14:49:30,491,6007
2026-09-02 14:50:31,304,5905
2026-09-02 14:51:30,211,5999
2026-09-02 14:52:30,190,6007
2026-09-02 14:53:30,211,5906
2026-09-02 14:54:30,190,6007
2026-09-02 14:55:30,515,5906
2026-09-02 14:56:30,479,6005
2026-09-02 14:57:31,505,6006
2026-09-02 14:58:30,461,6002
2026-09-02 14:59:30,459,6002
2026-09-02 15:00:30,473,5902
2026-09-02 15:01:30,449,6002
2026-09-02 15:02:30,405,6002
2026-09-02 15:03:31,214,6002
2026-09-02 15:04:30,188,6002
2026-09-02 15:05:30,182,5903
2026-09-02 15:06:30,212,6004
2026-09-02 15:07:30,490,6004
2026-09-02 15:08:30,484,5904
2026-09-02 15:09:30,460,6005
2026-09-02 15:10:31,463,5905
2026-09-02 15:11:30,456,6006
2026-09-02 15:12:30,453,6004
2026-09-02 15:13:30,462,5903
2026-09-02 15:14:30,454,6002
2026-09-02 15:15:30,344,5903
2026-09-02 15:16:31,179,6001
2026-09-02 15:17:30,183,6100
2026-09-02 15:18:30,190,5902
2026-09-02 15:19:30,203,6004
2026-09-02 15:20:30,223,5806
2026-09-02 15:21:30,499,6010
2026-09-02 15:22:30,431,6010
2026-09-02 15:23:31,515,5908
2026-09-02 15:24:30,554,5990
2026-09-02 15:25:30,587,4229
2026-09-02 15:26:30,568,3011
2026-09-02 15:27:30,605,3538
2026-09-02 15:28:30,560,4565
2026-09-02 15:29:31,578,5818
2026-09-02 15:30:30,577,5676
2026-09-02 15:31:30,586,4998
2026-09-02 15:32:30,581,5747
2026-09-02 15:33:30,568,5759
2026-09-02 15:34:30,576,5435
2026-09-02 15:35:31,576,5379
2026-09-02 15:36:30,578,5720
2026-09-02 15:37:30,571,5714
2026-09-02 15:38:30,588,5548
2026-09-02 15:39:30,580,5570
2026-09-02 15:40:30,580,5487
2026-09-02 15:41:30,593,5663
2026-09-02 15:42:31,572,5660
2026-09-02 15:43:30,586,5536
2026-09-02 15:44:30,577,5603
2026-09-02 15:45:30,568,5518
2026-09-02 15:46:30,572,5605
2026-09-02 15:47:31,584,5608
2026-09-02 15:48:30,573,5468
2026-09-02 15:49:30,595,5587
2026-09-02 15:50:30,560,5153
2026-09-02 15:51:30,571,5393
2026-09-02 15:52:30,594,5545
2026-09-02 15:53:30,563,5409
2026-09-02 15:54:31,572,5437
2026-09-02 15:55:30,577,5291
2026-09-02 15:56:30,567,5326
2026-09-02 15:57:30,589,5324
2026-09-02 15:58:30,568,5330
2026-09-02 15:59:30,596,5315
2026-09-02 16:00:31,559,5223
2026-09-02 16:01:30,564,5297
2026-09-02 16:02:30,574,5257
2026-09-02 16:03:30,572,5147
2026-09-02 16:04:30,568,5252
2026-09-02 16:05:30,580,5038
2026-09-02 16:06:31,568,4631
2026-09-02 16:07:30,604,4639
2026-09-02 16:08:30,542,4986
2026-09-02 16:09:30,534,5070
2026-09-02 16:10:30,1096,4837
2026-09-02 16:11:30,1283,4951
2026-09-02 16:12:31,1301,4915
2026-09-02 16:13:30,1370,4888
2026-09-02 16:14:30,3362,4986
2026-09-02 16:15:30,3487,4910
2026-09-02 16:16:30,3486,4822
2026-09-02 16:17:30,3428,4546
2026-09-02 16:18:30,3436,4075
2026-09-02 16:19:30,3238,4047
2026-09-02 16:20:30,1139,4238
2026-09-02 16:21:30,1129,4260
2026-09-02 16:22:30,1109,4090
2026-09-02 16:23:30,1129,3871
2026-09-02 16:24:30,1124,3790
2026-09-02 16:25:31,1114,4427
2026-09-02 16:26:30,1121,4645
2026-09-02 16:27:30,1118,4522
2026-09-02 16:28:30,1128,4589
2026-09-02 16:29:30,1120,4583
2026-09-02 16:30:30,1110,4518
2026-09-02 16:31:30,2065,4573
2026-09-02 16:32:31,3161,4468
2026-09-02 16:33:30,3173,4537
2026-09-02 16:34:30,3156,4531
2026-09-02 16:35:30,3029,4438
2026-09-02 16:36:30,3064,4473
2026-09-02 16:37:30,3129,4417
2026-09-02 16:38:31,1842,4409
2026-09-02 16:39:30,1003,4366
2026-09-02 16:40:30,1524,4313
2026-09-02 16:41:30,3016,4378
2026-09-02 16:42:30,2656,4272
2026-09-02 16:43:31,2740,4330
2026-09-02 16:44:30,730,4334
2026-09-02 16:45:30,723,4184
2026-09-02 16:46:30,2555,4318
2026-09-02 16:47:30,3304,4277
2026-09-02 16:48:30,3066,4228
2026-09-02 16:49:31,3010,4126
2026-09-02 16:50:30,3047,4149
2026-09-02 16:51:30,3075,4102
2026-09-02 16:52:30,2230,4054
2026-09-02 16:53:30,772,4043
2026-09-02 16:54:30,600,3947
2026-09-02 16:55:31,875,3975
2026-09-02 16:56:30,2750,3987
2026-09-02 16:57:30,1473,3829
2026-09-02 16:58:30,543,3883
2026-09-02 16:59:30,653,3785
2026-09-02 17:00:30,672,3815
2026-09-02 17:01:31,651,3784
2026-09-02 17:02:30,658,3701
2026-09-02 17:03:30,544,3724
2026-09-02 17:04:30,881,3610
2026-09-02 17:05:30,1237,3634
2026-09-02 17:06:31,1096,3617
2026-09-02 17:07:30,978,3523
2026-09-02 17:08:30,995,3550
2026-09-02 17:09:30,978,3467
2026-09-02 17:10:30,951,3535
2026-09-02 17:11:30,629,3529
2026-09-02 17:12:31,563,3434
2026-09-02 17:13:30,582,3461
2026-09-02 17:14:30,575,3382
2026-09-02 17:15:30,582,3430
2026-09-02 17:16:30,584,3411
2026-09-02 17:17:31,574,3326
2026-09-02 17:18:30,644,3357
2026-09-02 17:19:30,1392,3257
2026-09-02 17:20:30,1357,3274
2026-09-02 17:21:30,1042,3248
2026-09-02 17:22:30,1031,3157
2026-09-02 17:23:31,1138,3188
2026-09-02 17:24:30,1096,3108
2026-09-02 17:25:30,679,3074
2026-09-02 17:26:30,549,3110
2026-09-02 17:27:30,499,3017
2026-09-02 17:28:30,490,3055
2026-09-02 17:29:30,464,2973
2026-09-02 17:30:31,469,2989
2026-09-02 17:31:30,470,2939
2026-09-02 17:32:30,1111,2829
2026-09-02 17:33:30,1229,2884
2026-09-02 17:34:30,1053,2807
2026-09-02 17:35:30,989,2828
2026-09-02 17:36:30,1009,2812
2026-09-02 17:37:31,943,2737
2026-09-02 17:38:30,517,2753
2026-09-02 17:39:30,433,2676
2026-09-02 17:40:30,149,2699
2026-09-02 17:41:30,138,2659
2026-09-02 17:42:30,251,2589
2026-09-02 17:43:31,269,2600
2026-09-02 17:44:30,135,2524
2026-09-02 17:45:30,137,2540
2026-09-02 17:46:30,440,2513
2026-09-02 17:47:30,398,2449
2026-09-02 17:48:30,1051,2456
2026-09-02 17:49:31,1051,2369
2026-09-02 17:50:30,867,2386
2026-09-02 17:51:30,866,2359
2026-09-02 17:52:30,884,2284
2026-09-02 17:53:30,598,2279
2026-09-02 17:54:30,452,2213
2026-09-02 17:55:30,467,2215
2026-09-02 17:56:31,575,2188
2026-09-02 17:57:30,522,2132
2026-09-02 17:58:30,506,2110
2026-09-02 17:59:30,452,2113
2026-09-02 18:00:30,446,2090
2026-09-02 18:01:30,478,2065
2026-09-02 18:02:31,454,1995
2026-09-02 18:03:30,1114,1963
2026-09-02 18:04:30,1135,1973
2026-09-02 18:05:30,907,1944
2026-09-02 18:06:30,908,1921
2026-09-02 18:07:31,887,1842
2026-09-02 18:08:30,716,1832
2026-09-02 18:09:30,424,1833
2026-09-02 18:10:30,415,1807
2026-09-02 18:11:30,415,1779
2026-09-02 18:12:30,422,1720
2026-09-02 18:13:30,520,1688
2026-09-02 18:14:31,520,1684
2026-09-02 18:15:30,416,1658
2026-09-02 18:16:30,413,1621
2026-09-02 18:17:30,407,1544
2026-09-02 18:18:30,527,1535
2026-09-02 18:19:30,1155,1537
2026-09-02 18:20:31,1166,1513
2026-09-02 18:21:30,994,1484
2026-09-02 18:22:30,677,1427
2026-09-02 18:23:30,554,1372
2026-09-02 18:24:30,149,1393
2026-09-02 18:25:30,131,1369
2026-09-02 18:26:31,129,1341
2026-09-02 18:27:30,98,1313
2026-09-02 18:28:30,85,1270
2026-09-02 18:29:30,108,1269
2026-09-02 18:30:30,490,1249
2026-09-02 18:31:30,445,1219
2026-09-02 18:32:31,450,1176
2026-09-02 18:33:30,485,1125
2026-09-02 18:34:30,659,1130
2026-09-02 18:35:30,1192,1074
2026-09-02 18:36:30,1078,1052
2026-09-02 18:37:30,907,1004
2026-09-02 18:38:30,910,989
2026-09-02 18:39:31,899,977
2026-09-02 18:40:30,491,937
2026-09-02 18:41:30,460,937
2026-09-02 18:42:30,451,860
2026-09-02 18:43:30,451,783
2026-09-02 18:44:30,460,801
2026-09-02 18:45:31,459,715
2026-09-02 18:46:30,459,688
2026-09-02 18:47:30,449,625
2026-09-02 18:48:30,460,577
2026-09-02 18:49:30,482,529
2026-09-02 18:50:30,513,473
2026-09-02 18:51:31,1097,497
2026-09-02 18:52:30,1295,511
2026-09-02 18:53:30,1080,398
2026-09-02 18:54:30,1036,462
2026-09-02 18:55:30,1032,456
2026-09-02 18:56:30,656,502
2026-09-02 18:57:30,647,507
2026-09-02 18:58:31,672,510
2026-09-02 18:59:30,539,415
2026-09-02 19:00:30,530,287
2026-09-02 19:01:30,550,273
2026-09-02 19:02:30,527,264
2026-09-02 19:03:30,493,264
2026-09-02 19:04:31,533,261
2026-09-02 19:05:30,598,308
2026-09-02 19:06:30,556,375
2026-09-02 19:07:30,862,393
2026-09-02 19:08:30,1285,400
2026-09-02 19:09:30,1085,400
2026-09-02 19:10:30,933,399
2026-09-02 19:11:31,890,394
2026-09-02 19:12:30,721,362
2026-09-02 19:13:30,479,334
2026-09-02 19:14:30,971,325
2026-09-02 19:15:30,512,316
2026-09-02 19:16:30,612,311
2026-09-02 19:17:31,637,308
2026-09-02 19:18:30,493,302
2026-09-02 19:19:30,492,302
2026-09-02 19:20:30,470,291
2026-09-02 19:21:30,469,281
2026-09-02 19:22:31,461,266
2026-09-02 19:23:30,724,261
2026-09-02 19:24:30,2628,260
2026-09-02 19:25:30,2593,249
2026-09-02 19:26:30,1444,239
2026-09-02 19:27:30,2285,228
2026-09-02 19:28:30,1189,220
2026-09-02 19:29:31,1896,227
2026-09-02 19:30:30,1375,224
2026-09-02 19:31:30,1611,220
2026-09-02 19:32:30,1031,203
2026-09-02 19:33:30,1502,188
2026-09-02 19:34:31,1342,176
2026-09-02 19:35:30,1361,158
2026-09-02 19:36:30,878,143
2026-09-02 19:37:30,2068,125
2026-09-02 19:38:30,1756,110
2026-09-02 19:39:30,1898,104
2026-09-02 19:40:30,1959,94
2026-09-02 19:41:30,2996,88
2026-09-02 19:42:30,2157,80
2026-09-02 19:43:30,3227,77
2026-09-02 19:44:31,2145,73
2026-09-02 19:45:30,2741,68
2026-09-02 19:46:30,2060,61
2026-09-02 19:47:30,2645,56
2026-09-02 19:48:30,1613,50
2026-09-02 19:49:30,2658,49
2026-09-02 19:50:31,1582,44
2026-09-02 19:51:30,1364,41
2026-09-02 19:52:30,1338,37
2026-09-02 19:53:30,1375,34
2026-09-02 19:54:30,1361,29
2026-09-02 19:55:30,994,28
2026-09-02 19:56:30,883,23
2026-09-02 19:57:30,1118,20
2026-09-02 19:58:30,1491,19
2026-09-02 19:59:30,1403,17
2026-09-02 20:00:30,1414,15
2026-09-02 20:01:30,1478,11
2026-09-02 20:02:30,1094,8
2026-09-02 20:03:31,1042,7
2026-09-02 20:04:30,1066,5
2026-09-02 20:05:30,1069,1
2026-09-02 20:06:30,893,0
2026-09-02 20:07:31,790,0
2026-09-02 20:08:30,817,0
2026-09-02 20:09:30,799,1
2026-09-02 20:10:30,790,0
2026-09-02 20:11:30,739,2
2026-09-02 20:12:30,704,0
2026-09-02 20:13:31,697,0
2026-09-02 20:14:30,662,0
2026-09-02 20:15:30,1121,0
2026-09-02 20:16:30,1178,0
2026-09-02 20:17:30,1069,0
2026-09-02 20:18:30,1025,0
2026-09-02 20:19:31,826,1
2026-09-02 20:20:30,486,0
2026-09-02 20:21:30,467,0
2026-09-02 20:22:30,261,0
2026-09-02 20:23:30,337,0
2026-09-02 20:24:30,352,0
2026-09-02 20:25:31,229,0
2026-09-02 20:26:30,228,0
2026-09-02 20:27:30,221,0
2026-09-02 20:28:30,227,0
2026-09-02 20:29:30,228,0
2026-09-02 20:30:30,227,0
2026-09-02 20:31:30,281,0
2026-09-02 20:32:31,544,0
2026-09-02 20:33:30,670,0
2026-09-02 20:34:30,1197,0
2026-09-02 20:35:30,1078,0
2026-09-02 20:36:31,916,0
2026-09-02 20:37:30,825,0
2026-09-02 20:38:30,480,0
2026-09-02 20:39:30,348,0
2026-09-02 20:40:30,234,0
2026-09-02 20:41:31,233,0
2026-09-02 20:42:30,208,0
2026-09-02 20:43:30,212,0
2026-09-02 20:44:30,212,0
2026-09-02 20:45:30,212,0
2026-09-02 20:46:30,212,0
2026-09-02 20:47:31,209,0
2026-09-02 20:48:30,500,0
2026-09-02 20:49:30,470,0
2026-09-02 20:50:30,468,0
2026-09-02 20:51:30,448,0
2026-09-02 20:52:30,995,0
2026-09-02 20:53:31,1133,0
2026-09-02 20:54:30,990,0
2026-09-02 20:55:30,709,0
2026-09-02 20:56:30,495,0
2026-09-02 20:57:30,304,0
2026-09-02 20:58:30,306,0
2026-09-02 20:59:31,307,0
2026-09-02 21:00:30,306,0
2026-09-02 21:01:30,306,0
2026-09-02 21:02:30,296,0
2026-09-02 21:03:30,306,0
2026-09-02 21:04:30,307,0
2026-09-02 21:05:31,587,0
2026-09-02 21:06:30,472,0
2026-09-02 21:07:30,452,0
2026-09-02 21:08:30,449,0
2026-09-02 21:09:30,451,0
2026-09-02 21:10:30,452,0
2026-09-02 21:11:31,647,0
2026-09-02 21:12:30,848,0
2026-09-02 21:13:30,728,0
2026-09-02 21:14:30,619,0
2026-09-02 21:15:30,412,0
2026-09-02 21:16:30,224,0
2026-09-02 21:17:31,215,0
2026-09-02 21:18:30,223,0
2026-09-02 21:19:30,222,0
2026-09-02 21:20:30,241,0
2026-09-02 21:21:30,543,0
2026-09-02 21:22:30,485,0
2026-09-02 21:23:30,484,0
2026-09-02 21:24:30,470,0
2026-09-02 21:25:30,514,0
2026-09-02 21:26:30,824,0
2026-09-02 21:27:30,638,0
2026-09-02 21:28:30,607,0
2026-09-02 21:29:30,611,0
2026-09-02 21:30:31,651,0
2026-09-02 21:31:30,967,0
2026-09-02 21:32:30,1453,0
2026-09-02 21:33:30,1301,0
2026-09-02 21:34:30,1121,0
2026-09-02 21:35:30,985,0
2026-09-02 21:36:31,764,0
2026-09-02 21:37:30,727,0
2026-09-02 21:38:30,1032,0
2026-09-02 21:39:30,995,0
2026-09-02 21:40:30,1033,0
2026-09-02 21:41:31,1018,0
2026-09-02 21:42:30,985,0
2026-09-02 21:43:30,1095,0
2026-09-02 21:44:30,826,0
2026-09-02 21:45:30,882,0
2026-09-02 21:46:30,736,0
2026-09-02 21:47:31,700,0
2026-09-02 21:48:30,692,0
2026-09-02 21:49:30,677,0
2026-09-02 21:50:30,713,0
2026-09-02 21:51:30,2470,0
2026-09-02 21:52:30,3473,0
2026-09-02 21:53:31,2164,0
2026-09-02 21:54:30,1990,0
2026-09-02 21:55:30,1377,0
2026-09-02 21:56:30,1462,0
2026-09-02 21:57:30,1173,0
2026-09-02 21:58:30,1083,0
2026-09-02 21:59:31,891,0
2026-09-02 22:00:30,908,0
2026-09-02 22:01:30,701,0
2026-09-02 22:02:30,1837,0
2026-09-02 22:03:30,2044,0
2026-09-02 22:04:31,1913,0
2026-09-02 22:05:30,1735,0
2026-09-02 22:06:30,1531,0
2026-09-02 22:07:30,1853,0
2026-09-02 22:08:30,2143,0
2026-09-02 22:09:30,1916,0
2026-09-02 22:10:31,2105,0
2026-09-02 22:11:30,1801,0
2026-09-02 22:12:30,1847,0
2026-09-02 22:13:30,2282,0
2026-09-02 22:14:30,2527,0
2026-09-02 22:15:30,2220,0
2026-09-02 22:16:31,1753,0
2026-09-02 22:17:30,1364,0
2026-09-02 22:18:30,1664,0
2026-09-02 22:19:30,1394,0
2026-09-02 22:20:30,1579,0
2026-09-02 22:21:31,1532,0
2026-09-02 22:22:30,1864,0
2026-09-02 22:23:30,2046,0
2026-09-02 22:24:30,1126,0
2026-09-02 22:25:30,1418,0
2026-09-02 22:26:30,1357,0
2026-09-02 22:27:31,2080,0
2026-09-02 22:28:30,1538,0
2026-09-02 22:29:30,2004,0
2026-09-02 22:30:30,1565,0
2026-09-02 22:31:31,1612,0
2026-09-02 22:32:30,1411,0
2026-09-02 22:33:30,1140,0
2026-09-02 22:34:30,2108,0
2026-09-02 22:35:30,2098,0
2026-09-02 22:36:30,1918,0
2026-09-02 22:37:30,2126,0
2026-09-02 22:38:30,2161,0
2026-09-02 22:39:30,1870,0
2026-09-02 22:40:30,1767,0
2026-09-02 22:41:30,1788,0
2026-09-02 22:42:30,1366,0
2026-09-02 22:43:30,1736,0
2026-09-02 22:44:31,1477,0
2026-09-02 22:45:30,1403,0
2026-09-02 22:46:30,2162,0
2026-09-02 22:47:30,2554,0
2026-09-02 22:48:30,3092,0
2026-09-02 22:49:30,3152,0
2026-09-02 22:50:31,2232,0
2026-09-02 22:51:30,3177,0
2026-09-02 22:52:30,3193,0
2026-09-02 22:53:30,2414,0
2026-09-02 22:54:30,1861,0
2026-09-02 22:55:30,954,0
2026-09-02 22:56:30,956,0
2026-09-02 22:57:30,1220,0
2026-09-02 22:58:30,2495,0
2026-09-02 22:59:30,2393,0
2026-09-02 23:00:31,2165,0
2026-09-02 23:01:30,1931,0
2026-09-02 23:02:30,1738,0
2026-09-02 23:03:30,1795,0
2026-09-02 23:04:30,1723,0
2026-09-02 23:05:30,778,0
2026-09-02 23:06:30,1299,0
2026-09-02 23:07:30,716,0
2026-09-02 23:08:30,936,0
2026-09-02 23:09:30,983,0
2026-09-02 23:10:30,975,0
2026-09-02 23:11:30,978,0
2026-09-02 23:12:30,976,0
2026-09-02 23:13:31,995,0
2026-09-02 23:14:30,977,0
2026-09-02 23:15:30,865,0
2026-09-02 23:16:30,662,0
2026-09-02 23:17:30,506,0
2026-09-02 23:18:31,515,0
2026-09-02 23:19:30,773,0
2026-09-02 23:20:30,1171,0
2026-09-02 23:21:30,1057,0
2026-09-02 23:22:30,674,0
2026-09-02 23:23:30,488,0
2026-09-02 23:24:31,416,0
2026-09-02 23:25:30,681,0
2026-09-02 23:26:30,673,0
2026-09-02 23:27:30,625,0
2026-09-02 23:28:30,591,0
2026-09-02 23:29:31,621,0
2026-09-02 23:30:30,639,0
2026-09-02 23:31:30,496,0
2026-09-02 23:32:30,406,0
2026-09-02 23:33:30,418,0
2026-09-02 23:34:30,417,0
2026-09-02 23:35:30,417,0
2026-09-02 23:36:31,397,0
2026-09-02 23:37:30,327,0
2026-09-02 23:38:30,299,0
2026-09-02 23:39:30,291,0
2026-09-02 23:40:30,298,0
2026-09-02 23:41:30,302,0
2026-09-02 23:42:30,666,0
2026-09-02 23:43:30,637,0
2026-09-02 23:44:30,589,0
2026-09-02 23:45:30,604,0
2026-09-02 23:46:30,630,0
2026-09-02 23:47:30,499,0
2026-09-02 23:48:30,354,0
2026-09-02 23:49:31,287,0
2026-09-02 23:50:30,287,0
2026-09-02 23:51:30,285,0
2026-09-02 23:52:30,289,0
2026-09-02 23:53:30,286,0
2026-09-02 23:54:30,285,0
2026-09-02 23:55:31,284,0
2026-09-02 23:56:30,282,0
2026-09-02 23:57:30,445,0
2026-09-02 23:58:30,511,0
2026-09-02 23:59:30,508,0
2026-09-03 00:00:31,496,0
2026-09-03 00:01:30,490,0
2026-09-03 00:02:30,478,0
2026-09-03 00:03:30,340,0
2026-09-03 00:04:30,276,0
2026-09-03 00:05:30,277,0
2026-09-03 00:06:31,271,0
2026-09-03 00:07:30,266,0
2026-09-03 00:08:30,274,0
2026-09-03 00:09:30,274,0
2026-09-03 00:10:30,274,0
2026-09-03 00:11:30,273,0
2026-09-03 00:12:31,263,0
2026-09-03 00:13:30,319,0
2026-09-03 00:14:30,548,0
2026-09-03 00:15:30,499,0
2026-09-03 00:16:30,491,0
2026-09-03 00:17:30,464,0
2026-09-03 00:18:30,482,0
2026-09-03 00:19:31,392,0
2026-09-03 00:20:30,270,0
2026-09-03 00:21:30,269,0
2026-09-03 00:22:30,270,0
2026-09-03 00:23:30,269,0
2026-09-03 00:24:30,269,0
2026-09-03 00:25:31,268,0
2026-09-03 00:26:30,235,0
2026-09-03 00:27:30,221,0
2026-09-03 00:28:30,229,0
2026-09-03 00:29:30,281,0
2026-09-03 00:30:30,496,0
2026-09-03 00:31:31,449,0
2026-09-03 00:32:30,434,0
2026-09-03 00:33:30,433,0
2026-09-03 00:34:30,436,0
2026-09-03 00:35:30,229,0
2026-09-03 00:36:30,226,0
2026-09-03 00:37:31,241,0
2026-09-03 00:38:30,340,0
2026-09-03 00:39:30,344,0
2026-09-03 00:40:30,241,0
2026-09-03 00:41:30,226,0
2026-09-03 00:42:30,223,0
2026-09-03 00:43:31,227,0
2026-09-03 00:44:30,227,0
2026-09-03 00:45:30,224,0
2026-09-03 00:46:30,422,0
2026-09-03 00:47:30,437,0
2026-09-03 00:48:30,445,0
2026-09-03 00:49:31,429,0
2026-09-03 00:50:30,427,0
2026-09-03 00:51:30,358,0
2026-09-03 00:52:30,214,0
2026-09-03 00:53:30,220,0
2026-09-03 00:54:30,218,0
2026-09-03 00:55:31,218,0
2026-09-03 00:56:30,217,0
2026-09-03 00:57:30,214,0
2026-09-03 00:58:30,218,0
2026-09-03 00:59:30,217,0
2026-09-03 01:00:30,217,0
2026-09-03 01:01:30,217,0
2026-09-03 01:02:31,209,0
2026-09-03 01:03:30,385,0
2026-09-03 01:04:30,437,0
2026-09-03 01:05:30,438,0
2026-09-03 01:06:30,424,0
2026-09-03 01:07:30,352,0
2026-09-03 01:08:31,296,0
2026-09-03 01:09:30,137,0
2026-09-03 01:10:30,136,0
2026-09-03 01:11:30,136,0
2026-09-03 01:12:30,130,0
2026-09-03 01:13:30,138,0
2026-09-03 01:14:31,138,0
2026-09-03 01:15:30,138,0
2026-09-03 01:16:30,136,0
2026-09-03 01:17:30,135,0
2026-09-03 01:18:30,137,0
2026-09-03 01:19:30,137,0
2026-09-03 01:20:31,155,0
2026-09-03 01:21:30,414,0
2026-09-03 01:22:30,356,0
2026-09-03 01:23:30,350,0
2026-09-03 01:24:30,337,0
2026-09-03 01:25:30,340,0
2026-09-03 01:26:31,137,0
2026-09-03 01:27:30,134,0
2026-09-03 01:28:30,136,0
2026-09-03 01:29:30,136,0
2026-09-03 01:30:30,136,0
2026-09-03 01:31:30,137,0
2026-09-03 01:32:31,131,0
2026-09-03 01:33:30,136,0
2026-09-03 01:34:30,136,0
2026-09-03 01:35:30,136,0
2026-09-03 01:36:30,136,0
2026-09-03 01:37:30,136,0
2026-09-03 01:38:30,200,0
2026-09-03 01:39:31,400,0
2026-09-03 01:40:30,357,0
2026-09-03 01:41:30,345,0
2026-09-03 01:42:30,331,0
2026-09-03 01:43:30,310,0
2026-09-03 01:44:30,136,0
2026-09-03 01:45:31,136,0
2026-09-03 01:46:30,136,0
2026-09-03 01:47:30,131,0
2026-09-03 01:48:30,136,0
2026-09-03 01:49:30,135,0
2026-09-03 01:50:30,135,0
2026-09-03 01:51:31,135,0
2026-09-03 01:52:30,131,0
2026-09-03 01:53:30,134,0
2026-09-03 01:54:30,134,0
2026-09-03 01:55:30,135,0
2026-09-03 01:56:30,293,0
2026-09-03 01:57:30,343,0
2026-09-03 01:58:30,354,0
2026-09-03 01:59:30,340,0
2026-09-03 02:00:30,337,0
2026-09-03 02:01:31,182,0
2026-09-03 02:02:30,119,0
2026-09-03 02:03:30,135,0
2026-09-03 02:04:30,136,0
2026-09-03 02:05:30,134,0
2026-09-03 02:06:30,135,0
2026-09-03 02:07:30,132,0
2026-09-03 02:08:31,135,0
2026-09-03 02:09:30,134,0
2026-09-03 02:10:30,134,0
2026-09-03 02:11:30,134,0
2026-09-03 02:12:30,133,0
2026-09-03 02:13:30,134,0
2026-09-03 02:14:31,350,0
2026-09-03 02:15:30,400,0
2026-09-03 02:16:30,401,0
2026-09-03 02:17:30,381,0
2026-09-03 02:18:30,389,0
2026-09-03 02:19:30,287,0
2026-09-03 02:20:31,184,0
2026-09-03 02:21:30,185,0
2026-09-03 02:22:30,178,0
2026-09-03 02:23:30,184,0
2026-09-03 02:24:30,184,0
2026-09-03 02:25:30,184,0
2026-09-03 02:26:31,185,0
2026-09-03 02:27:30,178,0
2026-09-03 02:28:30,183,0
2026-09-03 02:29:30,184,0
2026-09-03 02:30:30,183,0
2026-09-03 02:31:31,183,0
2026-09-03 02:32:30,364,0
2026-09-03 02:33:30,400,0
2026-09-03 02:34:30,395,0
2026-09-03 02:35:30,381,0
2026-09-03 02:36:30,373,0
2026-09-03 02:37:30,176,0
2026-09-03 02:38:30,182,0
2026-09-03 02:39:30,188,0
2026-09-03 02:40:30,182,0
2026-09-03 02:41:30,182,0
2026-09-03 02:42:31,175,0
2026-09-03 02:43:30,181,0
2026-09-03 02:44:30,181,0
2026-09-03 02:45:30,181,0
2026-09-03 02:46:30,180,0
2026-09-03 02:47:30,174,0
2026-09-03 02:48:31,180,0
2026-09-03 02:49:30,180,0
2026-09-03 02:50:30,420,0
2026-09-03 02:51:30,393,0
2026-09-03 02:52:30,392,0
2026-09-03 02:53:30,379,0
2026-09-03 02:54:31,376,0
2026-09-03 02:55:30,194,0
2026-09-03 02:56:30,178,0
2026-09-03 02:57:30,175,0
2026-09-03 02:58:30,178,0
2026-09-03 02:59:30,178,0
2026-09-03 03:00:30,177,0
2026-09-03 03:01:30,178,0
2026-09-03 03:02:30,172,0
2026-09-03 03:03:30,178,0
2026-09-03 03:04:30,178,0
2026-09-03 03:05:30,178,0
2026-09-03 03:06:31,176,0
2026-09-03 03:07:30,170,0
2026-09-03 03:08:30,176,0
2026-09-03 03:09:30,216,0
2026-09-03 03:10:30,370,0
2026-09-03 03:11:30,331,0
2026-09-03 03:12:31,324,0
2026-09-03 03:13:30,321,0
2026-09-03 03:14:30,136,0
2026-09-03 03:15:30,130,0
2026-09-03 03:16:30,128,0
2026-09-03 03:17:30,123,0
2026-09-03 03:18:31,128,0
2026-09-03 03:19:30,128,0
2026-09-03 03:20:30,128,0
2026-09-03 03:21:30,127,0
2026-09-03 03:22:30,126,0
2026-09-03 03:23:30,129,0
2026-09-03 03:24:31,128,0
2026-09-03 03:25:30,128,0
2026-09-03 03:26:30,136,0
2026-09-03 03:27:30,125,0
2026-09-03 03:28:30,128,0
2026-09-03 03:29:31,311,0
2026-09-03 03:30:30,327,0
2026-09-03 03:31:30,322,0
2026-09-03 03:32:30,307,0
2026-09-03 03:33:30,320,0
2026-09-03 03:34:30,175,0
2026-09-03 03:35:31,178,0
2026-09-03 03:36:30,175,0
2026-09-03 03:37:30,175,0
2026-09-03 03:38:30,178,0
2026-09-03 03:39:30,184,0
2026-09-03 03:40:30,178,0
2026-09-03 03:41:30,175,0
2026-09-03 03:42:31,172,0
2026-09-03 03:43:30,175,0
2026-09-03 03:44:30,175,0
2026-09-03 03:45:30,175,0
2026-09-03 03:46:30,172,0
2026-09-03 03:47:30,172,0
2026-09-03 03:48:31,174,0
2026-09-03 03:49:30,175,0
2026-09-03 03:50:30,174,0
2026-09-03 03:51:30,372,0
2026-09-03 03:52:30,364,0
2026-09-03 03:53:30,385,0
2026-09-03 03:54:31,358,0
2026-09-03 03:55:30,241,0
2026-09-03 03:56:30,170,0
2026-09-03 03:57:30,170,0
2026-09-03 03:58:30,173,0
2026-09-03 03:59:30,173,0
2026-09-03 04:00:31,169,0
2026-09-03 04:01:30,165,0
2026-09-03 04:02:30,164,0
2026-09-03 04:03:30,156,0
2026-09-03 04:04:30,124,0
2026-09-03 04:05:30,124,0
2026-09-03 04:06:31,123,0
2026-09-03 04:07:30,122,0
2026-09-03 04:08:30,125,0
2026-09-03 04:09:30,124,0
2026-09-03 04:10:30,129,0
2026-09-03 04:11:30,369,0
2026-09-03 04:12:31,316,0
2026-09-03 04:13:30,313,0
2026-09-03 04:14:30,300,0
2026-09-03 04:15:30,128,0
2026-09-03 04:16:30,125,0
2026-09-03 04:17:30,125,0
2026-09-03 04:18:31,127,0
2026-09-03 04:19:30,128,0
2026-09-03 04:20:30,127,0
2026-09-03 04:21:30,125,0
2026-09-03 04:22:30,125,0
2026-09-03 04:23:30,127,0
2026-09-03 04:24:31,127,0
2026-09-03 04:25:30,127,0
2026-09-03 04:26:30,159,0
2026-09-03 04:27:30,172,0
2026-09-03 04:28:30,178,0
2026-09-03 04:29:30,179,0
2026-09-03 04:30:31,179,0
2026-09-03 04:31:30,353,0
2026-09-03 04:32:30,363,0
2026-09-03 04:33:30,371,0
2026-09-03 04:34:30,362,0
2026-09-03 04:35:30,298,0
2026-09-03 04:36:31,174,0
2026-09-03 04:37:30,173,0
2026-09-03 04:38:30,176,0
2026-09-03 04:39:30,184,0
2026-09-03 04:40:30,176,0
2026-09-03 04:41:30,175,0
2026-09-03 04:42:31,174,0
2026-09-03 04:43:30,177,0
2026-09-03 04:44:30,176,0
2026-09-03 04:45:30,178,0
2026-09-03 04:46:30,175,0
2026-09-03 04:47:30,173,0
2026-09-03 04:48:30,172,0
2026-09-03 04:49:31,170,0
2026-09-03 04:50:30,170,0
2026-09-03 04:51:30,167,0
2026-09-03 04:52:30,166,0
2026-09-03 04:53:30,169,0
2026-09-03 04:54:31,394,0
2026-09-03 04:55:30,318,0
2026-09-03 04:56:30,305,0
2026-09-03 04:57:30,297,0
2026-09-03 04:58:30,132,0
2026-09-03 04:59:30,126,0
2026-09-03 05:00:31,126,0
2026-09-03 05:01:30,130,0
2026-09-03 05:02:30,131,0
2026-09-03 05:03:30,126,0
2026-09-03 05:04:31,125,0
2026-09-03 05:05:30,126,0
2026-09-03 05:06:30,123,0
2026-09-03 05:07:30,124,0
2026-09-03 05:08:30,127,0
2026-09-03 05:09:30,125,0
2026-09-03 05:10:30,125,0
2026-09-03 05:11:31,124,0
2026-09-03 05:12:30,123,0
2026-09-03 05:13:30,124,0
2026-09-03 05:14:30,127,0
2026-09-03 05:15:30,268,0
2026-09-03 05:16:30,321,0
2026-09-03 05:17:31,335,0
2026-09-03 05:18:30,359,0
2026-09-03 05:19:30,275,0
2026-09-03 05:20:30,179,0
2026-09-03 05:21:30,178,0
2026-09-03 05:22:30,176,0
2026-09-03 05:23:31,178,0
2026-09-03 05:24:30,178,0
2026-09-03 05:25:30,177,0
2026-09-03 05:26:30,175,0
2026-09-03 05:27:30,175,0
2026-09-03 05:28:30,176,0
2026-09-03 05:29:31,176,0
2026-09-03 05:30:30,176,0
2026-09-03 05:31:30,173,0
2026-09-03 05:32:30,173,0
2026-09-03 05:33:30,176,0
2026-09-03 05:34:30,176,0
2026-09-03 05:35:31,176,0
2026-09-03 05:36:30,173,0
2026-09-03 05:37:30,174,0
2026-09-03 05:38:30,247,0
2026-09-03 05:39:30,404,0
2026-09-03 05:40:30,364,0
2026-09-03 05:41:31,351,0
2026-09-03 05:42:30,272,0
2026-09-03 05:43:30,170,0
2026-09-03 05:44:30,170,0
2026-09-03 05:45:30,169,0
2026-09-03 05:46:30,142,0
2026-09-03 05:47:31,125,0
2026-09-03 05:48:30,127,0
2026-09-03 05:49:30,127,0
2026-09-03 05:50:30,126,0
2026-09-03 05:51:30,124,0
2026-09-03 05:52:30,124,0
2026-09-03 05:53:31,127,0
2026-09-03 05:54:30,127,0
2026-09-03 05:55:30,127,0
2026-09-03 05:56:30,124,0
2026-09-03 05:57:30,124,0
2026-09-03 05:58:30,127,0
2026-09-03 05:59:31,127,0
2026-09-03 06:00:30,127,0
2026-09-03 06:01:30,125,0
2026-09-03 06:02:30,232,0
2026-09-03 06:03:30,332,0
2026-09-03 06:04:31,319,0
2026-09-03 06:05:30,311,0
2026-09-03 06:06:30,215,0
2026-09-03 06:07:30,150,0
2026-09-03 06:08:30,173,0
2026-09-03 06:09:30,178,0
2026-09-03 06:10:31,179,0
2026-09-03 06:11:30,178,0
2026-09-03 06:12:30,175,0
2026-09-03 06:13:30,178,0
2026-09-03 06:14:30,178,0
2026-09-03 06:15:31,179,0
2026-09-03 06:16:30,178,0
2026-09-03 06:17:30,174,0
2026-09-03 06:18:30,176,0
2026-09-03 06:19:30,176,0
2026-09-03 06:20:30,176,0
2026-09-03 06:21:31,173,0
2026-09-03 06:22:30,173,0
2026-09-03 06:23:30,173,0
2026-09-03 06:24:30,171,0
2026-09-03 06:25:30,170,0
2026-09-03 06:26:30,167,0
2026-09-03 06:27:31,374,0
2026-09-03 06:28:30,355,0
2026-09-03 06:29:30,354,0
2026-09-03 06:30:30,343,0
2026-09-03 06:31:30,172,0
2026-09-03 06:32:30,166,0
2026-09-03 06:33:30,137,0
2026-09-03 06:34:31,127,0
2026-09-03 06:35:30,127,0
2026-09-03 06:36:30,125,0
2026-09-03 06:37:30,125,0
2026-09-03 06:38:30,127,0
2026-09-03 06:39:30,133,0
2026-09-03 06:40:31,126,0
2026-09-03 06:41:30,124,0
2026-09-03 06:42:30,139,0
2026-09-03 06:43:30,240,0
2026-09-03 06:44:30,226,0
2026-09-03 06:45:30,127,0
2026-09-03 06:46:31,127,1
2026-09-03 06:47:30,125,0
2026-09-03 06:48:30,127,0
2026-09-03 06:49:30,127,0
2026-09-03 06:50:30,127,0
2026-09-03 06:51:30,115,4
2026-09-03 06:52:30,328,5
2026-09-03 06:53:31,300,8
2026-09-03 06:54:30,334,12
2026-09-03 06:55:30,341,16
2026-09-03 06:56:30,181,20
2026-09-03 06:57:30,162,25
2026-09-03 06:58:30,165,32
2026-09-03 06:59:31,164,38
2026-09-03 07:00:30,164,43
2026-09-03 07:01:30,146,49
2026-09-03 07:02:30,141,53
2026-09-03 07:03:30,148,61
2026-09-03 07:04:30,148,68
2026-09-03 07:05:31,148,74
2026-09-03 07:06:30,145,80
2026-09-03 07:07:30,145,86
2026-09-03 07:08:30,147,95
2026-09-03 07:09:30,146,101
2026-09-03 07:10:30,173,107
2026-09-03 07:11:31,271,112
2026-09-03 07:12:30,385,116
2026-09-03 07:13:30,342,127
2026-09-03 07:14:30,227,134
2026-09-03 07:15:30,243,142
2026-09-03 07:16:30,1813,148
2026-09-03 07:17:30,2124,156
2026-09-03 07:18:31,1061,164
2026-09-03 07:19:30,688,170
2026-09-03 07:20:30,1129,176
2026-09-03 07:21:30,1628,179
2026-09-03 07:22:30,930,184
2026-09-03 07:23:30,258,196
2026-09-03 07:24:31,233,209
2026-09-03 07:25:30,428,235
2026-09-03 07:26:30,241,246
2026-09-03 07:27:30,247,259
2026-09-03 07:28:30,550,278
2026-09-03 07:29:30,329,305
2026-09-03 07:30:31,290,349
2026-09-03 07:31:30,400,370
2026-09-03 07:32:30,1462,388
2026-09-03 07:33:30,1577,415
2026-09-03 07:34:30,503,434
2026-09-03 07:35:30,287,453
2026-09-03 07:36:31,470,464
2026-09-03 07:37:30,223,481
2026-09-03 07:38:30,232,505
2026-09-03 07:39:30,415,522
2026-09-03 07:40:30,291,537
2026-09-03 07:41:30,269,544
2026-09-03 07:42:31,232,559
2026-09-03 07:43:30,421,579
2026-09-03 07:44:30,389,599
2026-09-03 07:45:30,411,622
2026-09-03 07:46:30,287,650
2026-09-03 07:47:30,579,672
2026-09-03 07:48:31,492,672
2026-09-03 07:49:30,1232,661
2026-09-03 07:50:30,2389,698
2026-09-03 07:51:30,2342,682
2026-09-03 07:52:30,2170,720
2026-09-03 07:53:30,2215,772
2026-09-03 07:54:31,2198,790
2026-09-03 07:55:30,902,760
2026-09-03 07:56:30,251,726
2026-09-03 07:57:30,241,801
2026-09-03 07:58:30,227,872
2026-09-03 07:59:30,227,916
2026-09-03 08:00:31,225,921
2026-09-03 08:01:30,231,928
2026-09-03 08:02:30,233,896
2026-09-03 08:03:30,266,979
2026-09-03 08:04:30,253,968
2026-09-03 08:05:30,260,974
2026-09-03 08:06:30,247,1037
2026-09-03 08:07:30,240,1050
2026-09-03 08:08:30,226,1075
2026-09-03 08:09:30,236,1109
2026-09-03 08:10:30,232,1127
2026-09-03 08:11:31,464,1138
2026-09-03 08:12:30,396,1171
2026-09-03 08:13:30,406,1217
2026-09-03 08:14:30,385,1243
2026-09-03 08:15:30,211,1268
2026-09-03 08:16:30,184,1271
2026-09-03 08:17:31,185,1297
2026-09-03 08:18:30,188,1345
2026-09-03 08:19:30,186,1347
2026-09-03 08:20:30,191,1397
2026-09-03 08:21:30,182,1404
2026-09-03 08:22:30,193,1439
2026-09-03 08:23:31,185,1516
2026-09-03 08:24:30,194,1528
2026-09-03 08:25:30,184,1575
2026-09-03 08:26:30,196,1607
2026-09-03 08:27:30,180,1606
2026-09-03 08:28:31,160,1655
2026-09-03 08:29:30,129,1679
2026-09-03 08:30:30,137,1685
2026-09-03 08:31:30,155,1747
2026-09-03 08:32:30,173,1754
2026-09-03 08:33:30,239,1804
2026-09-03 08:34:31,137,1807
2026-09-03 08:35:30,127,1872
2026-09-03 08:36:30,215,1908
2026-09-03 08:37:30,461,1910
2026-09-03 08:38:30,491,1975
2026-09-03 08:39:30,514,2037
2026-09-03 08:40:31,489,2029
2026-09-03 08:41:30,398,2055
2026-09-03 08:42:30,262,2057
2026-09-03 08:43:30,220,2114
2026-09-03 08:44:30,916,2108
2026-09-03 08:45:30,1320,2168
2026-09-03 08:46:31,1070,2195
2026-09-03 08:47:30,359,2186
2026-09-03 08:48:30,251,2254
2026-09-03 08:49:30,237,2251
2026-09-03 08:50:30,656,2321
2026-09-03 08:51:30,344,2351
2026-09-03 08:52:31,325,2344
2026-09-03 08:53:30,323,2402
2026-09-03 08:54:30,339,2443
2026-09-03 08:55:30,356,2475
2026-09-03 08:56:30,309,2498
2026-09-03 08:57:31,268,2492
2026-09-03 08:58:30,461,2524
2026-09-03 08:59:30,268,2599
2026-09-03 09:00:30,1560,2626
2026-09-03 09:01:30,729,2656
2026-09-03 09:02:30,206,2641
2026-09-03 09:03:31,253,2666
2026-09-03 09:04:30,409,2747
2026-09-03 09:05:30,666,2779
2026-09-03 09:06:30,685,2807
2026-09-03 09:07:30,572,2779
2026-09-03 09:08:30,443,2818
2026-09-03 09:09:31,464,2908
2026-09-03 09:10:30,347,2935
2026-09-03 09:11:30,271,2967
2026-09-03 09:12:30,341,2956
2026-09-03 09:13:30,329,2984
2026-09-03 09:14:30,353,3067
2026-09-03 09:15:31,223,3109
2026-09-03 09:16:30,238,3150
2026-09-03 09:17:30,313,3131
2026-09-03 09:18:30,313,3166
2026-09-03 09:19:30,442,3250
2026-09-03 09:20:30,466,3272
2026-09-03 09:21:30,326,3302
2026-09-03 09:22:31,326,3276
2026-09-03 09:23:30,307,3354
2026-09-03 09:24:30,268,3386
2026-09-03 09:25:30,244,3418
2026-09-03 09:26:30,303,3443
2026-09-03 09:27:30,276,3353
2026-09-03 09:28:31,303,3490
2026-09-03 09:29:30,349,3531
2026-09-03 09:30:30,384,3556
2026-09-03 09:31:30,251,3590
2026-09-03 09:32:30,257,3497
2026-09-03 09:33:30,230,3641
2026-09-03 09:34:30,224,3685
2026-09-03 09:35:31,204,3718
2026-09-03 09:36:30,233,3757
2026-09-03 09:37:30,190,3668
2026-09-03 09:38:30,184,3816
2026-09-03 09:39:30,193,3843
2026-09-03 09:40:30,169,3863
2026-09-03 09:41:31,178,3887
2026-09-03 09:42:30,169,3786
2026-09-03 09:43:30,163,3939
2026-09-03 09:44:30,173,3965
2026-09-03 09:45:30,151,4003
2026-09-03 09:46:31,177,4030
2026-09-03 09:47:30,145,3928
2026-09-03 09:48:30,152,4089
2026-09-03 09:49:30,173,4114
2026-09-03 09:50:30,151,4143
2026-09-03 09:51:30,166,4082
2026-09-03 09:52:31,156,3892
2026-09-03 09:53:30,158,4126
2026-09-03 09:54:30,185,4127
2026-09-03 09:55:30,151,4195
2026-09-03 09:56:30,151,4249
2026-09-03 09:57:30,161,4147
2026-09-03 09:58:31,176,4321
2026-09-03 09:59:30,151,4357
2026-09-03 10:00:30,204,4396
2026-09-03 10:01:30,199,4413
2026-09-03 10:02:30,206,4363
2026-09-03 10:03:31,237,4438
2026-09-03 10:04:30,213,4470
2026-09-03 10:05:30,240,4498
2026-09-03 10:06:30,262,4525
2026-09-03 10:07:30,2155,4400
2026-09-03 10:08:30,2420,4568
2026-09-03 10:09:30,2397,4592
2026-09-03 10:10:31,2360,4613
2026-09-03 10:11:30,2359,4640
2026-09-03 10:12:30,2299,4513
2026-09-03 10:13:30,2341,4679
2026-09-03 10:14:30,1846,4703
2026-09-03 10:15:30,247,4736
2026-09-03 10:16:31,276,4759
2026-09-03 10:17:30,260,4716
2026-09-03 10:18:30,253,4820
2026-09-03 10:19:30,260,4852
2026-09-03 10:20:30,286,4874
2026-09-03 10:21:30,252,4875
2026-09-03 10:22:31,233,4729
2026-09-03 10:23:30,256,4906
2026-09-03 10:24:30,1123,4940
2026-09-03 10:25:30,2351,4964
2026-09-03 10:26:30,2330,4982
2026-09-03 10:27:30,2265,4843
2026-09-03 10:28:30,2338,5035
2026-09-03 10:29:31,2323,5064
2026-09-03 10:30:30,2286,5093
2026-09-03 10:31:30,1700,5134
2026-09-03 10:32:30,159,4988
2026-09-03 10:33:30,175,5182
2026-09-03 10:34:30,2042,5203
2026-09-03 10:35:31,2263,5215
2026-09-03 10:36:30,2239,5234
2026-09-03 10:37:30,854,5087
2026-09-03 10:38:30,169,5284
2026-09-03 10:39:30,725,5293
2026-09-03 10:40:30,2297,5315
2026-09-03 10:41:31,2227,5335
2026-09-03 10:42:30,2141,5155
2026-09-03 10:43:30,2200,5356
2026-09-03 10:44:30,2204,5374
2026-09-03 10:45:30,993,5387
2026-09-03 10:46:30,198,5414
2026-09-03 10:47:31,191,5332
2026-09-03 10:48:30,205,5522
2026-09-03 10:49:30,1560,5539
2026-09-03 10:50:30,2231,5578
2026-09-03 10:51:30,512,5611
2026-09-03 10:52:30,204,5533
2026-09-03 10:53:31,202,5645
2026-09-03 10:54:30,203,5671
2026-09-03 10:55:30,202,5676
2026-09-03 10:56:30,209,5679
2026-09-03 10:57:30,200,5598
2026-09-03 10:58:30,202,5719
2026-09-03 10:59:31,202,5741
2026-09-03 11:00:30,203,5738
2026-09-03 11:01:30,200,5760
2026-09-03 11:02:30,197,5677
2026-09-03 11:03:30,198,5792
2026-09-03 11:04:30,198,5821
2026-09-03 11:05:30,198,5846
2026-09-03 11:06:30,197,5848
2026-09-03 11:07:30,191,5660
2026-09-03 11:08:30,197,5867
2026-09-03 11:09:30,197,5894
2026-09-03 11:10:31,197,5912
2026-09-03 11:11:30,196,5927
2026-09-03 11:12:30,186,5740
2026-09-03 11:13:30,192,5949
2026-09-03 11:14:30,191,5959
2026-09-03 11:15:30,190,5967
2026-09-03 11:16:31,191,5990
2026-09-03 11:17:30,184,5809
2026-09-03 11:18:30,190,6009
2026-09-03 11:19:30,190,6009
2026-09-03 11:20:30,197,6007
2026-09-03 11:21:30,184,6004
2026-09-03 11:22:30,142,5805
2026-09-03 11:23:31,148,6002
2026-09-03 11:24:30,148,6001
2026-09-03 11:25:30,147,6003
2026-09-03 11:26:30,147,6004
2026-09-03 11:27:30,142,5805
2026-09-03 11:28:30,146,6005
2026-09-03 11:29:31,146,6005
2026-09-03 11:30:30,146,6008
2026-09-03 11:31:30,146,6011
2026-09-03 11:32:30,141,5812
2026-09-03 11:33:30,146,6011
2026-09-03 11:34:30,146,6008
2026-09-03 11:35:31,146,6007
2026-09-03 11:36:30,146,6007
2026-09-03 11:37:30,143,5903
2026-09-03 11:38:30,146,6003
2026-09-03 11:39:30,146,6004
2026-09-03 11:40:30,146,6003
2026-09-03 11:41:30,145,6001
2026-09-03 11:42:31,141,5804
2026-09-03 11:43:30,146,6004
2026-09-03 11:44:30,146,6003
2026-09-03 11:45:30,151,6003
2026-09-03 11:46:30,148,6005
2026-09-03 11:47:30,168,5803
2026-09-03 11:48:31,192,6004
2026-09-03 11:49:30,196,6004
2026-09-03 11:50:30,198,6002
2026-09-03 11:51:30,197,6003
2026-09-03 11:52:30,311,5804
2026-09-03 11:53:30,340,6001
2026-09-03 11:54:31,202,6002
2026-09-03 11:55:30,203,6002
2026-09-03 11:56:30,203,6002
2026-09-03 11:57:30,196,5803
2026-09-03 11:58:30,781,6001
2026-09-03 11:59:30,1277,6001
2026-09-03 12:00:30,2552,5999
2026-09-03 12:01:31,2560,6005
2026-09-03 12:02:30,2468,5805
2026-09-03 12:03:30,2553,6005
2026-09-03 12:04:30,2553,6004
2026-09-03 12:05:30,2558,6003
2026-09-03 12:06:30,2560,6002
2026-09-03 12:07:31,2474,5803
2026-09-03 12:08:30,2558,6001
2026-09-03 12:09:30,2559,6000
2026-09-03 12:10:30,2558,5999
2026-09-03 12:11:30,2560,5999
2026-09-03 12:12:30,2473,5799
2026-09-03 12:13:30,2557,5994
2026-09-03 12:14:31,2557,6000
2026-09-03 12:15:30,2557,6001
2026-09-03 12:16:30,2559,6002
2026-09-03 12:17:30,2471,5802
2026-09-03 12:18:30,2557,6001
2026-09-03 12:19:30,2557,5998
2026-09-03 12:20:30,2555,5998
2026-09-03 12:21:31,2620,5997
2026-09-03 12:22:30,2576,5896
2026-09-03 12:23:30,2625,5996
2026-09-03 12:24:30,2659,5996
2026-09-03 12:25:30,2623,5997
2026-09-03 12:26:30,2623,5996
2026-09-03 12:27:31,2536,5797
2026-09-03 12:28:30,2619,5997
2026-09-03 12:29:30,2624,5998
2026-09-03 12:30:30,2623,5999
2026-09-03 12:31:30,2627,6004
2026-09-03 12:32:30,2538,5801
2026-09-03 12:33:31,2591,6002
2026-09-03 12:34:30,2592,6002
2026-09-03 12:35:30,2590,6003
2026-09-03 12:36:30,2592,6003
2026-09-03 12:37:30,2549,5901
2026-09-03 12:38:31,2591,5998
2026-09-03 12:39:30,2591,5995
2026-09-03 12:40:30,2587,5996
2026-09-03 12:41:30,2715,5996
2026-09-03 12:42:30,2759,5896
2026-09-03 12:43:30,2607,5996
2026-09-03 12:44:31,2662,5997
2026-09-03 12:45:30,2709,5997
2026-09-03 12:46:30,2827,6001
2026-09-03 12:47:30,3112,5799
2026-09-03 12:48:30,3275,5999
2026-09-03 12:49:30,3297,5995
2026-09-03 12:50:30,3307,5999
2026-09-03 12:51:31,3258,5998
2026-09-03 12:52:30,3162,5799
2026-09-03 12:53:30,3300,6000
2026-09-03 12:54:30,3301,5999
2026-09-03 12:55:30,4324,5994
2026-09-03 12:56:30,4212,5995
2026-09-03 12:57:31,3216,5796
2026-09-03 12:58:30,3296,5995
2026-09-03 12:59:30,3256,5994
2026-09-03 13:00:30,3268,5994
2026-09-03 13:01:30,3278,5995
2026-09-03 13:02:30,3164,5797
2026-09-03 13:03:30,3286,5997
2026-09-03 13:04:31,3298,5998
2026-09-03 13:05:30,3301,5996
2026-09-03 13:06:30,3284,5995
2026-09-03 13:07:30,3179,5794
2026-09-03 13:08:30,3344,5993
2026-09-03 13:09:30,3283,5994
2026-09-03 13:10:31,3244,5996
2026-09-03 13:11:30,3179,5996
2026-09-03 13:12:30,3176,5897
2026-09-03 13:13:30,3173,5998
2026-09-03 13:14:30,3214,5992
2026-09-03 13:15:30,3113,5995
2026-09-03 13:16:31,3142,5999
2026-09-03 13:17:30,3101,5894
2026-09-03 13:18:30,3120,5998
2026-09-03 13:19:30,3120,5998
2026-09-03 13:20:30,3107,5999
2026-09-03 13:21:30,3094,5998
2026-09-03 13:22:31,3184,5898
2026-09-03 13:23:30,3481,5996
2026-09-03 13:24:30,3491,5996
2026-09-03 13:25:30,3478,5992
2026-09-03 13:26:30,3560,5993
2026-09-03 13:27:30,3455,5795
2026-09-03 13:28:30,3636,5995
2026-09-03 13:29:31,3625,5995
2026-09-03 13:30:30,3673,5993
2026-09-03 13:31:30,3676,5994
2026-09-03 13:32:30,3704,5792
2026-09-03 13:33:30,3746,5993
2026-09-03 13:34:30,3739,5994
2026-09-03 13:35:31,3718,5987
2026-09-03 13:36:30,3740,5994
2026-09-03 13:37:30,3583,5797
2026-09-03 13:38:30,3628,5993
2026-09-03 13:39:30,3574,5994
2026-09-03 13:40:30,3662,5992
2026-09-03 13:41:30,3739,5995
2026-09-03 13:42:31,3650,5794
2026-09-03 13:43:30,3789,5993
2026-09-03 13:44:30,3790,5996
2026-09-03 13:45:30,3702,5995
2026-09-03 13:46:30,3681,5997
2026-09-03 13:47:30,3546,5796
2026-09-03 13:48:31,3657,5989
2026-09-03 13:49:30,4037,5992
2026-09-03 13:50:30,3929,5993
2026-09-03 13:51:30,3703,5994
2026-09-03 13:52:30,3943,5794
2026-09-03 13:53:30,3697,5987
2026-09-03 13:54:30,4089,5993
2026-09-03 13:55:31,3700,5994
2026-09-03 13:56:30,3700,5989
2026-09-03 13:57:30,3582,5794
2026-09-03 13:58:30,3632,5994
2026-09-03 13:59:30,3602,5994
2026-09-03 14:00:31,3561,5993
2026-09-03 14:01:30,3538,5993
2026-09-03 14:02:30,3170,5291
2026-09-03 14:03:30,3548,5990
2026-09-03 14:04:30,3420,6091
2026-09-03 14:05:30,3388,5992
2026-09-03 14:06:31,3366,5993
2026-09-03 14:07:30,3284,5894
2026-09-03 14:08:30,3317,5996
2026-09-03 14:09:30,3308,5996
2026-09-03 14:10:30,3260,5897
2026-09-03 14:11:31,3266,5897
2026-09-03 14:12:30,3346,5894
2026-09-03 14:13:30,3383,5997
2026-09-03 14:14:30,3392,5992
2026-09-03 14:15:30,4829,5989
2026-09-03 14:16:30,5277,5890
2026-09-03 14:17:31,3808,5894
2026-09-03 14:18:30,3392,5996
2026-09-03 14:19:30,3401,5995
2026-09-03 14:20:30,3377,5986
2026-09-03 14:21:30,3394,5993
2026-09-03 14:22:30,3334,5893
2026-09-03 14:23:31,3397,5990
2026-09-03 14:24:30,3389,5993
2026-09-03 14:25:30,3404,5996
2026-09-03 14:26:30,3335,5895
2026-09-03 14:27:30,3263,5897
2026-09-03 14:28:30,3333,5995
2026-09-03 14:29:30,3329,5994
2026-09-03 14:30:31,3363,5993
2026-09-03 14:31:30,3283,5894
2026-09-03 14:32:30,3293,5896
2026-09-03 14:33:30,3337,5996
2026-09-03 14:34:30,3338,5996
2026-09-03 14:35:30,3323,5996
2026-09-03 14:36:30,3259,5894
2026-09-03 14:37:30,3723,5893
2026-09-03 14:38:30,5360,5987
2026-09-03 14:39:30,5307,5990
2026-09-03 14:40:30,5270,5992
2026-09-03 14:41:30,5176,5891
2026-09-03 14:42:30,5111,5891
2026-09-03 14:43:31,5096,5990
2026-09-03 14:44:30,3191,5993
2026-09-03 14:45:30,3068,5993
2026-09-03 14:46:30,3023,5893
2026-09-03 14:47:30,3029,5892
2026-09-03 14:48:31,3073,5992
2026-09-03 14:49:30,3075,5989
2026-09-03 14:50:30,3159,5989
2026-09-03 14:51:30,3440,5994
2026-09-03 14:52:30,3325,5892
2026-09-03 14:53:30,3374,5996
2026-09-03 14:54:30,3357,5995
2026-09-03 14:55:31,4539,5992
2026-09-03 14:56:30,5350,5989
2026-09-03 14:57:30,5243,5888
2026-09-03 14:58:30,5323,5984
2026-09-03 14:59:30,5333,5987
2026-09-03 15:00:30,5308,5980
2026-09-03 15:01:30,4975,5886
2026-09-03 15:02:31,3263,5889
2026-09-03 15:03:30,3322,5989
2026-09-03 15:04:30,3328,5989
2026-09-03 15:05:30,3326,5991
2026-09-03 15:06:30,3320,5890
2026-09-03 15:07:30,3382,5890
2026-09-03 15:08:30,3417,5929
2026-09-03 15:09:31,4243,5990
2026-09-03 15:10:30,5351,5981
2026-09-03 15:11:30,5237,5887
2026-09-03 15:12:30,4859,5888
2026-09-03 15:13:30,3322,5992
2026-09-03 15:14:30,3323,5992
2026-09-03 15:15:30,4972,5987
2026-09-03 15:16:31,5234,5734
2026-09-03 15:17:30,5216,5839
2026-09-03 15:18:30,5296,5932
2026-09-03 15:19:30,5245,5279
2026-09-03 15:20:30,5316,5757
2026-09-03 15:21:30,5262,5801
2026-09-03 15:22:30,3812,5863
2026-09-03 15:23:31,3411,5964
2026-09-03 15:24:30,3750,5950
2026-09-03 15:25:30,5308,5935
2026-09-03 15:26:30,4400,5807
2026-09-03 15:27:30,3292,5763
2026-09-03 15:28:30,3329,5811
2026-09-03 15:29:30,3340,5764
2026-09-03 15:30:31,3327,5737
2026-09-03 15:31:30,3318,5731
2026-09-03 15:32:30,3286,5635
2026-09-03 15:33:30,3347,5756
2026-09-03 15:34:30,3367,5747
2026-09-03 15:35:30,3366,5744
2026-09-03 15:36:31,3368,5741
2026-09-03 15:37:30,3296,5623
2026-09-03 15:38:30,3361,5739
2026-09-03 15:39:30,3350,5781
2026-09-03 15:40:30,3353,5693
2026-09-03 15:41:30,3286,5427
2026-09-03 15:42:30,3281,5087
2026-09-03 15:43:31,3323,4463
2026-09-03 15:44:30,3292,4085
2026-09-03 15:45:30,3280,3664
2026-09-03 15:46:30,3235,4147
2026-09-03 15:47:30,3253,4772
2026-09-03 15:48:31,3314,5312
2026-09-03 15:49:30,3329,5688
2026-09-03 15:50:30,3314,5709
2026-09-03 15:51:30,3256,5626
2026-09-03 15:52:30,3239,5626
2026-09-03 15:53:30,3306,5735
2026-09-03 15:54:30,3304,5751
2026-09-03 15:55:30,3338,5779
2026-09-03 15:56:30,3319,5642
2026-09-03 15:57:30,3268,5652
2026-09-03 15:58:30,3302,5743
2026-09-03 15:59:30,3289,4493
2026-09-03 16:00:31,3250,2815
2026-09-03 16:01:30,3227,2001
2026-09-03 16:02:30,1755,2033
2026-09-03 16:03:30,975,1856
2026-09-03 16:04:30,1126,1712
2026-09-03 16:05:30,1137,2306
2026-09-03 16:06:31,941,3395
2026-09-03 16:07:30,939,3502
2026-09-03 16:08:30,959,2807
2026-09-03 16:09:30,976,2899
2026-09-03 16:10:30,961,2978
2026-09-03 16:11:30,935,3404
2026-09-03 16:12:30,936,4405
2026-09-03 16:13:31,978,5003
2026-09-03 16:14:30,1017,5213
2026-09-03 16:15:30,990,5152
2026-09-03 16:16:30,955,5743
2026-09-03 16:17:30,943,5636
2026-09-03 16:18:30,964,5593
2026-09-03 16:19:30,961,4901
2026-09-03 16:20:31,1006,2263
2026-09-03 16:21:30,1020,3579
2026-09-03 16:22:30,961,4620
2026-09-03 16:23:30,958,3711
2026-09-03 16:24:30,963,3296
2026-09-03 16:25:30,950,2755
2026-09-03 16:26:31,974,2671
2026-09-03 16:27:30,989,2961
2026-09-03 16:28:30,1012,3274
2026-09-03 16:29:30,979,3591
2026-09-03 16:30:30,980,3909
2026-09-03 16:31:30,1037,4621
2026-09-03 16:32:31,1088,4725
2026-09-03 16:33:30,1184,4765
2026-09-03 16:34:30,1192,4762
2026-09-03 16:35:30,1200,4686
2026-09-03 16:36:30,1188,4450
2026-09-03 16:37:30,1165,4688
2026-09-03 16:38:31,1188,4705
2026-09-03 16:39:30,1183,4604
2026-09-03 16:40:30,1185,4429
2026-09-03 16:41:30,1012,4274
2026-09-03 16:42:30,940,3550
2026-09-03 16:43:30,921,2602
2026-09-03 16:44:30,920,2874
2026-09-03 16:45:31,902,3267
2026-09-03 16:46:30,919,3217
2026-09-03 16:47:30,901,3274
2026-09-03 16:48:30,915,3816
2026-09-03 16:49:30,923,3977
2026-09-03 16:50:30,905,4024
2026-09-03 16:51:31,919,4157
2026-09-03 16:52:30,903,4109
2026-09-03 16:53:30,919,4108
2026-09-03 16:54:30,917,3991
2026-09-03 16:55:30,907,3932
2026-09-03 16:56:30,922,4034
2026-09-03 16:57:31,916,3944
2026-09-03 16:58:30,934,4029
2026-09-03 16:59:30,936,4052
2026-09-03 17:00:30,925,3896
2026-09-03 17:01:30,936,3922
2026-09-03 17:02:30,919,3819
2026-09-03 17:03:30,934,3885
2026-09-03 17:04:30,930,3626
2026-09-03 17:05:31,920,3505
2026-09-03 17:06:30,925,3655
2026-09-03 17:07:30,968,3502
2026-09-03 17:08:30,974,3268
2026-09-03 17:09:30,864,3450
2026-09-03 17:10:30,855,3502
2026-09-03 17:11:30,841,3288
2026-09-03 17:12:31,808,3079
2026-09-03 17:13:30,774,3509
2026-09-03 17:14:30,886,3561
2026-09-03 17:15:30,892,3523
2026-09-03 17:16:30,763,3398
2026-09-03 17:17:30,751,3248
2026-09-03 17:18:30,770,3539
2026-09-03 17:19:31,767,3555
2026-09-03 17:20:30,754,3106
2026-09-03 17:21:30,767,2464
2026-09-03 17:22:30,758,2195
2026-09-03 17:23:30,799,2165
2026-09-03 17:24:30,863,2574
2026-09-03 17:25:31,865,2737
2026-09-03 17:26:30,771,2363
2026-09-03 17:27:30,758,2023
2026-09-03 17:28:30,770,2342
2026-09-03 17:29:30,746,2987
2026-09-03 17:30:30,745,2972
2026-09-03 17:31:31,746,3001
2026-09-03 17:32:30,731,2790
2026-09-03 17:33:30,758,2597
2026-09-03 17:34:30,781,2012
2026-09-03 17:35:30,776,2023
2026-09-03 17:36:30,903,2143
2026-09-03 17:37:31,902,2217
2026-09-03 17:38:30,793,2249
2026-09-03 17:39:30,791,2330
2026-09-03 17:40:30,779,2036
2026-09-03 17:41:30,797,2637
2026-09-03 17:42:30,892,2486
2026-09-03 17:43:31,910,2314
2026-09-03 17:44:30,878,2252
2026-09-03 17:45:30,734,2062
2026-09-03 17:46:30,563,2096
2026-09-03 17:47:30,552,1744
2026-09-03 17:48:30,550,1965
2026-09-03 17:49:31,550,2168
2026-09-03 17:50:30,828,1882
2026-09-03 17:51:30,881,2105
2026-09-03 17:52:30,884,2269
2026-09-03 17:53:30,674,2358
2026-09-03 17:54:30,593,2138
2026-09-03 17:55:30,596,2255
2026-09-03 17:56:31,622,2398
2026-09-03 17:57:30,627,2262
2026-09-03 17:58:30,650,2180
2026-09-03 17:59:30,679,2231
2026-09-03 18:00:30,675,2214
2026-09-03 18:01:30,722,2219
2026-09-03 18:02:31,718,2154
2026-09-03 18:03:30,1132,2113
2026-09-03 18:04:30,1111,1921
2026-09-03 18:05:30,1145,2007
2026-09-03 18:06:30,1190,2029
2026-09-03 18:07:30,1241,1940
2026-09-03 18:08:31,1302,1966
2026-09-03 18:09:30,1369,1942
2026-09-03 18:10:30,1348,1804
2026-09-03 18:11:30,1319,1636
2026-09-03 18:12:30,1231,1777
2026-09-03 18:13:30,1261,1783
2026-09-03 18:14:30,1326,1817
2026-09-03 18:15:31,1373,1777
2026-09-03 18:16:30,1451,1765
2026-09-03 18:17:30,1339,1703
2026-09-03 18:18:30,1372,1704
2026-09-03 18:19:30,1378,1662
2026-09-03 18:20:31,2215,1591
2026-09-03 18:21:30,2807,1491
2026-09-03 18:22:30,2513,1415
2026-09-03 18:23:30,1499,1373
2026-09-03 18:24:30,1799,1300
2026-09-03 18:25:30,1829,1141
2026-09-03 18:26:30,1282,967
2026-09-03 18:27:30,908,868
2026-09-03 18:28:30,902,866
2026-09-03 18:29:30,574,874
2026-09-03 18:30:30,599,826
2026-09-03 18:31:30,514,733
2026-09-03 18:32:30,482,892
2026-09-03 18:33:31,485,1090
2026-09-03 18:34:30,486,1135
2026-09-03 18:35:30,470,1105
2026-09-03 18:36:30,480,1075
2026-09-03 18:37:30,469,1037
2026-09-03 18:38:30,472,878
2026-09-03 18:39:31,489,806
2026-09-03 18:40:30,499,797
2026-09-03 18:41:30,535,698
2026-09-03 18:42:30,518,649
2026-09-03 18:43:30,527,613
2026-09-03 18:44:30,516,466
2026-09-03 18:45:30,592,409
2026-09-03 18:46:31,595,404
2026-09-03 18:47:30,482,560
2026-09-03 18:48:30,489,697
2026-09-03 18:49:30,489,704
2026-09-03 18:50:30,491,707
2026-09-03 18:51:30,493,706
2026-09-03 18:52:31,248,664
2026-09-03 18:53:30,209,619
2026-09-03 18:54:30,208,583
2026-09-03 18:55:30,209,594
2026-09-03 18:56:30,209,568
2026-09-03 18:57:30,181,528
2026-09-03 18:58:31,160,492
2026-09-03 18:59:30,298,423
2026-09-03 19:00:30,480,454
2026-09-03 19:01:30,457,495
2026-09-03 19:02:30,447,470
2026-09-03 19:03:30,435,464
2026-09-03 19:04:31,428,437
2026-09-03 19:05:30,436,427
2026-09-03 19:06:30,436,431
2026-09-03 19:07:30,428,412
2026-09-03 19:08:30,439,412
2026-09-03 19:09:30,431,398
2026-09-03 19:10:30,218,392
2026-09-03 19:11:30,160,381
2026-09-03 19:12:30,157,367
2026-09-03 19:13:30,160,367
2026-09-03 19:14:30,157,345
2026-09-03 19:15:30,159,340
2026-09-03 19:16:30,159,332
2026-09-03 19:17:31,350,320
2026-09-03 19:18:30,452,319
2026-09-03 19:19:30,438,302
2026-09-03 19:20:30,439,295
2026-09-03 19:21:30,426,285
2026-09-03 19:22:31,417,273
2026-09-03 19:23:30,425,268
2026-09-03 19:24:30,419,251
2026-09-03 19:25:30,426,242
2026-09-03 19:26:31,427,232
2026-09-03 19:27:30,421,218
2026-09-03 19:28:30,429,213
2026-09-03 19:29:30,422,204
2026-09-03 19:30:30,258,204
2026-09-03 19:31:30,159,200
2026-09-03 19:32:31,156,193
2026-09-03 19:33:30,158,192
2026-09-03 19:34:30,170,180
2026-09-03 19:35:30,179,175
2026-09-03 19:36:30,179,164
2026-09-03 19:37:30,342,152
2026-09-03 19:38:30,542,145
2026-09-03 19:39:31,566,133
2026-09-03 19:40:30,507,129
2026-09-03 19:41:30,445,122
2026-09-03 19:42:30,482,118
2026-09-03 19:43:30,513,112
2026-09-03 19:44:30,511,103
2026-09-03 19:45:31,524,98
2026-09-03 19:46:30,430,92
2026-09-03 19:47:30,265,83
2026-09-03 19:48:30,270,79
2026-09-03 19:49:30,266,69
2026-09-03 19:50:30,373,61
2026-09-03 19:51:31,367,55
2026-09-03 19:52:30,407,47
2026-09-03 19:53:30,360,44
2026-09-03 19:54:30,760,40
2026-09-03 19:55:30,727,36
2026-09-03 19:56:30,944,30
2026-09-03 19:57:30,2093,28
2026-09-03 19:58:30,1979,25
2026-09-03 19:59:30,635,20
2026-09-03 20:00:30,1747,19
2026-09-03 20:01:30,877,15
2026-09-03 20:02:31,1246,12
2026-09-03 20:03:30,644,11
2026-09-03 20:04:30,534,7
2026-09-03 20:05:30,340,6
2026-09-03 20:06:30,364,5
2026-09-03 20:07:30,384,5
2026-09-03 20:08:30,401,6
2026-09-03 20:09:31,415,6
2026-09-03 20:10:30,420,6
2026-09-03 20:11:30,424,5
2026-09-03 20:12:30,593,6
2026-09-03 20:13:30,1914,5
2026-09-03 20:14:30,2971,6
2026-09-03 20:15:31,3589,4
2026-09-03 20:16:30,2148,0
2026-09-03 20:17:30,727,0
2026-09-03 20:18:30,656,0
2026-09-03 20:19:30,672,0
2026-09-03 20:20:30,386,0
2026-09-03 20:21:31,374,0
2026-09-03 20:22:30,379,1
2026-09-03 20:23:30,376,0
2026-09-03 20:24:30,378,0
2026-09-03 20:25:30,377,0
2026-09-03 20:26:30,367,0
2026-09-03 20:27:31,374,0
2026-09-03 20:28:30,463,0
2026-09-03 20:29:30,1969,0
2026-09-03 20:30:30,928,0
2026-09-03 20:31:30,680,0
2026-09-03 20:32:30,686,0
2026-09-03 20:33:31,640,0
2026-09-03 20:34:30,626,0
2026-09-03 20:35:30,609,0
2026-09-03 20:36:30,262,0
2026-09-03 20:37:30,262,0
2026-09-03 20:38:30,263,0
2026-09-03 20:39:30,280,0
2026-09-03 20:40:30,276,0
2026-09-03 20:41:30,300,0
2026-09-03 20:42:30,326,0
2026-09-03 20:43:30,303,0
2026-09-03 20:44:31,403,0
2026-09-03 20:45:30,565,0
2026-09-03 20:46:30,960,0
2026-09-03 20:47:30,567,0
2026-09-03 20:48:30,509,0
2026-09-03 20:49:30,522,0
2026-09-03 20:50:31,722,0
2026-09-03 20:51:30,286,0
2026-09-03 20:52:30,618,0
2026-09-03 20:53:30,325,0
2026-09-03 20:54:30,338,0
2026-09-03 20:55:30,260,0
2026-09-03 20:56:31,315,0
2026-09-03 20:57:30,304,0
2026-09-03 20:58:30,271,0
2026-09-03 20:59:30,451,0
2026-09-03 21:00:30,518,0
2026-09-03 21:01:30,550,0
2026-09-03 21:02:31,578,0
2026-09-03 21:03:30,650,0
2026-09-03 21:04:30,698,0
2026-09-03 21:05:30,737,0
2026-09-03 21:06:30,595,0
2026-09-03 21:07:30,558,0
2026-09-03 21:08:31,478,0
2026-09-03 21:09:30,445,0
2026-09-03 21:10:30,418,0
2026-09-03 21:11:30,371,0
2026-09-03 21:12:30,372,0
2026-09-03 21:13:31,613,0
2026-09-03 21:14:30,603,0
2026-09-03 21:15:30,628,0
2026-09-03 21:16:30,721,0
2026-09-03 21:17:30,686,0
2026-09-03 21:18:30,811,0
2026-09-03 21:19:31,715,0
2026-09-03 21:20:30,427,0
2026-09-03 21:21:30,427,0
2026-09-03 21:22:30,344,0
2026-09-03 21:23:30,329,0
2026-09-03 21:24:30,400,0
2026-09-03 21:25:30,611,0
2026-09-03 21:26:31,538,0
2026-09-03 21:27:30,569,0
2026-09-03 21:28:30,643,0
2026-09-03 21:29:30,596,0
2026-09-03 21:30:30,647,0
2026-09-03 21:31:30,646,0
2026-09-03 21:32:31,541,0
2026-09-03 21:33:30,512,0
2026-09-03 21:34:30,662,0
2026-09-03 21:35:30,561,0
2026-09-03 21:36:30,337,0
2026-09-03 21:37:30,323,0
2026-09-03 21:38:31,268,0
2026-09-03 21:39:30,277,0
2026-09-03 21:40:30,287,0
2026-09-03 21:41:30,271,0
2026-09-03 21:42:30,541,0
2026-09-03 21:43:30,535,0
2026-09-03 21:44:31,634,0
2026-09-03 21:45:30,636,0
2026-09-03 21:46:30,608,0
2026-09-03 21:47:30,580,0
2026-09-03 21:48:30,484,0
2026-09-03 21:49:30,355,0
2026-09-03 21:50:31,424,0
2026-09-03 21:51:30,2335,0
2026-09-03 21:52:30,2049,0
2026-09-03 21:53:30,1239,0
2026-09-03 21:54:30,638,0
2026-09-03 21:55:31,724,0
2026-09-03 21:56:30,807,0
2026-09-03 21:57:30,910,0
2026-09-03 21:58:30,701,0
2026-09-03 21:59:30,983,0
2026-09-03 22:00:30,610,0
2026-09-03 22:01:31,709,0
2026-09-03 22:02:30,1011,0
2026-09-03 22:03:30,502,0
2026-09-03 22:04:30,965,0
2026-09-03 22:05:30,1430,0
2026-09-03 22:06:30,1117,0
2026-09-03 22:07:31,747,0
2026-09-03 22:08:30,1247,0
2026-09-03 22:09:30,1433,0
2026-09-03 22:10:30,1631,0
2026-09-03 22:11:30,1268,0
2026-09-03 22:12:30,1253,0
2026-09-03 22:13:31,1385,0
2026-09-03 22:14:30,1929,0
2026-09-03 22:15:30,2023,0
2026-09-03 22:16:30,1689,0
2026-09-03 22:17:30,1213,0
2026-09-03 22:18:30,1361,0
2026-09-03 22:19:30,1187,0
2026-09-03 22:20:31,2223,0
2026-09-03 22:21:30,2157,0
2026-09-03 22:22:30,1789,0
2026-09-03 22:23:30,2403,0
2026-09-03 22:24:30,2429,0
2026-09-03 22:25:31,2360,0
2026-09-03 22:26:30,1384,0
2026-09-03 22:27:30,2237,0
2026-09-03 22:28:30,2572,0
2026-09-03 22:29:30,1897,0
2026-09-03 22:30:30,1630,0
2026-09-03 22:31:31,1153,0
2026-09-03 22:32:30,2170,0
2026-09-03 22:33:30,2002,0
2026-09-03 22:34:30,782,0
2026-09-03 22:35:30,767,0
2026-09-03 22:36:30,823,0
2026-09-03 22:37:31,819,0
2026-09-03 22:38:30,520,0
2026-09-03 22:39:30,448,0
2026-09-03 22:40:30,635,0
2026-09-03 22:41:30,606,0
2026-09-03 22:42:30,601,0
2026-09-03 22:43:31,943,0
2026-09-03 22:44:30,1211,0
2026-09-03 22:45:30,1059,0
2026-09-03 22:46:30,854,0
2026-09-03 22:47:30,773,0
2026-09-03 22:48:30,774,0
2026-09-03 22:49:30,763,0
2026-09-03 22:50:31,691,0
2026-09-03 22:51:30,679,0
2026-09-03 22:52:30,382,0
2026-09-03 22:53:30,365,0
2026-09-03 22:54:30,364,0
2026-09-03 22:55:30,602,0
2026-09-03 22:56:31,601,0
2026-09-03 22:57:30,688,0
2026-09-03 22:58:30,1232,0
2026-09-03 22:59:30,1159,0
2026-09-03 23:00:30,997,0
2026-09-03 23:01:30,775,0
2026-09-03 23:02:31,746,0
2026-09-03 23:03:30,720,0
2026-09-03 23:04:30,638,0
2026-09-03 23:05:30,366,0
2026-09-03 23:06:30,364,0
2026-09-03 23:07:30,363,0
2026-09-03 23:08:31,357,0
2026-09-03 23:09:30,363,0
2026-09-03 23:10:30,627,0
2026-09-03 23:11:30,850,0
2026-09-03 23:12:30,1220,0
2026-09-03 23:13:30,1055,0
2026-09-03 23:14:31,936,0
2026-09-03 23:15:30,930,0
2026-09-03 23:16:30,847,0
2026-09-03 23:17:30,461,0
2026-09-03 23:18:30,358,0
2026-09-03 23:19:30,362,0
2026-09-03 23:20:31,358,0
2026-09-03 23:21:30,362,0
2026-09-03 23:22:30,363,0
2026-09-03 23:23:30,356,0
2026-09-03 23:24:30,368,0
2026-09-03 23:25:30,812,0
2026-09-03 23:26:31,990,0
2026-09-03 23:27:30,998,0
2026-09-03 23:28:30,978,0
2026-09-03 23:29:30,994,0
2026-09-03 23:30:31,943,0
2026-09-03 23:31:30,578,0
2026-09-03 23:32:30,496,0
2026-09-03 23:33:30,299,0
2026-09-03 23:34:30,253,0
2026-09-03 23:35:30,250,0
2026-09-03 23:36:31,254,0
2026-09-03 23:37:30,260,0
2026-09-03 23:38:30,254,0
2026-09-03 23:39:30,560,0
2026-09-03 23:40:30,885,0
2026-09-03 23:41:30,773,0
2026-09-03 23:42:31,638,0
2026-09-03 23:43:30,683,0
2026-09-03 23:44:30,885,0
2026-09-03 23:45:30,490,0
2026-09-03 23:46:30,479,0
2026-09-03 23:47:30,463,0
2026-09-03 23:48:31,488,0
2026-09-03 23:49:30,423,0
2026-09-03 23:50:30,272,0
2026-09-03 23:51:30,277,0
2026-09-03 23:52:30,325,0
2026-09-03 23:53:31,343,0
2026-09-03 23:54:30,328,0
2026-09-03 23:55:30,312,0
2026-09-03 23:56:30,272,0
2026-09-03 23:57:30,227,0
2026-09-03 23:58:30,235,0
2026-09-03 23:59:31,289,0
2026-09-04 00:00:30,496,0
2026-09-04 00:01:30,451,0
2026-09-04 00:02:30,448,0
2026-09-04 00:03:30,436,0
2026-09-04 00:04:30,428,0
2026-09-04 00:05:31,273,0
2026-09-04 00:06:30,203,0
2026-09-04 00:07:30,206,0
2026-09-04 00:08:30,203,0
2026-09-04 00:09:30,200,0
2026-09-04 00:10:30,199,0
2026-09-04 00:11:31,199,0
2026-09-04 00:12:30,203,0
2026-09-04 00:13:30,202,0
2026-09-04 00:14:30,205,0
2026-09-04 00:15:30,202,0
2026-09-04 00:16:30,443,0
2026-09-04 00:17:31,426,0
2026-09-04 00:18:30,427,0
2026-09-04 00:19:30,407,0
2026-09-04 00:20:30,397,0
2026-09-04 00:21:30,314,0
2026-09-04 00:22:30,205,0
2026-09-04 00:23:30,202,0
2026-09-04 00:24:31,311,0
2026-09-04 00:25:30,318,0
2026-09-04 00:26:30,311,0
2026-09-04 00:27:30,325,0
2026-09-04 00:28:30,219,0
2026-09-04 00:29:30,227,0
2026-09-04 00:30:31,293,0
2026-09-04 00:31:30,293,0
2026-09-04 00:32:30,341,0
2026-09-04 00:33:30,601,0
2026-09-04 00:34:30,538,0
2026-09-04 00:35:30,534,0
2026-09-04 00:36:31,527,0
2026-09-04 00:37:30,611,0
2026-09-04 00:38:30,631,0
2026-09-04 00:39:30,319,0
2026-09-04 00:40:30,370,0
2026-09-04 00:41:30,400,0
2026-09-04 00:42:31,394,0
2026-09-04 00:43:30,384,0
2026-09-04 00:44:30,372,0
2026-09-04 00:45:30,371,0
2026-09-04 00:46:31,385,0
2026-09-04 00:47:30,394,0
2026-09-04 00:48:30,389,0
2026-09-04 00:49:30,380,0
2026-09-04 00:50:30,380,0
2026-09-04 00:51:30,387,0
2026-09-04 00:52:31,384,0
2026-09-04 00:53:30,383,0
2026-09-04 00:54:30,376,0
2026-09-04 00:55:30,391,0
2026-09-04 00:56:30,337,0
2026-09-04 00:57:30,288,0
2026-09-04 00:58:31,271,0
2026-09-04 00:59:30,130,0
2026-09-04 01:00:30,129,0
2026-09-04 01:01:30,131,0
2026-09-04 01:02:30,171,0
2026-09-04 01:03:30,171,0
2026-09-04 01:04:31,172,0
2026-09-04 01:05:30,171,0
2026-09-04 01:06:30,175,0
2026-09-04 01:07:30,177,0
2026-09-04 01:08:30,180,0
2026-09-04 01:09:30,182,0
2026-09-04 01:10:31,175,0
2026-09-04 01:11:30,181,0
2026-09-04 01:12:30,179,0
2026-09-04 01:13:30,179,0
2026-09-04 01:14:30,178,0
2026-09-04 01:15:30,175,0
2026-09-04 01:16:30,176,0
2026-09-04 01:17:30,175,0
2026-09-04 01:18:30,174,0
2026-09-04 01:19:30,171,0
2026-09-04 01:20:30,170,0
2026-09-04 01:21:31,173,0
2026-09-04 01:22:30,172,0
2026-09-04 01:23:30,173,0
2026-09-04 01:24:30,169,0
2026-09-04 01:25:30,168,0
2026-09-04 01:26:30,170,0
2026-09-04 01:27:31,170,0
2026-09-04 01:28:30,170,0
2026-09-04 01:29:30,167,0
2026-09-04 01:30:30,166,0
2026-09-04 01:31:30,169,0
2026-09-04 01:32:31,169,0
2026-09-04 01:33:30,169,0
2026-09-04 01:34:30,166,0
2026-09-04 01:35:30,170,0
2026-09-04 01:36:30,169,0
2026-09-04 01:37:30,166,0
2026-09-04 01:38:31,163,0
2026-09-04 01:39:30,166,0
2026-09-04 01:40:30,160,0
2026-09-04 01:41:30,162,0
2026-09-04 01:42:30,163,0
2026-09-04 01:43:30,162,0
2026-09-04 01:44:30,159,0
2026-09-04 01:45:30,159,0
2026-09-04 01:46:30,161,0
2026-09-04 01:47:30,161,0
2026-09-04 01:48:30,161,0
2026-09-04 01:49:30,158,0
2026-09-04 01:50:30,157,0
2026-09-04 01:51:31,160,0
2026-09-04 01:52:30,159,0
2026-09-04 01:53:30,158,0
2026-09-04 01:54:30,155,0
2026-09-04 01:55:30,155,0
2026-09-04 01:56:30,157,0
2026-09-04 01:57:31,157,0
2026-09-04 01:58:30,157,0
2026-09-04 01:59:30,154,0
2026-09-04 02:00:30,154,0
2026-09-04 02:01:30,157,0
2026-09-04 02:02:30,148,0
2026-09-04 02:03:31,155,0
2026-09-04 02:04:30,152,0
2026-09-04 02:05:30,149,0
2026-09-04 02:06:30,154,0
2026-09-04 02:07:30,154,0
2026-09-04 02:08:30,154,0
2026-09-04 02:09:30,151,0
2026-09-04 02:10:31,151,0
2026-09-04 02:11:30,153,0
2026-09-04 02:12:30,154,0
2026-09-04 02:13:30,153,0
2026-09-04 02:14:30,151,0
2026-09-04 02:15:30,151,0
2026-09-04 02:16:31,154,0
2026-09-04 02:17:30,155,0
2026-09-04 02:18:30,153,0
2026-09-04 02:19:30,151,0
2026-09-04 02:20:30,150,0
2026-09-04 02:21:31,152,0
2026-09-04 02:22:30,152,0
2026-09-04 02:23:30,152,0
2026-09-04 02:24:30,151,0
2026-09-04 02:25:30,150,0
2026-09-04 02:26:30,154,0
2026-09-04 02:27:31,152,0
2026-09-04 02:28:30,152,0
2026-09-04 02:29:30,150,0
2026-09-04 02:30:30,149,0
2026-09-04 02:31:30,128,0
2026-09-04 02:32:31,102,0
2026-09-04 02:33:30,102,0
2026-09-04 02:34:30,101,0
2026-09-04 02:35:30,115,0
2026-09-04 02:36:30,105,0
2026-09-04 02:37:30,101,0
2026-09-04 02:38:30,105,0
2026-09-04 02:39:30,104,0
2026-09-04 02:40:30,103,0
2026-09-04 02:41:30,102,0
2026-09-04 02:42:30,102,0
2026-09-04 02:43:31,103,0
2026-09-04 02:44:30,103,0
2026-09-04 02:45:30,101,0
2026-09-04 02:46:30,102,0
2026-09-04 02:47:30,101,0
2026-09-04 02:48:30,101,0
2026-09-04 02:49:31,101,0
2026-09-04 02:50:30,100,0
2026-09-04 02:51:30,101,0
2026-09-04 02:52:30,101,0
2026-09-04 02:53:30,101,0
2026-09-04 02:54:30,99,0
2026-09-04 02:55:30,99,0
2026-09-04 02:56:30,100,0
2026-09-04 02:57:30,102,0
2026-09-04 02:58:30,101,0
2026-09-04 02:59:31,99,0
2026-09-04 03:00:30,99,0
2026-09-04 03:01:30,123,0
2026-09-04 03:02:30,143,0
2026-09-04 03:03:30,140,0
2026-09-04 03:04:30,135,0
2026-09-04 03:05:30,140,0
2026-09-04 03:06:30,143,0
2026-09-04 03:07:30,143,0
2026-09-04 03:08:30,142,0
2026-09-04 03:09:30,141,0
2026-09-04 03:10:30,140,0
2026-09-04 03:11:31,142,0
2026-09-04 03:12:30,145,0
2026-09-04 03:13:30,151,0
2026-09-04 03:14:30,151,0
2026-09-04 03:15:31,151,0
2026-09-04 03:16:30,151,0
2026-09-04 03:17:30,151,0
2026-09-04 03:18:30,151,0
2026-09-04 03:19:30,148,0
2026-09-04 03:20:30,148,0
2026-09-04 03:21:31,149,0
2026-09-04 03:22:30,149,0
2026-09-04 03:23:30,149,0
2026-09-04 03:24:30,146,0
2026-09-04 03:25:30,148,0
2026-09-04 03:26:30,152,0
2026-09-04 03:27:31,151,0
2026-09-04 03:28:30,151,0
2026-09-04 03:29:30,147,0
2026-09-04 03:30:30,146,0
2026-09-04 03:31:30,148,0
2026-09-04 03:32:30,148,0
2026-09-04 03:33:31,149,0
2026-09-04 03:34:30,146,0
2026-09-04 03:35:30,146,0
2026-09-04 03:36:30,150,0
2026-09-04 03:37:30,149,0
2026-09-04 03:38:30,156,0
2026-09-04 03:39:31,146,0
2026-09-04 03:40:30,146,0
2026-09-04 03:41:30,148,0
2026-09-04 03:42:30,148,0
2026-09-04 03:43:30,148,0
2026-09-04 03:44:30,145,0
2026-09-04 03:45:30,145,0
2026-09-04 03:46:31,148,0
2026-09-04 03:47:30,148,0
2026-09-04 03:48:30,148,0
2026-09-04 03:49:30,142,0
2026-09-04 03:50:30,140,0
2026-09-04 03:51:30,142,0
2026-09-04 03:52:31,142,0
2026-09-04 03:53:30,100,0
2026-09-04 03:54:30,98,0
2026-09-04 03:55:30,97,0
2026-09-04 03:56:30,100,0
2026-09-04 03:57:30,100,0
2026-09-04 03:58:31,100,0
2026-09-04 03:59:30,98,0
2026-09-04 04:00:30,98,0
2026-09-04 04:01:30,100,0
2026-09-04 04:02:30,99,0
2026-09-04 04:03:30,99,0
2026-09-04 04:04:31,98,0
2026-09-04 04:05:30,98,0
2026-09-04 04:06:30,99,0
2026-09-04 04:07:30,99,0
2026-09-04 04:08:30,99,0
2026-09-04 04:09:30,98,0
2026-09-04 04:10:31,98,0
2026-09-04 04:11:30,99,0
2026-09-04 04:12:30,99,0
2026-09-04 04:13:30,99,0
2026-09-04 04:14:30,97,0
2026-09-04 04:15:30,97,0
2026-09-04 04:16:31,99,0
2026-09-04 04:17:30,100,0
2026-09-04 04:18:30,100,0
2026-09-04 04:19:30,97,0
2026-09-04 04:20:30,98,0
2026-09-04 04:21:30,98,0
2026-09-04 04:22:31,99,0
2026-09-04 04:23:30,98,0
2026-09-04 04:24:30,97,0
2026-09-04 04:25:30,98,0
2026-09-04 04:26:30,98,0
2026-09-04 04:27:30,100,0
2026-09-04 04:28:30,99,0
2026-09-04 04:29:31,99,0
2026-09-04 04:30:30,96,0
2026-09-04 04:31:30,99,0
2026-09-04 04:32:30,99,0
2026-09-04 04:33:30,118,0
2026-09-04 04:34:30,148,0
2026-09-04 04:35:31,147,0
2026-09-04 04:36:30,149,0
2026-09-04 04:37:30,151,0
2026-09-04 04:38:30,157,0
2026-09-04 04:39:30,149,0
2026-09-04 04:40:30,151,0
2026-09-04 04:41:31,151,0
2026-09-04 04:42:30,154,0
2026-09-04 04:43:30,155,0
2026-09-04 04:44:30,149,0
2026-09-04 04:45:30,147,0
2026-09-04 04:46:30,149,0
2026-09-04 04:47:31,149,0
2026-09-04 04:48:30,149,0
2026-09-04 04:49:30,146,0
2026-09-04 04:50:30,146,0
2026-09-04 04:51:30,149,0
2026-09-04 04:52:30,149,0
2026-09-04 04:53:31,149,0
2026-09-04 04:54:30,151,0
2026-09-04 04:55:30,151,0
2026-09-04 04:56:30,153,0
2026-09-04 04:57:30,154,0
2026-09-04 04:58:30,152,0
2026-09-04 04:59:30,149,0
2026-09-04 05:00:31,149,0
2026-09-04 05:01:30,152,0
2026-09-04 05:02:30,152,0
2026-09-04 05:03:30,152,0
2026-09-04 05:04:30,152,0
2026-09-04 05:05:30,149,0
2026-09-04 05:06:31,152,0
2026-09-04 05:07:30,152,0
2026-09-04 05:08:30,148,0
2026-09-04 05:09:30,144,0
2026-09-04 05:10:30,143,0
2026-09-04 05:11:30,145,0
2026-09-04 05:12:30,145,0
2026-09-04 05:13:31,145,0
2026-09-04 05:14:30,142,0
2026-09-04 05:15:30,140,0
2026-09-04 05:16:30,101,0
2026-09-04 05:17:30,101,0
2026-09-04 05:18:30,101,0
2026-09-04 05:19:31,100,0
2026-09-04 05:20:30,99,0
2026-09-04 05:21:30,101,0
2026-09-04 05:22:30,101,0
2026-09-04 05:23:30,101,0
2026-09-04 05:24:30,99,0
2026-09-04 05:25:31,101,0
2026-09-04 05:26:30,101,0
2026-09-04 05:27:30,101,0
2026-09-04 05:28:30,101,0
2026-09-04 05:29:30,98,0
2026-09-04 05:30:30,98,0
2026-09-04 05:31:30,101,0
2026-09-04 05:32:31,101,0
2026-09-04 05:33:30,100,0
2026-09-04 05:34:30,98,0
2026-09-04 05:35:30,99,0
2026-09-04 05:36:30,100,0
2026-09-04 05:37:30,100,0
2026-09-04 05:38:31,107,0
2026-09-04 05:39:30,98,0
2026-09-04 05:40:30,98,0
2026-09-04 05:41:30,100,0
2026-09-04 05:42:30,100,0
2026-09-04 05:43:30,100,0
2026-09-04 05:44:31,98,0
2026-09-04 05:45:30,98,0
2026-09-04 05:46:30,100,0
2026-09-04 05:47:30,100,0
2026-09-04 05:48:30,100,0
2026-09-04 05:49:31,98,0
2026-09-04 05:50:30,98,0
2026-09-04 05:51:30,100,0
2026-09-04 05:52:30,100,0
2026-09-04 05:53:30,99,0
2026-09-04 05:54:30,100,0
2026-09-04 05:55:31,98,0
2026-09-04 05:56:30,100,0
2026-09-04 05:57:30,99,0
2026-09-04 05:58:30,100,0
2026-09-04 05:59:30,117,0
2026-09-04 06:00:30,145,0
2026-09-04 06:01:31,149,0
2026-09-04 06:02:30,149,0
2026-09-04 06:03:30,150,0
2026-09-04 06:04:30,148,0
2026-09-04 06:05:30,148,0
2026-09-04 06:06:30,151,0
2026-09-04 06:07:30,150,0
2026-09-04 06:08:30,151,0
2026-09-04 06:09:30,148,0
2026-09-04 06:10:30,147,0
2026-09-04 06:11:30,149,0
2026-09-04 06:12:31,148,0
2026-09-04 06:13:30,149,0
2026-09-04 06:14:30,147,0
2026-09-04 06:15:30,146,0
2026-09-04 06:16:30,148,0
2026-09-04 06:17:30,151,0
2026-09-04 06:18:31,148,0
2026-09-04 06:19:30,146,0
2026-09-04 06:20:30,146,0
2026-09-04 06:21:30,148,0
2026-09-04 06:22:30,148,0
2026-09-04 06:23:30,148,0
2026-09-04 06:24:31,145,0
2026-09-04 06:25:30,146,0
2026-09-04 06:26:30,148,0
2026-09-04 06:27:30,145,0
2026-09-04 06:28:30,148,0
2026-09-04 06:29:30,253,0
2026-09-04 06:30:31,265,0
2026-09-04 06:31:30,143,0
2026-09-04 06:32:30,142,0
2026-09-04 06:33:30,142,0
2026-09-04 06:34:30,139,0
2026-09-04 06:35:30,141,0
2026-09-04 06:36:31,140,0
2026-09-04 06:37:30,140,0
2026-09-04 06:38:30,211,0
2026-09-04 06:39:30,248,0
2026-09-04 06:40:30,161,0
2026-09-04 06:41:31,97,0
2026-09-04 06:42:30,100,0
2026-09-04 06:43:30,99,0
2026-09-04 06:44:30,98,0
2026-09-04 06:45:30,104,0
2026-09-04 06:46:30,100,0
2026-09-04 06:47:31,100,0
2026-09-04 06:48:30,100,0
2026-09-04 06:49:30,98,0
2026-09-04 06:50:30,98,0
2026-09-04 06:51:30,100,0
2026-09-04 06:52:30,100,0
2026-09-04 06:53:31,100,1
2026-09-04 06:54:30,98,1
2026-09-04 06:55:30,100,0
2026-09-04 06:56:30,96,0
2026-09-04 06:57:30,88,1
2026-09-04 06:58:30,88,5
2026-09-04 06:59:31,86,11
2026-09-04 07:00:30,86,14
2026-09-04 07:01:30,88,20
2026-09-04 07:02:30,91,26
2026-09-04 07:03:30,142,34
2026-09-04 07:04:30,77,40
2026-09-04 07:05:31,76,46
2026-09-04 07:06:30,77,52
2026-09-04 07:07:30,77,56
2026-09-04 07:08:30,90,62
2026-09-04 07:09:30,107,67
2026-09-04 07:10:31,248,72
2026-09-04 07:11:30,763,79
2026-09-04 07:12:30,510,83
2026-09-04 07:13:30,759,89
2026-09-04 07:14:30,770,94
2026-09-04 07:15:30,635,97
2026-09-04 07:16:31,466,103
2026-09-04 07:17:30,262,106
2026-09-04 07:18:30,511,113
2026-09-04 07:19:30,314,115
2026-09-04 07:20:30,333,121
2026-09-04 07:21:31,242,128
2026-09-04 07:22:30,641,134
2026-09-04 07:23:30,350,143
2026-09-04 07:24:30,350,151
2026-09-04 07:25:30,323,155
2026-09-04 07:26:31,328,171
2026-09-04 07:27:30,367,193
2026-09-04 07:28:30,305,211
2026-09-04 07:29:30,521,231
2026-09-04 07:30:30,2212,263
2026-09-04 07:31:30,2236,296
2026-09-04 07:32:31,2207,308
2026-09-04 07:33:30,2326,329
2026-09-04 07:34:30,2322,347
2026-09-04 07:35:30,2180,358
2026-09-04 07:36:30,277,379
2026-09-04 07:37:31,288,397
2026-09-04 07:38:30,280,414
2026-09-04 07:39:30,272,428
2026-09-04 07:40:30,268,439
2026-09-04 07:41:30,276,467
2026-09-04 07:42:30,266,477
2026-09-04 07:43:31,269,506
2026-09-04 07:44:30,279,526
2026-09-04 07:45:30,263,536
2026-09-04 07:46:30,277,554
2026-09-04 07:47:30,267,568
2026-09-04 07:48:30,266,597
2026-09-04 07:49:31,271,614
2026-09-04 07:50:30,272,622
2026-09-04 07:51:30,268,650
2026-09-04 07:52:30,272,660
2026-09-04 07:53:30,280,694
2026-09-04 07:54:30,270,700
2026-09-04 07:55:31,269,667
2026-09-04 07:56:30,276,709
2026-09-04 07:57:30,260,761
2026-09-04 07:58:30,263,772
2026-09-04 07:59:30,271,744
2026-09-04 08:00:31,267,788
2026-09-04 08:01:30,249,824
2026-09-04 08:02:30,223,749
2026-09-04 08:03:30,244,803
2026-09-04 08:04:30,246,868
2026-09-04 08:05:30,219,923
2026-09-04 08:06:31,226,974
2026-09-04 08:07:30,209,979
2026-09-04 08:08:30,158,1022
2026-09-04 08:09:30,162,1046
2026-09-04 08:10:30,172,1056
2026-09-04 08:11:30,162,1102
2026-09-04 08:12:30,133,1137
2026-09-04 08:13:30,151,1179
2026-09-04 08:14:30,140,1208
2026-09-04 08:15:30,143,1216
2026-09-04 08:16:30,139,1265
2026-09-04 08:17:30,164,1297
2026-09-04 08:18:31,178,1326
2026-09-04 08:19:30,244,1354
2026-09-04 08:20:30,110,1359
2026-09-04 08:21:30,128,1411
2026-09-04 08:22:30,200,1418
2026-09-04 08:23:31,283,1471
2026-09-04 08:24:30,283,1496
2026-09-04 08:25:30,292,1513
2026-09-04 08:26:30,277,1583
2026-09-04 08:27:30,292,1588
2026-09-04 08:28:30,281,1644
2026-09-04 08:29:31,174,1672
2026-09-04 08:30:30,143,1676
2026-09-04 08:31:30,152,1732
2026-09-04 08:32:30,139,1738
2026-09-04 08:33:30,131,1796
2026-09-04 08:34:31,152,1825
2026-09-04 08:35:30,180,1826
2026-09-04 08:36:30,205,1891
2026-09-04 08:37:30,214,1890
2026-09-04 08:38:30,100,1952
2026-09-04 08:39:30,149,1982
2026-09-04 08:40:30,243,1982
2026-09-04 08:41:30,296,2047
2026-09-04 08:42:30,316,2077
2026-09-04 08:43:30,319,2144
2026-09-04 08:44:30,305,2138
2026-09-04 08:45:31,317,2143
2026-09-04 08:46:30,262,2179
2026-09-04 08:47:30,195,2215
2026-09-04 08:48:30,175,2287
2026-09-04 08:49:30,188,2219
2026-09-04 08:50:30,199,2221
2026-09-04 08:51:31,191,2335
2026-09-04 08:52:30,176,2335
2026-09-04 08:53:30,200,2417
2026-09-04 08:54:30,220,2445
2026-09-04 08:55:30,279,2441
2026-09-04 08:56:30,157,2455
2026-09-04 08:57:31,158,2473
2026-09-04 08:58:30,224,2604
2026-09-04 08:59:30,302,2611
2026-09-04 09:00:30,287,2593
2026-09-04 09:01:30,314,2662
2026-09-04 09:02:30,293,2658
2026-09-04 09:03:31,295,2690
2026-09-04 09:04:30,276,2723
2026-09-04 09:05:30,183,2798
2026-09-04 09:06:30,172,2824
2026-09-04 09:07:30,176,2806
2026-09-04 09:08:30,222,2885
2026-09-04 09:09:30,236,2952
2026-09-04 09:10:31,273,2989
2026-09-04 09:11:30,134,3020
2026-09-04 09:12:30,179,3008
2026-09-04 09:13:30,230,3089
2026-09-04 09:14:30,311,3060
2026-09-04 09:15:30,305,3143
2026-09-04 09:16:31,312,3117
2026-09-04 09:17:30,338,3196
2026-09-04 09:18:30,311,3179
2026-09-04 09:19:30,316,3263
2026-09-04 09:20:30,205,3289
2026-09-04 09:21:31,206,3322
2026-09-04 09:22:30,189,3302
2026-09-04 09:23:30,178,3328
2026-09-04 09:24:30,198,3413
2026-09-04 09:25:30,196,3439
2026-09-04 09:26:30,209,3472
2026-09-04 09:27:30,211,3443
2026-09-04 09:28:31,257,3473
2026-09-04 09:29:30,320,3556
2026-09-04 09:30:30,179,3576
2026-09-04 09:31:30,194,3605
2026-09-04 09:32:30,194,3581
2026-09-04 09:33:30,180,3609
2026-09-04 09:34:31,781,3703
2026-09-04 09:35:30,2312,3730
2026-09-04 09:36:30,2285,3753
2026-09-04 09:37:30,2216,3715
2026-09-04 09:38:30,2207,3746
2026-09-04 09:39:30,2258,3838
2026-09-04 09:40:31,2252,3869
2026-09-04 09:41:30,2208,3886
2026-09-04 09:42:30,1138,3859
2026-09-04 09:43:30,157,3885
2026-09-04 09:44:30,163,3968
2026-09-04 09:45:31,155,3994
2026-09-04 09:46:30,153,4021
2026-09-04 09:47:30,154,4048
2026-09-04 09:48:30,157,4007
2026-09-04 09:49:30,155,4096
2026-09-04 09:50:30,150,4129
2026-09-04 09:51:31,152,4141
2026-09-04 09:52:30,1828,4171
2026-09-04 09:53:30,2210,4119
2026-09-04 09:54:30,2211,4221
2026-09-04 09:55:30,2197,4255
2026-09-04 09:56:30,2205,4282
2026-09-04 09:57:31,2191,4232
2026-09-04 09:58:30,2192,4230
2026-09-04 09:59:30,1721,4322
2026-09-04 10:00:30,1246,4358
2026-09-04 10:01:30,514,4388
2026-09-04 10:02:30,2227,4351
2026-09-04 10:03:30,2234,4387
2026-09-04 10:04:31,2248,4480
2026-09-04 10:05:30,362,4517
2026-09-04 10:06:30,244,4532
2026-09-04 10:07:30,1312,4478
2026-09-04 10:08:30,2286,4487
2026-09-04 10:09:30,2243,4586
2026-09-04 10:10:31,2234,4608
2026-09-04 10:11:30,2213,4614
2026-09-04 10:12:30,2202,4566
2026-09-04 10:13:30,567,4586
2026-09-04 10:14:30,238,4720
2026-09-04 10:15:30,226,4749
2026-09-04 10:16:31,221,4764
2026-09-04 10:17:30,2039,4700
2026-09-04 10:18:30,2021,4724
2026-09-04 10:19:30,182,4836
2026-09-04 10:20:30,179,4852
2026-09-04 10:21:30,173,4865
2026-09-04 10:22:30,169,4810
2026-09-04 10:23:31,171,4843
2026-09-04 10:24:30,181,4943
2026-09-04 10:25:30,178,4950
2026-09-04 10:26:30,176,4973
2026-09-04 10:27:31,170,4916
2026-09-04 10:28:30,170,4946
2026-09-04 10:29:30,173,5029
2026-09-04 10:30:30,173,5052
2026-09-04 10:31:30,173,5095
2026-09-04 10:32:30,169,5054
2026-09-04 10:33:31,166,5063
2026-09-04 10:34:30,178,5132
2026-09-04 10:35:30,167,5147
2026-09-04 10:36:30,168,5173
2026-09-04 10:37:30,169,5195
2026-09-04 10:38:30,163,5145
2026-09-04 10:39:31,167,5258
2026-09-04 10:40:30,167,5276
2026-09-04 10:41:30,173,5312
2026-09-04 10:42:30,178,5331
2026-09-04 10:43:30,175,5262
2026-09-04 10:44:30,174,5373
2026-09-04 10:45:30,174,5384
2026-09-04 10:46:31,189,5422
2026-09-04 10:47:30,209,5438
2026-09-04 10:48:30,197,5464
2026-09-04 10:49:30,200,5569
2026-09-04 10:50:30,199,5566
2026-09-04 10:51:30,196,5561
2026-09-04 10:52:31,181,5489
2026-09-04 10:53:30,165,5609
2026-09-04 10:54:30,161,5618
2026-09-04 10:55:30,161,5608
2026-09-04 10:56:30,160,5650
2026-09-04 10:57:30,160,5600
2026-09-04 10:58:31,160,5627
2026-09-04 10:59:30,163,5721
2026-09-04 11:00:30,163,5835
2026-09-04 11:01:30,169,5667
2026-09-04 11:02:30,192,5687
2026-09-04 11:03:30,188,5700
2026-09-04 11:04:31,186,5807
2026-09-04 11:05:30,155,5816
2026-09-04 11:06:30,155,5839
2026-09-04 11:07:30,152,5761
2026-09-04 11:08:30,151,5778
2026-09-04 11:09:30,154,5881
2026-09-04 11:10:31,157,6007
2026-09-04 11:11:30,154,5908
2026-09-04 11:12:30,152,5823
2026-09-04 11:13:30,131,5851
2026-09-04 11:14:30,136,5973
2026-09-04 11:15:30,130,5989
2026-09-04 11:16:31,128,6004
2026-09-04 11:17:30,149,5908
2026-09-04 11:18:30,156,5810
2026-09-04 11:19:30,155,6011
2026-09-04 11:20:30,179,6010
2026-09-04 11:21:30,179,5998
2026-09-04 11:22:31,179,5906
2026-09-04 11:23:30,170,5905
2026-09-04 11:24:30,143,6005
2026-09-04 11:25:30,133,6004
2026-09-04 11:26:30,147,6004
2026-09-04 11:27:30,114,6103
2026-09-04 11:28:31,110,5904
2026-09-04 11:29:30,103,6002
2026-09-04 11:30:30,108,6004
2026-09-04 11:31:30,103,6007
2026-09-04 11:32:31,103,6007
2026-09-04 11:33:30,103,5908
2026-09-04 11:34:30,127,6007
2026-09-04 11:35:30,125,5909
2026-09-04 11:36:30,118,6007
2026-09-04 11:37:30,117,5900
2026-09-04 11:38:30,156,5905
2026-09-04 11:39:31,160,6005
2026-09-04 11:40:30,158,5902
2026-09-04 11:41:30,158,6004
2026-09-04 11:42:30,157,5906
2026-09-04 11:43:30,177,6002
2026-09-04 11:44:30,277,6002
2026-09-04 11:45:31,256,5907
2026-09-04 11:46:30,174,6012
2026-09-04 11:47:30,799,5912
2026-09-04 11:48:30,359,6010
2026-09-04 11:49:30,530,6008
2026-09-04 11:50:30,917,5905
2026-09-04 11:51:31,782,6002
2026-09-04 11:52:30,886,5904
2026-09-04 11:53:30,911,6002
2026-09-04 11:54:30,810,6001
2026-09-04 11:55:30,780,5901
2026-09-04 11:56:30,796,6001
2026-09-04 11:57:30,609,5901
2026-09-04 11:58:30,805,5999
2026-09-04 11:59:30,527,5999
2026-09-04 12:00:30,812,6000
2026-09-04 12:01:30,772,5908
2026-09-04 12:02:30,149,5910
2026-09-04 12:03:30,160,6010
2026-09-04 12:04:31,161,6008
2026-09-04 12:05:30,157,5909
2026-09-04 12:06:30,161,6007
2026-09-04 12:07:30,159,5905
2026-09-04 12:08:30,161,6005
2026-09-04 12:09:30,161,6001
2026-09-04 12:10:30,169,6003
2026-09-04 12:11:31,161,6002
2026-09-04 12:12:30,164,5901
2026-09-04 12:13:30,165,6005
2026-09-04 12:14:30,172,6004
2026-09-04 12:15:30,196,6003
2026-09-04 12:16:30,221,6008
2026-09-04 12:17:31,190,5909
2026-09-04 12:18:30,187,6008
2026-09-04 12:19:30,185,6007
2026-09-04 12:20:30,184,6007
2026-09-04 12:21:30,182,6005
2026-09-04 12:22:30,181,5905
2026-09-04 12:23:31,184,6004
2026-09-04 12:24:30,184,6002
2026-09-04 12:25:30,184,6003
2026-09-04 12:26:30,184,6004
2026-09-04 12:27:30,180,5903
2026-09-04 12:28:30,182,6003
2026-09-04 12:29:31,266,6001
2026-09-04 12:30:30,290,5901
2026-09-04 12:31:30,282,6009
2026-09-04 12:32:30,151,5909
2026-09-04 12:33:30,146,6010
2026-09-04 12:34:30,142,6009
2026-09-04 12:35:31,137,5907
2026-09-04 12:36:30,137,6007
2026-09-04 12:37:30,134,5904
2026-09-04 12:38:30,143,5999
2026-09-04 12:39:30,245,6005
2026-09-04 12:40:30,242,5903
2026-09-04 12:41:30,248,6002
2026-09-04 12:42:31,242,5903
2026-09-04 12:43:30,246,6001
2026-09-04 12:44:30,244,6002
2026-09-04 12:45:30,242,5905
2026-09-04 12:46:30,251,6010
2026-09-04 12:47:30,254,5911
2026-09-04 12:48:31,266,6007
2026-09-04 12:49:30,259,6004
2026-09-04 12:50:30,249,5905
2026-09-04 12:51:30,254,6001
2026-09-04 12:52:30,275,5905
2026-09-04 12:53:30,274,6006
2026-09-04 12:54:31,255,6005
2026-09-04 12:55:30,269,5903
2026-09-04 12:56:30,723,6004
2026-09-04 12:57:30,779,5900
2026-09-04 12:58:30,792,6005
2026-09-04 12:59:30,818,6004
2026-09-04 13:00:31,810,5905
2026-09-04 13:01:30,784,6002
2026-09-04 13:02:30,1753,5900
2026-09-04 13:03:30,1508,6000
2026-09-04 13:04:30,985,6000
2026-09-04 13:05:30,1343,5903
2026-09-04 13:06:31,809,6003
2026-09-04 13:07:30,817,5900
2026-09-04 13:08:30,820,6001
2026-09-04 13:09:30,830,5999
2026-09-04 13:10:30,828,5900
2026-09-04 13:11:30,1215,6000
2026-09-04 13:12:31,823,5902
2026-09-04 13:13:30,856,6002
2026-09-04 13:14:30,855,6001
2026-09-04 13:15:30,827,5902
2026-09-04 13:16:30,832,6007
2026-09-04 13:17:30,795,5906
2026-09-04 13:18:31,809,6004
2026-09-04 13:19:30,811,5999
2026-09-04 13:20:30,770,5901
2026-09-04 13:21:30,1126,6000
2026-09-04 13:22:30,1666,5899
2026-09-04 13:23:30,752,6000
2026-09-04 13:24:31,1036,5998
2026-09-04 13:25:30,1192,5897
2026-09-04 13:26:30,1236,5997
2026-09-04 13:27:30,1247,5897
2026-09-04 13:28:30,1323,5997
2026-09-04 13:29:30,1379,5996
2026-09-04 13:30:31,1403,5899
2026-09-04 13:31:30,1468,6003
2026-09-04 13:32:30,1480,5903
2026-09-04 13:33:30,1624,6002
2026-09-04 13:34:30,1717,6000
2026-09-04 13:35:30,1663,5903
2026-09-04 13:36:31,1615,6002
2026-09-04 13:37:30,1574,5902
2026-09-04 13:38:30,1624,6001
2026-09-04 13:39:30,1660,5998
2026-09-04 13:40:30,1634,5899
2026-09-04 13:41:30,1661,6000
2026-09-04 13:42:31,1653,5900
2026-09-04 13:43:30,1704,6002
2026-09-04 13:44:30,1700,5997
2026-09-04 13:45:30,1694,5900
2026-09-04 13:46:30,1715,6004
2026-09-04 13:47:30,1676,5905
2026-09-04 13:48:31,1704,6002
2026-09-04 13:49:30,2075,6004
2026-09-04 13:50:30,1736,5905
2026-09-04 13:51:30,1991,6005
2026-09-04 13:52:30,1998,5901
2026-09-04 13:53:31,1769,6000
2026-09-04 13:54:30,1962,5999
2026-09-04 13:55:30,1715,5902
2026-09-04 13:56:30,1402,6001
2026-09-04 13:57:30,1375,5901
2026-09-04 13:58:30,1420,6001
2026-09-04 13:59:31,1465,6000
2026-09-04 14:00:30,1367,5899
2026-09-04 14:01:30,1381,5999
2026-09-04 14:02:30,1234,5499
2026-09-04 14:03:30,1313,6002
2026-09-04 14:04:30,1306,6000
2026-09-04 14:05:30,1226,5902
2026-09-04 14:06:30,1198,6005
2026-09-04 14:07:30,1608,5902
2026-09-04 14:08:30,3338,5998
2026-09-04 14:09:30,3292,5998
2026-09-04 14:10:31,3182,5891
2026-09-04 14:11:30,3179,5997
2026-09-04 14:12:30,3095,5896
2026-09-04 14:13:30,3173,5995
2026-09-04 14:14:30,1123,5998
2026-09-04 14:15:30,1009,5899
2026-09-04 14:16:31,937,6001
2026-09-04 14:17:30,925,5901
2026-09-04 14:18:30,925,6001
2026-09-04 14:19:30,932,6002
2026-09-04 14:20:30,1042,5903
2026-09-04 14:21:30,1035,6005
2026-09-04 14:22:30,1461,5904
2026-09-04 14:23:31,1259,6002
2026-09-04 14:24:30,1462,6002
2026-09-04 14:25:30,2681,5900
2026-09-04 14:26:30,3014,5998
2026-09-04 14:27:30,2928,5899
2026-09-04 14:28:31,2960,5998
2026-09-04 14:29:30,2967,5995
2026-09-04 14:30:30,2915,5899
2026-09-04 14:31:30,2935,6002
2026-09-04 14:32:30,951,5905
2026-09-04 14:33:30,842,6007
2026-09-04 14:34:31,2052,6002
2026-09-04 14:35:30,2911,5902
2026-09-04 14:36:30,2941,6000
2026-09-04 14:37:30,2305,5899
2026-09-04 14:38:30,982,6000
2026-09-04 14:39:31,872,6001
2026-09-04 14:40:30,2839,5897
2026-09-04 14:41:30,2942,5998
2026-09-04 14:42:30,2860,5896
2026-09-04 14:43:30,2881,5999
2026-09-04 14:44:30,2882,6001
2026-09-04 14:45:31,1347,5905
2026-09-04 14:46:30,869,6003
2026-09-04 14:47:30,845,5902
2026-09-04 14:48:30,869,6002
2026-09-04 14:49:30,1559,5999
2026-09-04 14:50:30,2870,5896
2026-09-04 14:51:31,1860,5998
2026-09-04 14:52:30,815,5898
2026-09-04 14:53:30,886,5999
2026-09-04 14:54:30,937,5999
2026-09-04 14:55:30,925,5900
2026-09-04 14:56:30,944,6000
2026-09-04 14:57:31,926,5902
2026-09-04 14:58:30,942,6002
2026-09-04 14:59:30,967,6000
2026-09-04 15:00:30,1286,5897
2026-09-04 15:01:30,1150,5996
2026-09-04 15:02:31,1687,5894
2026-09-04 15:03:30,1028,6096
2026-09-04 15:04:30,1007,5996
2026-09-04 15:05:30,917,5896
2026-09-04 15:06:30,974,5996
2026-09-04 15:07:30,1151,5897
2026-09-04 15:08:31,3263,5993
2026-09-04 15:09:30,3228,5992
2026-09-04 15:10:30,3171,5896
2026-09-04 15:11:30,3232,5996
2026-09-04 15:12:30,3180,5894
2026-09-04 15:13:30,3234,5996
2026-09-04 15:14:30,3239,5997
2026-09-04 15:15:31,3175,5895
2026-09-04 15:16:30,3229,5995
2026-09-04 15:17:30,3185,5891
2026-09-04 15:18:30,3233,5982
2026-09-04 15:19:30,3260,5963
2026-09-04 15:20:30,3354,5932
2026-09-04 15:21:31,3328,5915
2026-09-04 15:22:30,3176,5795
2026-09-04 15:23:30,3227,5866
2026-09-04 15:24:30,3233,5856
2026-09-04 15:25:30,3267,5760
2026-09-04 15:26:30,3328,5839
2026-09-04 15:27:31,3284,5713
2026-09-04 15:28:30,3346,5794
2026-09-04 15:29:30,3359,5780
2026-09-04 15:30:30,3301,5698
2026-09-04 15:31:30,3334,5823
2026-09-04 15:32:30,3263,5727
2026-09-04 15:33:30,3306,5774
2026-09-04 15:34:30,3313,5743
2026-09-04 15:35:30,3254,5624
2026-09-04 15:36:30,3308,5687
2026-09-04 15:37:30,3250,5561
2026-09-04 15:38:31,3304,5613
2026-09-04 15:39:30,3303,5598
2026-09-04 15:40:30,3252,5496
2026-09-04 15:41:30,3304,5574
2026-09-04 15:42:30,3248,5477
2026-09-04 15:43:30,3306,5567
2026-09-04 15:44:30,3309,5554
2026-09-04 15:45:30,3309,5525
2026-09-04 15:46:30,3308,5487
2026-09-04 15:47:30,3250,5362
2026-09-04 15:48:30,3297,5434
2026-09-04 15:49:30,3298,5395
2026-09-04 15:50:31,3248,5290
2026-09-04 15:51:30,3305,5375
2026-09-04 15:52:30,3359,5221
2026-09-04 15:53:30,3462,5273
2026-09-04 15:54:30,3371,5308
2026-09-04 15:55:30,3219,5204
2026-09-04 15:56:31,3241,5262
2026-09-04 15:57:30,3291,5137
2026-09-04 15:58:30,3346,5210
2026-09-04 15:59:30,3230,5201
2026-09-04 16:00:30,3175,5110
2026-09-04 16:01:30,3238,5172
2026-09-04 16:02:30,3180,5056
2026-09-04 16:03:31,3227,5111
2026-09-04 16:04:30,3212,5074
2026-09-04 16:05:30,3154,4953
2026-09-04 16:06:30,3204,5018
2026-09-04 16:07:30,3156,4945
2026-09-04 16:08:31,3211,5032
2026-09-04 16:09:30,3205,5019
2026-09-04 16:10:30,3210,4988
2026-09-04 16:11:30,3212,4966
2026-09-04 16:12:30,3155,4871
2026-09-04 16:13:30,3210,4928
2026-09-04 16:14:31,3215,4921
2026-09-04 16:15:30,3160,4814
2026-09-04 16:16:30,3206,4860
2026-09-04 16:17:30,3202,4828
2026-09-04 16:18:30,3209,4804
2026-09-04 16:19:31,3206,4787
2026-09-04 16:20:30,3203,4680
2026-09-04 16:21:30,3316,4739
2026-09-04 16:22:30,3280,4625
2026-09-04 16:23:30,3219,4678
2026-09-04 16:24:31,3228,4657
2026-09-04 16:25:30,3208,4639
2026-09-04 16:26:30,3202,4606
2026-09-04 16:27:30,3904,4499
2026-09-04 16:28:30,5103,4550
2026-09-04 16:29:30,5125,4520
2026-09-04 16:30:31,5110,4496
2026-09-04 16:31:30,5099,4456
2026-09-04 16:32:30,5001,4352
2026-09-04 16:33:30,5077,4407
2026-09-04 16:34:30,5086,4388
2026-09-04 16:35:31,5197,4436
2026-09-04 16:36:30,5113,4351
2026-09-04 16:37:30,5024,4255
2026-09-04 16:38:30,5116,4299
2026-09-04 16:39:30,5108,4282
2026-09-04 16:40:30,5018,4199
2026-09-04 16:41:31,5016,4171
2026-09-04 16:42:30,5010,4134
2026-09-04 16:43:30,5090,4176
2026-09-04 16:44:30,5089,4141
2026-09-04 16:45:30,4996,4031
2026-09-04 16:46:30,5074,4064
2026-09-04 16:47:30,5077,4036
2026-09-04 16:48:31,5184,4006
2026-09-04 16:49:30,5176,3995
2026-09-04 16:50:30,4098,3714
2026-09-04 16:51:30,1184,3975
2026-09-04 16:52:30,858,3906
2026-09-04 16:53:30,874,3887
2026-09-04 16:54:31,865,3931
2026-09-04 16:55:30,883,3889
2026-09-04 16:56:30,877,3868
2026-09-04 16:57:30,859,3781
2026-09-04 16:58:30,872,3816
2026-09-04 16:59:31,868,3789
2026-09-04 17:00:30,878,3701
2026-09-04 17:01:30,862,3743
2026-09-04 17:02:30,785,3655
2026-09-04 17:03:30,881,3686
2026-09-04 17:04:30,922,3652
2026-09-04 17:05:30,959,3621
2026-09-04 17:06:31,946,3598
2026-09-04 17:07:30,803,3569
2026-09-04 17:08:30,808,3546
2026-09-04 17:09:30,811,3521
2026-09-04 17:10:30,833,3374
2026-09-04 17:11:30,831,3455
2026-09-04 17:12:31,787,3372
2026-09-04 17:13:30,798,3403
2026-09-04 17:14:30,799,3373
2026-09-04 17:15:30,824,3281
2026-09-04 17:16:30,931,3309
2026-09-04 17:17:30,867,3224
2026-09-04 17:18:30,958,3298
2026-09-04 17:19:31,961,3223
2026-09-04 17:20:30,968,3140
2026-09-04 17:21:30,957,3164
2026-09-04 17:22:30,1022,3080
2026-09-04 17:23:30,922,3103
2026-09-04 17:24:31,927,3072
2026-09-04 17:25:30,905,2944
2026-09-04 17:26:30,955,3040
2026-09-04 17:27:30,932,2972
2026-09-04 17:28:30,988,2992
2026-09-04 17:29:30,946,2952
2026-09-04 17:30:30,871,2872
2026-09-04 17:31:31,899,2899
2026-09-04 17:32:30,878,2824
2026-09-04 17:33:30,928,2845
2026-09-04 17:34:30,929,2812
2026-09-04 17:35:30,881,2726
2026-09-04 17:36:31,910,2741
2026-09-04 17:37:30,872,2662
2026-09-04 17:38:30,890,2677
2026-09-04 17:39:30,911,2651
2026-09-04 17:40:30,896,2576
2026-09-04 17:41:30,909,2594
2026-09-04 17:42:30,948,2567
2026-09-04 17:43:31,1093,2539
2026-09-04 17:44:30,991,2506
2026-09-04 17:45:30,1061,2425
2026-09-04 17:46:30,931,2437
2026-09-04 17:47:30,856,2365
2026-09-04 17:48:30,996,2368
2026-09-04 17:49:30,836,2338
2026-09-04 17:50:30,840,2265
2026-09-04 17:51:31,890,2269
2026-09-04 17:52:30,865,2204
2026-09-04 17:53:30,866,2210
2026-09-04 17:54:30,2012,2180
2026-09-04 17:55:30,2891,2112
2026-09-04 17:56:30,2906,2120
2026-09-04 17:57:31,2881,2058
2026-09-04 17:58:30,1538,2068
2026-09-04 17:59:30,1819,2042
2026-09-04 18:00:30,1605,1976
2026-09-04 18:01:30,900,1976
2026-09-04 18:02:30,893,1915
2026-09-04 18:03:31,875,1915
2026-09-04 18:04:30,863,1889
2026-09-04 18:05:30,1652,1830
2026-09-04 18:06:30,3140,1831
2026-09-04 18:07:30,3077,1778
2026-09-04 18:08:30,3155,1777
2026-09-04 18:09:30,3158,1752
2026-09-04 18:10:31,3058,1694
2026-09-04 18:11:30,3095,1690
2026-09-04 18:12:30,3079,1630
2026-09-04 18:13:30,3186,1624
2026-09-04 18:14:30,3246,1589
2026-09-04 18:15:30,3175,1531
2026-09-04 18:16:30,3147,1524
2026-09-04 18:17:30,3100,1472
2026-09-04 18:18:31,3160,1465
2026-09-04 18:19:30,3157,1441
2026-09-04 18:20:30,3130,1391
2026-09-04 18:21:30,3169,1390
2026-09-04 18:22:30,3120,1339
2026-09-04 18:23:30,3175,1331
2026-09-04 18:24:30,3173,1303
2026-09-04 18:25:31,3150,1274
2026-09-04 18:26:30,3152,1243
2026-09-04 18:27:30,3101,1197
2026-09-04 18:28:30,3149,1189
2026-09-04 18:29:30,3139,1163
2026-09-04 18:30:30,3096,1118
2026-09-04 18:31:31,3140,1108
2026-09-04 18:32:30,3173,1063
2026-09-04 18:33:30,3244,1055
2026-09-04 18:34:30,3134,1031
2026-09-04 18:35:30,3137,1006
2026-09-04 18:36:30,3122,979
2026-09-04 18:37:30,3082,941
2026-09-04 18:38:31,3139,932
2026-09-04 18:39:30,3103,903
2026-09-04 18:40:30,3091,866
2026-09-04 18:41:30,3177,856
2026-09-04 18:42:30,3146,809
2026-09-04 18:43:30,3287,757
2026-09-04 18:44:30,3218,667
2026-09-04 18:45:30,3133,679
2026-09-04 18:46:30,3180,740
2026-09-04 18:47:31,3082,696
2026-09-04 18:48:30,3116,684
2026-09-04 18:49:30,3137,639
2026-09-04 18:50:30,3127,594
2026-09-04 18:51:30,3145,602
2026-09-04 18:52:30,3124,538
2026-09-04 18:53:30,3130,523
2026-09-04 18:54:31,3082,541
2026-09-04 18:55:30,3226,495
2026-09-04 18:56:30,3203,452
2026-09-04 18:57:30,3104,410
2026-09-04 18:58:30,3164,398
2026-09-04 18:59:30,3179,383
2026-09-04 19:00:31,3181,374
2026-09-04 19:01:30,3050,368
2026-09-04 19:02:30,3051,350
2026-09-04 19:03:30,3050,346
2026-09-04 19:04:30,3028,335
2026-09-04 19:05:31,1064,320
2026-09-04 19:06:30,792,309
2026-09-04 19:07:30,786,294
2026-09-04 19:08:30,814,290
2026-09-04 19:09:31,847,278
2026-09-04 19:10:30,782,266
2026-09-04 19:11:30,556,261
2026-09-04 19:12:30,518,247
2026-09-04 19:13:30,529,244
2026-09-04 19:14:31,637,236
2026-09-04 19:15:30,642,224
2026-09-04 19:16:30,512,221
2026-09-04 19:17:30,568,211
2026-09-04 19:18:30,621,208
2026-09-04 19:19:30,613,197
2026-09-04 19:20:30,440,176
2026-09-04 19:21:31,1270,190
2026-09-04 19:22:30,833,179
2026-09-04 19:23:30,1586,178
2026-09-04 19:24:30,601,167
2026-09-04 19:25:30,1363,164
2026-09-04 19:26:30,1331,158
2026-09-04 19:27:31,553,149
2026-09-04 19:28:30,434,148
2026-09-04 19:29:30,1177,142
2026-09-04 19:30:30,434,137
2026-09-04 19:31:30,1020,134
2026-09-04 19:32:30,775,127
2026-09-04 19:33:30,1551,126
2026-09-04 19:34:31,433,120
2026-09-04 19:35:30,1436,116
2026-09-04 19:36:30,519,110
2026-09-04 19:37:30,1119,103
2026-09-04 19:38:30,484,100
2026-09-04 19:39:30,1273,95
2026-09-04 19:40:30,446,89
2026-09-04 19:41:31,789,85
2026-09-04 19:42:30,1109,78
2026-09-04 19:43:30,944,72
2026-09-04 19:44:30,854,65
2026-09-04 19:45:30,1483,61
2026-09-04 19:46:30,454,55
2026-09-04 19:47:31,1420,50
2026-09-04 19:48:30,1229,47
2026-09-04 19:49:30,655,41
2026-09-04 19:50:30,918,38
2026-09-04 19:51:30,1053,35
2026-09-04 19:52:30,955,32
2026-09-04 19:53:31,838,28
2026-09-04 19:54:30,756,25
2026-09-04 19:55:30,1244,23
2026-09-04 19:56:30,1510,20
2026-09-04 19:57:30,461,17
2026-09-04 19:58:30,821,15
2026-09-04 19:59:30,908,13
2026-09-04 20:00:31,1192,12
2026-09-04 20:01:30,940,8
2026-09-04 20:02:30,1592,7
2026-09-04 20:03:30,836,5
2026-09-04 20:04:30,1252,2
2026-09-04 20:05:30,1472,1
2026-09-04 20:06:31,494,0
2026-09-04 20:07:30,1299,1
2026-09-04 20:08:30,403,0
2026-09-04 20:09:30,1353,0
2026-09-04 20:10:30,414,1
2026-09-04 20:11:30,1393,0
2026-09-04 20:12:31,500,0
2026-09-04 20:13:30,1151,0
2026-09-04 20:14:30,371,0
2026-09-04 20:15:30,1179,0
2026-09-04 20:16:30,407,0
2026-09-04 20:17:30,1490,1
2026-09-04 20:18:31,428,0
2026-09-04 20:19:30,1524,0
2026-09-04 20:20:30,428,0
2026-09-04 20:21:30,1345,0
2026-09-04 20:22:30,420,0
2026-09-04 20:23:30,1329,0
2026-09-04 20:24:31,419,0
2026-09-04 20:25:30,544,0
2026-09-04 20:26:30,427,0
2026-09-04 20:27:30,418,0
2026-09-04 20:28:30,424,0
2026-09-04 20:29:30,416,0
2026-09-04 20:30:31,422,0
2026-09-04 20:31:30,422,0
2026-09-04 20:32:30,413,0
2026-09-04 20:33:30,420,0
2026-09-04 20:34:30,421,0
2026-09-04 20:35:30,420,0
2026-09-04 20:36:31,420,0
2026-09-04 20:37:30,411,0
2026-09-04 20:38:30,419,0
2026-09-04 20:39:30,411,0
2026-09-04 20:40:30,415,0
2026-09-04 20:41:30,418,0
2026-09-04 20:42:30,409,0
2026-09-04 20:43:31,417,0
2026-09-04 20:44:30,410,0
2026-09-04 20:45:30,380,0
2026-09-04 20:46:30,379,0
2026-09-04 20:47:30,373,0
2026-09-04 20:48:31,374,0
2026-09-04 20:49:30,377,0
2026-09-04 20:50:30,374,0
2026-09-04 20:51:30,380,0
2026-09-04 20:52:30,461,0
2026-09-04 20:53:30,487,0
2026-09-04 20:54:31,411,0
2026-09-04 20:55:30,403,0
2026-09-04 20:56:30,411,0
2026-09-04 20:57:30,403,0
2026-09-04 20:58:30,410,0
2026-09-04 20:59:30,408,0
2026-09-04 21:00:30,398,0
2026-09-04 21:01:31,380,0
2026-09-04 21:02:30,472,0
2026-09-04 21:03:30,494,0
2026-09-04 21:04:30,375,0
2026-09-04 21:05:30,412,0
2026-09-04 21:06:30,415,0
2026-09-04 21:07:31,410,0
2026-09-04 21:08:30,416,0
2026-09-04 21:09:30,415,0
2026-09-04 21:10:30,408,0
2026-09-04 21:11:30,414,0
2026-09-04 21:12:30,407,0
2026-09-04 21:13:30,413,0
2026-09-04 21:14:31,421,0
2026-09-04 21:15:30,413,0
2026-09-04 21:16:30,406,0
2026-09-04 21:17:30,406,0
2026-09-04 21:18:30,405,0
2026-09-04 21:19:30,412,0
2026-09-04 21:20:30,415,0
2026-09-04 21:21:30,415,0
2026-09-04 21:22:30,405,0
2026-09-04 21:23:30,410,0
2026-09-04 21:24:31,410,0
2026-09-04 21:25:30,509,0
2026-09-04 21:26:30,535,0
2026-09-04 21:27:30,412,0
2026-09-04 21:28:30,398,0
2026-09-04 21:29:30,404,0
2026-09-04 21:30:31,404,0
2026-09-04 21:31:30,404,0
2026-09-04 21:32:30,396,0
2026-09-04 21:33:30,395,0
2026-09-04 21:34:30,394,0
2026-09-04 21:35:31,440,0
2026-09-04 21:36:30,494,0
2026-09-04 21:37:30,433,0
2026-09-04 21:38:30,352,0
2026-09-04 21:39:30,359,0
2026-09-04 21:40:30,357,0
2026-09-04 21:41:30,358,0
2026-09-04 21:42:30,351,0
2026-09-04 21:43:30,351,0
2026-09-04 21:44:30,357,0
2026-09-04 21:45:30,356,0
2026-09-04 21:46:30,356,0
2026-09-04 21:47:30,351,0
2026-09-04 21:48:31,355,0
2026-09-04 21:49:30,355,0
2026-09-04 21:50:30,354,0
2026-09-04 21:51:30,353,0
2026-09-04 21:52:30,347,0
2026-09-04 21:53:30,346,0
2026-09-04 21:54:31,374,0
2026-09-04 21:55:30,398,0
2026-09-04 21:56:30,402,0
2026-09-04 21:57:30,398,0
2026-09-04 21:58:30,397,0
2026-09-04 21:59:30,407,0
2026-09-04 22:00:31,406,0
2026-09-04 22:01:30,411,0
2026-09-04 22:02:30,404,0
2026-09-04 22:03:30,408,0
2026-09-04 22:04:30,416,0
2026-09-04 22:05:30,412,0
2026-09-04 22:06:31,410,0
2026-09-04 22:07:30,407,0
2026-09-04 22:08:30,407,0
2026-09-04 22:09:30,412,0
2026-09-04 22:10:30,413,0
2026-09-04 22:11:30,406,0
2026-09-04 22:12:31,400,0
2026-09-04 22:13:30,404,0
2026-09-04 22:14:30,409,0
2026-09-04 22:15:30,407,0
2026-09-04 22:16:30,401,0
2026-09-04 22:17:30,389,0
2026-09-04 22:18:31,401,0
2026-09-04 22:19:30,401,0
2026-09-04 22:20:30,402,0
2026-09-04 22:21:30,392,0
2026-09-04 22:22:30,348,0
2026-09-04 22:23:30,346,0
2026-09-04 22:24:31,356,0
2026-09-04 22:25:30,349,0
2026-09-04 22:26:30,349,0
2026-09-04 22:27:30,344,0
2026-09-04 22:28:30,350,0
2026-09-04 22:29:30,351,0
2026-09-04 22:30:31,413,0
2026-09-04 22:31:30,472,0
2026-09-04 22:32:30,399,0
2026-09-04 22:33:30,361,0
2026-09-04 22:34:30,362,0
2026-09-04 22:35:30,358,0
2026-09-04 22:36:30,352,0
2026-09-04 22:37:31,344,0
2026-09-04 22:38:30,349,0
2026-09-04 22:39:30,355,0
2026-09-04 22:40:30,396,0
2026-09-04 22:41:30,397,0
2026-09-04 22:42:30,392,0
2026-09-04 22:43:31,399,0
2026-09-04 22:44:30,264,0
2026-09-04 22:45:30,245,0
2026-09-04 22:46:30,394,0
2026-09-04 22:47:30,389,0
2026-09-04 22:48:30,397,0
2026-09-04 22:49:31,399,0
2026-09-04 22:50:30,398,0
2026-09-04 22:51:30,399,0
2026-09-04 22:52:30,392,0
2026-09-04 22:53:30,392,0
2026-09-04 22:54:30,398,0
2026-09-04 22:55:31,398,0
2026-09-04 22:56:30,397,0
2026-09-04 22:57:30,472,0
2026-09-04 22:58:30,505,0
2026-09-04 22:59:30,422,0
2026-09-04 23:00:30,392,0
2026-09-04 23:01:31,392,0
2026-09-04 23:02:30,384,0
2026-09-04 23:03:30,388,0
2026-09-04 23:04:30,284,0
2026-09-04 23:05:30,232,0
2026-09-04 23:06:30,352,0
2026-09-04 23:07:30,340,0
2026-09-04 23:08:31,338,0
2026-09-04 23:09:30,343,0
2026-09-04 23:10:30,343,0
2026-09-04 23:11:30,342,0
2026-09-04 23:12:30,258,0
2026-09-04 23:13:30,186,0
2026-09-04 23:14:31,287,0
2026-09-04 23:15:30,338,0
2026-09-04 23:16:30,341,0
2026-09-04 23:17:30,337,0
2026-09-04 23:18:30,343,0
2026-09-04 23:19:30,340,0
2026-09-04 23:20:31,283,0
2026-09-04 23:21:30,188,0
2026-09-04 23:22:30,258,0
2026-09-04 23:23:30,334,0
2026-09-04 23:24:30,336,0
2026-09-04 23:25:30,337,0
2026-09-04 23:26:31,337,0
2026-09-04 23:27:30,332,0
2026-09-04 23:28:30,340,0
2026-09-04 23:29:30,236,0
2026-09-04 23:30:30,291,0
2026-09-04 23:31:30,389,0
2026-09-04 23:32:31,382,0
2026-09-04 23:33:30,383,0
2026-09-04 23:34:30,391,0
2026-09-04 23:35:30,391,0
2026-09-04 23:36:30,375,0
2026-09-04 23:37:30,236,0
2026-09-04 23:38:31,263,0
2026-09-04 23:39:30,386,0
2026-09-04 23:40:30,385,0
2026-09-04 23:41:30,388,0
2026-09-04 23:42:30,380,0
2026-09-04 23:43:30,380,0
2026-09-04 23:44:30,385,0
2026-09-04 23:45:31,247,0
2026-09-04 23:46:30,242,0
2026-09-04 23:47:30,373,0
2026-09-04 23:48:30,371,0
2026-09-04 23:49:30,378,0
2026-09-04 23:50:30,379,0
2026-09-04 23:51:31,378,0
2026-09-04 23:52:30,370,0
2026-09-04 23:53:30,253,0
2026-09-04 23:54:30,227,0
2026-09-04 23:55:30,338,0
2026-09-04 23:56:30,330,0
2026-09-04 23:57:31,326,0
2026-09-04 23:58:30,332,0
2026-09-04 23:59:30,339,0
2026-09-05 00:00:30,335,0
2026-09-05 00:01:30,237,0
2026-09-05 00:02:30,182,0
2026-09-05 00:03:31,298,0
2026-09-05 00:04:30,330,0
2026-09-05 00:05:30,331,0
2026-09-05 00:06:30,332,0
2026-09-05 00:07:30,326,0
2026-09-05 00:08:30,333,0
2026-09-05 00:09:31,253,0
2026-09-05 00:10:30,202,0
2026-09-05 00:11:30,375,0
2026-09-05 00:12:30,430,0
2026-09-05 00:13:30,381,0
2026-09-05 00:14:30,382,0
2026-09-05 00:15:31,459,0
2026-09-05 00:16:30,481,0
2026-09-05 00:17:30,452,0
2026-09-05 00:18:30,401,0
2026-09-05 00:19:30,422,0
2026-09-05 00:20:30,515,0
2026-09-05 00:21:31,511,0
2026-09-05 00:22:30,505,0
2026-09-05 00:23:30,515,0
2026-09-05 00:24:30,514,0
2026-09-05 00:25:30,508,0
2026-09-05 00:26:30,365,0
2026-09-05 00:27:31,364,0
2026-09-05 00:28:30,437,0
2026-09-05 00:29:30,506,0
2026-09-05 00:30:30,508,0
2026-09-05 00:31:30,498,0
2026-09-05 00:32:30,506,0
2026-09-05 00:33:31,506,0
2026-09-05 00:34:30,499,0
2026-09-05 00:35:30,362,0
2026-09-05 00:36:30,350,0
2026-09-05 00:37:30,474,0
2026-09-05 00:38:30,496,0
2026-09-05 00:39:31,498,0
2026-09-05 00:40:30,496,0
2026-09-05 00:41:30,485,0
2026-09-05 00:42:30,490,0
2026-09-05 00:43:30,395,0
2026-09-05 00:44:30,367,0
2026-09-05 00:45:31,317,0
2026-09-05 00:46:30,289,0
2026-09-05 00:47:30,293,0
2026-09-05 00:48:30,587,0
2026-09-05 00:49:30,393,0
2026-09-05 00:50:30,295,0
2026-09-05 00:51:31,289,0
2026-09-05 00:52:30,294,0
2026-09-05 00:53:30,293,0
2026-09-05 00:54:30,293,0
2026-09-05 00:55:30,293,0
2026-09-05 00:56:31,293,0
2026-09-05 00:57:30,291,0
2026-09-05 00:58:30,248,0
2026-09-05 00:59:30,286,0
2026-09-05 01:00:30,266,0
2026-09-05 01:01:30,244,0
2026-09-05 01:02:30,248,0
2026-09-05 01:03:31,245,0
2026-09-05 01:04:30,248,0
2026-09-05 01:05:30,248,0
2026-09-05 01:06:30,200,0
2026-09-05 01:07:30,143,0
2026-09-05 01:08:30,140,0
2026-09-05 01:09:30,173,0
2026-09-05 01:10:30,135,0
2026-09-05 01:11:30,181,0
2026-09-05 01:12:30,182,0
2026-09-05 01:13:30,181,0
2026-09-05 01:14:31,190,0
2026-09-05 01:15:30,200,0
2026-09-05 01:16:30,202,0
2026-09-05 01:17:30,205,0
2026-09-05 01:18:30,199,0
2026-09-05 01:19:30,166,0
2026-09-05 01:20:31,160,0
2026-09-05 01:21:30,156,0
2026-09-05 01:22:30,158,0
2026-09-05 01:23:30,155,0
2026-09-05 01:24:30,157,0
2026-09-05 01:25:31,156,0
2026-09-05 01:26:30,152,0
2026-09-05 01:27:30,154,0
2026-09-05 01:28:30,149,0
2026-09-05 01:29:30,148,0
2026-09-05 01:30:30,147,0
2026-09-05 01:31:31,145,0
2026-09-05 01:32:30,147,0
2026-09-05 01:33:30,145,0
2026-09-05 01:34:30,146,0
2026-09-05 01:35:30,146,0
2026-09-05 01:36:31,142,0
2026-09-05 01:37:30,145,0
2026-09-05 01:38:30,110,0
2026-09-05 01:39:30,102,0
2026-09-05 01:40:30,102,0
2026-09-05 01:41:30,101,0
2026-09-05 01:42:31,103,0
2026-09-05 01:43:30,101,0
2026-09-05 01:44:30,102,0
2026-09-05 01:45:30,102,0
2026-09-05 01:46:30,100,0
2026-09-05 01:47:30,102,0
2026-09-05 01:48:31,100,0
2026-09-05 01:49:30,202,0
2026-09-05 01:50:30,214,0
2026-09-05 01:51:30,212,0
2026-09-05 01:52:30,155,0
2026-09-05 01:53:30,104,0
2026-09-05 01:54:31,106,0
2026-09-05 01:55:30,106,0
2026-09-05 01:56:30,104,0
2026-09-05 01:57:30,106,0
2026-09-05 01:58:30,106,0
2026-09-05 01:59:30,106,0
2026-09-05 02:00:31,115,0
2026-09-05 02:01:30,147,0
2026-09-05 02:02:30,148,0
2026-09-05 02:03:30,155,0
2026-09-05 02:04:30,157,0
2026-09-05 02:05:30,158,0
2026-09-05 02:06:31,155,0
2026-09-05 02:07:30,158,0
2026-09-05 02:08:30,156,0
2026-09-05 02:09:30,157,0
2026-09-05 02:10:30,157,0
2026-09-05 02:11:30,154,0
2026-09-05 02:12:30,156,0
2026-09-05 02:13:31,157,0
2026-09-05 02:14:30,157,0
2026-09-05 02:15:30,156,0
2026-09-05 02:16:30,152,0
2026-09-05 02:17:30,151,0
2026-09-05 02:18:30,149,0
2026-09-05 02:19:31,150,0
2026-09-05 02:20:30,149,0
2026-09-05 02:21:30,147,0
2026-09-05 02:22:30,149,0
2026-09-05 02:23:30,146,0
2026-09-05 02:24:31,148,0
2026-09-05 02:25:30,148,0
2026-09-05 02:26:30,145,0
2026-09-05 02:27:30,148,0
2026-09-05 02:28:30,107,0
2026-09-05 02:29:30,103,0
2026-09-05 02:30:30,104,0
2026-09-05 02:31:30,101,0
2026-09-05 02:32:30,103,0
2026-09-05 02:33:30,103,0
2026-09-05 02:34:30,103,0
2026-09-05 02:35:31,118,0
2026-09-05 02:36:30,102,0
2026-09-05 02:37:30,105,0
2026-09-05 02:38:30,103,0
2026-09-05 02:39:30,102,0
2026-09-05 02:40:31,103,0
2026-09-05 02:41:30,101,0
2026-09-05 02:42:30,100,0
2026-09-05 02:43:30,102,0
2026-09-05 02:44:30,101,0
2026-09-05 02:45:30,102,0
2026-09-05 02:46:31,100,0
2026-09-05 02:47:30,121,0
2026-09-05 02:48:30,148,0
2026-09-05 02:49:30,152,0
2026-09-05 02:50:30,152,0
2026-09-05 02:51:31,151,0
2026-09-05 02:52:30,161,0
2026-09-05 02:53:30,154,0
2026-09-05 02:54:30,154,0
2026-09-05 02:55:30,151,0
2026-09-05 02:56:30,150,0
2026-09-05 02:57:31,153,0
2026-09-05 02:58:30,152,0
2026-09-05 02:59:30,152,0
2026-09-05 03:00:30,149,0
2026-09-05 03:01:30,150,0
2026-09-05 03:02:30,154,0
2026-09-05 03:03:31,152,0
2026-09-05 03:04:30,149,0
2026-09-05 03:05:30,146,0
2026-09-05 03:06:30,143,0
2026-09-05 03:07:30,145,0
2026-09-05 03:08:30,145,0
2026-09-05 03:09:31,144,0
2026-09-05 03:10:30,142,0
2026-09-05 03:11:30,142,0
2026-09-05 03:12:30,144,0
2026-09-05 03:13:30,118,0
2026-09-05 03:14:30,102,0
2026-09-05 03:15:31,101,0
2026-09-05 03:16:30,101,0
2026-09-05 03:17:30,102,0
2026-09-05 03:18:30,103,0
2026-09-05 03:19:30,102,0
2026-09-05 03:20:30,100,0
2026-09-05 03:21:31,102,0
2026-09-05 03:22:30,101,0
2026-09-05 03:23:30,102,0
2026-09-05 03:24:30,102,0
2026-09-05 03:25:30,100,0
2026-09-05 03:26:30,102,0
2026-09-05 03:27:31,103,0
2026-09-05 03:28:30,104,0
2026-09-05 03:29:30,104,0
2026-09-05 03:30:30,103,0
2026-09-05 03:31:30,101,0
2026-09-05 03:32:30,102,0
2026-09-05 03:33:31,102,0
2026-09-05 03:34:30,101,0
2026-09-05 03:35:30,100,0
2026-09-05 03:36:30,100,0
2026-09-05 03:37:30,127,0
2026-09-05 03:38:30,149,0
2026-09-05 03:39:31,152,0
2026-09-05 03:40:30,152,0
2026-09-05 03:41:30,151,0
2026-09-05 03:42:30,154,0
2026-09-05 03:43:30,154,0
2026-09-05 03:44:30,154,0
2026-09-05 03:45:30,151,0
2026-09-05 03:46:30,153,0
2026-09-05 03:47:30,152,0
2026-09-05 03:48:30,152,0
2026-09-05 03:49:30,152,0
2026-09-05 03:50:31,149,0
2026-09-05 03:51:30,149,0
2026-09-05 03:52:30,158,0
2026-09-05 03:53:30,149,0
2026-09-05 03:54:30,147,0
2026-09-05 03:55:30,143,0
2026-09-05 03:56:31,143,0
2026-09-05 03:57:30,145,0
2026-09-05 03:58:30,145,0
2026-09-05 03:59:30,144,0
2026-09-05 04:00:30,142,0
2026-09-05 04:01:30,145,0
2026-09-05 04:02:31,146,0
2026-09-05 04:03:30,147,0
2026-09-05 04:04:30,142,0
2026-09-05 04:05:30,107,0
2026-09-05 04:06:30,105,0
2026-09-05 04:07:30,106,0
2026-09-05 04:08:30,105,0
2026-09-05 04:09:30,105,0
2026-09-05 04:10:30,105,0
2026-09-05 04:11:30,103,0
2026-09-05 04:12:30,106,0
2026-09-05 04:13:30,105,0
2026-09-05 04:14:31,105,0
2026-09-05 04:15:30,103,0
2026-09-05 04:16:30,103,0
2026-09-05 04:17:30,104,0
2026-09-05 04:18:30,105,0
2026-09-05 04:19:30,105,0
2026-09-05 04:20:31,103,0
2026-09-05 04:21:30,103,0
2026-09-05 04:22:30,105,0
2026-09-05 04:23:30,105,0
2026-09-05 04:24:30,104,0
2026-09-05 04:25:30,103,0
2026-09-05 04:26:31,103,0
2026-09-05 04:27:30,104,0
2026-09-05 04:28:30,105,0
2026-09-05 04:29:30,104,0
2026-09-05 04:30:30,136,0
2026-09-05 04:31:30,152,0
2026-09-05 04:32:31,155,0
2026-09-05 04:33:30,157,0
2026-09-05 04:34:30,157,0
2026-09-05 04:35:30,154,0
2026-09-05 04:36:30,154,0
2026-09-05 04:37:30,156,0
2026-09-05 04:38:31,157,0
2026-09-05 04:39:30,156,0
2026-09-05 04:40:30,153,0
2026-09-05 04:41:30,153,0
2026-09-05 04:42:30,155,0
2026-09-05 04:43:30,155,0
2026-09-05 04:44:30,155,0
2026-09-05 04:45:30,152,0
2026-09-05 04:46:30,149,0
2026-09-05 04:47:30,151,0
2026-09-05 04:48:30,149,0
2026-09-05 04:49:30,148,0
2026-09-05 04:50:30,144,0
2026-09-05 04:51:30,146,0
2026-09-05 04:52:30,152,0
2026-09-05 04:53:30,145,0
2026-09-05 04:54:30,145,0
2026-09-05 04:55:31,142,0
2026-09-05 04:56:30,144,0
2026-09-05 04:57:30,127,0
2026-09-05 04:58:30,102,0
2026-09-05 04:59:30,101,0
2026-09-05 05:00:30,100,0
2026-09-05 05:01:31,101,0
2026-09-05 05:02:30,101,0
2026-09-05 05:03:30,101,0
2026-09-05 05:04:30,101,0
2026-09-05 05:05:30,100,0
2026-09-05 05:06:30,100,0
2026-09-05 05:07:31,101,0
2026-09-05 05:08:30,100,0
2026-09-05 05:09:30,100,0
2026-09-05 05:10:30,100,0
2026-09-05 05:11:30,98,0
2026-09-05 05:12:30,100,0
2026-09-05 05:13:31,100,0
2026-09-05 05:14:30,100,0
2026-09-05 05:15:30,100,0
2026-09-05 05:16:30,98,0
2026-09-05 05:17:30,99,0
2026-09-05 05:18:30,100,0
2026-09-05 05:19:31,99,0
2026-09-05 05:20:30,137,0
2026-09-05 05:21:30,144,0
2026-09-05 05:22:30,150,0
2026-09-05 05:23:30,151,0
2026-09-05 05:24:30,151,0
2026-09-05 05:25:30,149,0
2026-09-05 05:26:31,148,0
2026-09-05 05:27:30,151,0
2026-09-05 05:28:30,150,0
2026-09-05 05:29:30,149,0
2026-09-05 05:30:30,146,0
2026-09-05 05:31:30,147,0
2026-09-05 05:32:31,149,0
2026-09-05 05:33:30,149,0
2026-09-05 05:34:30,146,0
2026-09-05 05:35:30,141,0
2026-09-05 05:36:30,140,0
2026-09-05 05:37:31,142,0
2026-09-05 05:38:30,142,0
2026-09-05 05:39:30,142,0
2026-09-05 05:40:30,137,0
2026-09-05 05:41:30,139,0
2026-09-05 05:42:30,139,0
2026-09-05 05:43:31,139,0
2026-09-05 05:44:30,114,0
2026-09-05 05:45:30,95,0
2026-09-05 05:46:30,95,0
2026-09-05 05:47:30,97,0
2026-09-05 05:48:31,97,0
2026-09-05 05:49:30,97,0
2026-09-05 05:50:30,95,0
2026-09-05 05:51:30,100,0
2026-09-05 05:52:31,100,0
2026-09-05 05:53:30,97,0
2026-09-05 05:54:30,97,0
2026-09-05 05:55:30,95,0
2026-09-05 05:56:30,95,0
2026-09-05 05:57:30,98,0
2026-09-05 05:58:31,97,0
2026-09-05 05:59:30,97,0
2026-09-05 06:00:30,95,0
2026-09-05 06:01:30,95,0
2026-09-05 06:02:30,97,0
2026-09-05 06:03:30,97,0
2026-09-05 06:04:30,98,0
2026-09-05 06:05:31,95,0
2026-09-05 06:06:30,95,0
2026-09-05 06:07:30,97,0
2026-09-05 06:08:30,97,0
2026-09-05 06:09:30,97,0
2026-09-05 06:10:31,95,0
2026-09-05 06:11:30,121,0
2026-09-05 06:12:30,144,0
2026-09-05 06:13:30,146,0
2026-09-05 06:14:30,149,0
2026-09-05 06:15:30,146,0
2026-09-05 06:16:31,148,0
2026-09-05 06:17:30,149,0
2026-09-05 06:18:30,149,0
2026-09-05 06:19:30,148,0
2026-09-05 06:20:30,146,0
2026-09-05 06:21:31,146,0
2026-09-05 06:22:30,148,0
2026-09-05 06:23:30,148,0
2026-09-05 06:24:30,147,0
2026-09-05 06:25:30,143,0
2026-09-05 06:26:30,198,0
2026-09-05 06:27:31,259,0
2026-09-05 06:28:30,203,0
2026-09-05 06:29:30,140,0
2026-09-05 06:30:30,138,0
2026-09-05 06:31:30,140,0
2026-09-05 06:32:30,140,0
2026-09-05 06:33:31,139,0
2026-09-05 06:34:30,140,0
2026-09-05 06:35:30,137,0
2026-09-05 06:36:30,139,0
2026-09-05 06:37:30,139,0
2026-09-05 06:38:30,130,0
2026-09-05 06:39:31,98,0
2026-09-05 06:40:30,97,0
2026-09-05 06:41:30,95,0
2026-09-05 06:42:30,97,0
2026-09-05 06:43:30,97,0
2026-09-05 06:44:30,97,0
2026-09-05 06:45:31,96,0
2026-09-05 06:46:30,97,0
2026-09-05 06:47:30,97,1
2026-09-05 06:48:30,97,0
2026-09-05 06:49:30,95,1
2026-09-05 06:50:30,97,5
2026-09-05 06:51:31,98,8
2026-09-05 06:52:30,97,11
2026-09-05 06:53:30,97,14
2026-09-05 06:54:30,95,17
2026-09-05 06:55:30,95,19
2026-09-05 06:56:30,97,20
2026-09-05 06:57:30,97,19
2026-09-05 06:58:30,94,20
2026-09-05 06:59:30,84,22
2026-09-05 07:00:30,83,27
2026-09-05 07:01:30,87,34
2026-09-05 07:02:30,86,41
2026-09-05 07:03:31,89,49
2026-09-05 07:04:30,78,56
2026-09-05 07:05:30,74,64
2026-09-05 07:06:30,235,74
2026-09-05 07:07:30,433,82
2026-09-05 07:08:30,466,91
2026-09-05 07:09:31,474,97
2026-09-05 07:10:30,480,103
2026-09-05 07:11:30,505,110
2026-09-05 07:12:30,487,115
2026-09-05 07:13:30,389,115
2026-09-05 07:14:30,382,118
2026-09-05 07:15:30,386,124
2026-09-05 07:16:30,342,128
2026-09-05 07:17:30,340,133
2026-09-05 07:18:30,289,139
2026-09-05 07:19:30,253,143
2026-09-05 07:20:31,175,152
2026-09-05 07:21:30,295,166
2026-09-05 07:22:30,291,181
2026-09-05 07:23:30,295,193
2026-09-05 07:24:30,331,195
2026-09-05 07:25:30,322,197
2026-09-05 07:26:31,319,209
2026-09-05 07:27:30,199,211
2026-09-05 07:28:30,209,214
2026-09-05 07:29:30,253,208
2026-09-05 07:30:30,361,189
2026-09-05 07:31:30,457,181
2026-09-05 07:32:30,467,184
2026-09-05 07:33:30,342,182
2026-09-05 07:34:30,341,183
2026-09-05 07:35:30,327,190
2026-09-05 07:36:30,212,202
2026-09-05 07:37:30,207,210
2026-09-05 07:38:31,296,239
2026-09-05 07:39:30,333,305
2026-09-05 07:40:30,330,352
2026-09-05 07:41:30,338,386
2026-09-05 07:42:30,340,490
2026-09-05 07:43:30,340,554
2026-09-05 07:44:31,175,562
2026-09-05 07:45:30,137,591
2026-09-05 07:46:30,139,616
2026-09-05 07:47:30,139,621
2026-09-05 07:48:30,138,648
2026-09-05 07:49:30,136,621
2026-09-05 07:50:31,136,536
2026-09-05 07:51:30,138,612
2026-09-05 07:52:30,138,640
2026-09-05 07:53:30,178,668
2026-09-05 07:54:30,490,713
2026-09-05 07:55:30,514,710
2026-09-05 07:56:31,481,793
2026-09-05 07:57:30,461,806
2026-09-05 07:58:30,446,778
2026-09-05 07:59:30,424,779
2026-09-05 08:00:30,307,826
2026-09-05 08:01:30,132,897
2026-09-05 08:02:31,127,951
2026-09-05 08:03:30,131,1024
2026-09-05 08:04:30,127,1010
2026-09-05 08:05:30,126,1080
2026-09-05 08:06:30,132,1142
2026-09-05 08:07:30,130,1134
2026-09-05 08:08:30,106,1187
2026-09-05 08:09:31,86,1215
2026-09-05 08:10:30,88,1279
2026-09-05 08:11:30,188,1323
2026-09-05 08:12:30,325,1343
2026-09-05 08:13:30,308,1414
2026-09-05 08:14:31,296,1433
2026-09-05 08:15:30,291,1540
2026-09-05 08:16:30,291,1588
2026-09-05 08:17:30,295,1574
2026-09-05 08:18:30,263,1663
2026-09-05 08:19:30,152,1619
2026-09-05 08:20:30,126,1796
2026-09-05 08:21:31,86,1858
2026-09-05 08:22:30,86,1909
2026-09-05 08:23:30,86,1954
2026-09-05 08:24:30,85,1960
2026-09-05 08:25:30,86,2039
2026-09-05 08:26:30,86,2072
2026-09-05 08:27:31,86,2140
2026-09-05 08:28:30,86,2194
2026-09-05 08:29:30,85,1904
2026-09-05 08:30:30,86,2088
2026-09-05 08:31:30,291,2069
2026-09-05 08:32:30,305,2203
2026-09-05 08:33:30,286,2003
2026-09-05 08:34:31,328,2017
2026-09-05 08:35:30,344,2468
2026-09-05 08:36:30,289,2515
2026-09-05 08:37:30,212,2549
2026-09-05 08:38:30,268,2574
2026-09-05 08:39:31,342,2498
2026-09-05 08:40:30,347,2646
2026-09-05 08:41:30,355,2683
2026-09-05 08:42:30,313,2717
2026-09-05 08:43:30,137,2756
2026-09-05 08:44:30,132,2692
2026-09-05 08:45:31,1170,2825
2026-09-05 08:46:30,158,2839
2026-09-05 08:47:30,1132,2861
2026-09-05 08:48:30,668,2696
2026-09-05 08:49:30,586,2823
2026-09-05 08:50:30,1110,2779
2026-09-05 08:51:31,133,2633
2026-09-05 08:52:30,1055,3109
2026-09-05 08:53:30,338,3142
2026-09-05 08:54:30,999,3154
2026-09-05 08:55:30,1165,3174
2026-09-05 08:56:30,514,3132
2026-09-05 08:57:31,1276,3066
2026-09-05 08:58:30,356,3099
2026-09-05 08:59:30,1250,3102
2026-09-05 09:00:30,761,3286
2026-09-05 09:01:30,637,3009
2026-09-05 09:02:30,346,3224
2026-09-05 09:03:31,1309,3317
2026-09-05 09:04:30,320,3022
2026-09-05 09:05:30,1154,3340
2026-09-05 09:06:30,653,3355
2026-09-05 09:07:30,541,3364
2026-09-05 09:08:30,1024,3343
2026-09-05 09:09:31,109,3287
2026-09-05 09:10:30,1056,3449
2026-09-05 09:11:30,541,3280
2026-09-05 09:12:30,637,3080
2026-09-05 09:13:30,872,3334
2026-09-05 09:14:30,273,3497
2026-09-05 09:15:31,1067,2735
2026-09-05 09:16:30,145,2915
2026-09-05 09:17:30,1372,3451
2026-09-05 09:18:30,955,3477
2026-09-05 09:19:30,646,3096
2026-09-05 09:20:30,1297,3576
2026-09-05 09:21:30,329,3566
2026-09-05 09:22:31,308,3415
2026-09-05 09:23:30,1017,3476
2026-09-05 09:24:30,193,3372
2026-09-05 09:25:30,769,3610
2026-09-05 09:26:31,427,3703
2026-09-05 09:27:30,1055,3658
2026-09-05 09:28:30,136,3623
2026-09-05 09:29:30,1091,3536
2026-09-05 09:30:30,422,2994
2026-09-05 09:31:30,833,1772
2026-09-05 09:32:30,949,3794
2026-09-05 09:33:30,301,3729
2026-09-05 09:34:30,1286,3897
2026-09-05 09:35:30,391,3914
2026-09-05 09:36:30,1205,3886
2026-09-05 09:37:30,375,3595
2026-09-05 09:38:30,383,3928
2026-09-05 09:39:30,382,3940
2026-09-05 09:40:30,251,4053
2026-09-05 09:41:30,241,4057
2026-09-05 09:42:30,359,4076
2026-09-05 09:43:31,385,4196
2026-09-05 09:44:30,383,4182
2026-09-05 09:45:30,317,4318
2026-09-05 09:46:30,150,4313
2026-09-05 09:47:30,149,4296
2026-09-05 09:48:30,148,4240
2026-09-05 09:49:30,146,4407
2026-09-05 09:50:31,148,4691
2026-09-05 09:51:30,147,4757
2026-09-05 09:52:30,146,4747
2026-09-05 09:53:30,162,4573
2026-09-05 09:54:30,461,3863
2026-09-05 09:55:31,409,3986
2026-09-05 09:56:30,407,4087
2026-09-05 09:57:30,351,3805
2026-09-05 09:58:30,341,3857
2026-09-05 09:59:30,356,4112
2026-09-05 10:00:30,461,4718
2026-09-05 10:01:31,302,4311
2026-09-05 10:02:30,194,3826
2026-09-05 10:03:30,105,3763
2026-09-05 10:04:30,100,3570
2026-09-05 10:05:30,104,3901
2026-09-05 10:06:30,104,3644
2026-09-05 10:07:30,105,3446
2026-09-05 10:08:31,103,4673
2026-09-05 10:09:30,101,4502
2026-09-05 10:10:30,338,4468
2026-09-05 10:11:30,361,4681
2026-09-05 10:12:30,356,4842
2026-09-05 10:13:30,453,4946
2026-09-05 10:14:30,458,4789
2026-09-05 10:15:30,350,4949
2026-09-05 10:16:30,258,4937
2026-09-05 10:17:30,197,4895
2026-09-05 10:18:30,296,4897
2026-09-05 10:19:31,342,4801
2026-09-05 10:20:30,356,4981
2026-09-05 10:21:30,396,4982
2026-09-05 10:22:30,412,4992
2026-09-05 10:23:30,359,4995
2026-09-05 10:24:30,152,4921
2026-09-05 10:25:30,154,5027
2026-09-05 10:26:31,155,5049
2026-09-05 10:27:30,155,5062
2026-09-05 10:28:30,154,5076
2026-09-05 10:29:30,154,5080
2026-09-05 10:30:30,154,5088
2026-09-05 10:31:30,154,5128
2026-09-05 10:32:31,457,5171
2026-09-05 10:33:30,416,5182
2026-09-05 10:34:30,395,5009
2026-09-05 10:35:30,401,5163
2026-09-05 10:36:30,403,5169
2026-09-05 10:37:30,398,5192
2026-09-05 10:38:30,397,5198
2026-09-05 10:39:31,387,5026
2026-09-05 10:40:30,398,5233
2026-09-05 10:41:30,403,5264
2026-09-05 10:42:30,200,5272
2026-09-05 10:43:30,145,5296
2026-09-05 10:44:30,142,5256
2026-09-05 10:45:31,145,5378
2026-09-05 10:46:30,145,5395
2026-09-05 10:47:30,145,5447
2026-09-05 10:48:30,122,5494
2026-09-05 10:49:30,314,5420
2026-09-05 10:50:30,368,5521
2026-09-05 10:51:31,367,5573
2026-09-05 10:52:30,358,5604
2026-09-05 10:53:30,353,5624
2026-09-05 10:54:30,342,5446
2026-09-05 10:55:30,348,5759
2026-09-05 10:56:30,349,5691
2026-09-05 10:57:31,356,5713
2026-09-05 10:58:30,359,5744
2026-09-05 10:59:30,344,5578
2026-09-05 11:00:30,361,5765
2026-09-05 11:01:30,459,5783
2026-09-05 11:02:30,488,5786
2026-09-05 11:03:30,389,5797
2026-09-05 11:04:31,355,5635
2026-09-05 11:05:30,104,5852
2026-09-05 11:06:30,101,5883
2026-09-05 11:07:30,101,5893
2026-09-05 11:08:30,102,5912
2026-09-05 11:09:30,98,5722
2026-09-05 11:10:31,136,5940
2026-09-05 11:11:30,425,5971
2026-09-05 11:12:30,391,6002
2026-09-05 11:13:30,419,6001
2026-09-05 11:14:30,425,5905
2026-09-05 11:15:30,425,6007
2026-09-05 11:16:30,411,6010
2026-09-05 11:17:31,418,6009
2026-09-05 11:18:30,418,6005
2026-09-05 11:19:30,404,5803
2026-09-05 11:20:30,413,6004
2026-09-05 11:21:30,412,6002
2026-09-05 11:22:30,412,6002
2026-09-05 11:23:30,422,6000
2026-09-05 11:24:30,410,5800
2026-09-05 11:25:30,426,5997
2026-09-05 11:26:30,420,5999
2026-09-05 11:27:30,430,5998
2026-09-05 11:28:31,425,5998
2026-09-05 11:29:30,411,5999
2026-09-05 11:30:30,403,6001
2026-09-05 11:31:30,407,6004
2026-09-05 11:32:30,413,6004
2026-09-05 11:33:30,424,6005
2026-09-05 11:34:31,407,5902
2026-09-05 11:35:30,419,6002
2026-09-05 11:36:30,427,6000
2026-09-05 11:37:30,427,6001
2026-09-05 11:38:30,450,6001
2026-09-05 11:39:30,457,5902
2026-09-05 11:40:30,567,6001
2026-09-05 11:41:31,568,5999
2026-09-05 11:42:30,419,6001
2026-09-05 11:43:30,425,6002
2026-09-05 11:44:30,417,5900
2026-09-05 11:45:30,421,5999
2026-09-05 11:46:30,415,6002
2026-09-05 11:47:30,421,6004
2026-09-05 11:48:30,420,6002
2026-09-05 11:49:30,401,5801
2026-09-05 11:50:30,411,6002
2026-09-05 11:51:30,411,6001
2026-09-05 11:52:30,407,6002
2026-09-05 11:53:31,415,6001
2026-09-05 11:54:30,409,5801
2026-09-05 11:55:30,418,6001
2026-09-05 11:56:30,410,6001
2026-09-05 11:57:30,409,6001
2026-09-05 11:58:30,418,6001
2026-09-05 11:59:31,422,5907
2026-09-05 12:00:30,420,6001
2026-09-05 12:01:30,416,6007
2026-09-05 12:02:30,443,6005
2026-09-05 12:03:30,465,6002
2026-09-05 12:04:31,610,5901
2026-09-05 12:05:30,619,6002
2026-09-05 12:06:30,594,6001
2026-09-05 12:07:30,480,6002
2026-09-05 12:08:30,481,6003
2026-09-05 12:09:30,471,5902
2026-09-05 12:10:30,483,5996
2026-09-05 12:11:30,458,6002
2026-09-05 12:12:30,539,6001
2026-09-05 12:13:30,610,6001
2026-09-05 12:14:30,462,6000
2026-09-05 12:15:30,461,6000
2026-09-05 12:16:31,451,6004
2026-09-05 12:17:30,456,6004
2026-09-05 12:18:30,455,6004
2026-09-05 12:19:30,478,6002
2026-09-05 12:20:30,542,6003
2026-09-05 12:21:30,545,5995
2026-09-05 12:22:30,583,6003
2026-09-05 12:23:30,703,6000
2026-09-05 12:24:30,707,5897
2026-09-05 12:25:30,695,5999
2026-09-05 12:26:30,680,5997
2026-09-05 12:27:31,694,5995
2026-09-05 12:28:30,700,5996
2026-09-05 12:29:30,815,5897
2026-09-05 12:30:30,826,5999
2026-09-05 12:31:31,729,6005
2026-09-05 12:32:30,622,6007
2026-09-05 12:33:30,547,6007
2026-09-05 12:34:30,523,5806
2026-09-05 12:35:30,567,6005
2026-09-05 12:36:30,707,6002
2026-09-05 12:37:31,559,6003
2026-09-05 12:38:30,554,6001
2026-09-05 12:39:30,587,5800
2026-09-05 12:40:30,718,6000
2026-09-05 12:41:30,730,6002
2026-09-05 12:42:30,720,5999
2026-09-05 12:43:31,702,6001
2026-09-05 12:44:30,685,5800
2026-09-05 12:45:30,707,6001
2026-09-05 12:46:30,719,6004
2026-09-05 12:47:30,717,6004
2026-09-05 12:48:31,700,6006
2026-09-05 12:49:30,685,5903
2026-09-05 12:50:30,619,5998
2026-09-05 12:51:30,463,5999
2026-09-05 12:52:30,463,5996
2026-09-05 12:53:30,469,5998
2026-09-05 12:54:31,619,5899
2026-09-05 12:55:30,632,5999
2026-09-05 12:56:30,617,6000
2026-09-05 12:57:30,613,6000
2026-09-05 12:58:30,613,5999
2026-09-05 12:59:30,605,5899
2026-09-05 13:00:30,617,5999
2026-09-05 13:01:31,634,6005
2026-09-05 13:02:30,623,6004
2026-09-05 13:03:30,615,6004
2026-09-05 13:04:30,625,6004
2026-09-05 13:05:30,616,6003
2026-09-05 13:06:30,619,6001
2026-09-05 13:07:31,623,6000
2026-09-05 13:08:30,626,5998
2026-09-05 13:09:30,632,5898
2026-09-05 13:10:30,641,5999
2026-09-05 13:11:30,631,5997
2026-09-05 13:12:30,640,5997
2026-09-05 13:13:31,650,5999
2026-09-05 13:14:30,628,5999
2026-09-05 13:15:30,647,5999
2026-09-05 13:16:30,641,6002
2026-09-05 13:17:30,638,6002
2026-09-05 13:18:30,623,5902
2026-09-05 13:19:31,608,5902
2026-09-05 13:20:30,641,6001
2026-09-05 13:21:30,1099,5996
2026-09-05 13:22:30,1169,5997
2026-09-05 13:23:30,1192,5897
2026-09-05 13:24:30,1367,5897
2026-09-05 13:25:31,1561,5999
2026-09-05 13:26:30,1463,5995
2026-09-05 13:27:30,1432,6002
2026-09-05 13:28:30,1406,5902
2026-09-05 13:29:30,1404,5900
2026-09-05 13:30:30,1525,6002
2026-09-05 13:31:31,1540,6002
2026-09-05 13:32:30,1537,5999
2026-09-05 13:33:30,1508,5898
2026-09-05 13:34:30,1514,5898
2026-09-05 13:35:30,1726,5998
2026-09-05 13:36:30,1846,5999
2026-09-05 13:37:30,1886,6000
2026-09-05 13:38:30,1974,5897
2026-09-05 13:39:30,1971,5899
2026-09-05 13:40:30,1883,5999
2026-09-05 13:41:30,1585,6000
2026-09-05 13:42:31,1387,5999
2026-09-05 13:43:30,1430,5899
2026-09-05 13:44:30,1516,5901
2026-09-05 13:45:30,1522,5998
2026-09-05 13:46:30,1529,5998
2026-09-05 13:47:30,1535,5999
2026-09-05 13:48:30,1456,5898
2026-09-05 13:49:31,1388,5899
2026-09-05 13:50:30,1406,5995
2026-09-05 13:51:30,1394,5996
2026-09-05 13:52:30,1404,5998
2026-09-05 13:53:30,1407,5998
2026-09-05 13:54:31,1144,5899
2026-09-05 13:55:30,966,6001
2026-09-05 13:56:30,945,6001
2026-09-05 13:57:30,938,6100
2026-09-05 13:58:30,928,5897
2026-09-05 13:59:30,934,5897
2026-09-05 14:00:31,952,5998
2026-09-05 14:01:30,949,6007
2026-09-05 14:02:30,904,5706
2026-09-05 14:03:30,931,5903
2026-09-05 14:04:30,914,5803
2026-09-05 14:05:30,931,6004
2026-09-05 14:06:31,883,6001
2026-09-05 14:07:30,863,6001
2026-09-05 14:08:30,798,5902
2026-09-05 14:09:30,778,5893
2026-09-05 14:10:30,707,6003
2026-09-05 14:11:30,704,6004
2026-09-05 14:12:31,693,6001
2026-09-05 14:13:30,668,5907
2026-09-05 14:14:30,636,5806
2026-09-05 14:15:30,650,6003
2026-09-05 14:16:30,609,6001
2026-09-05 14:17:30,1072,6100
2026-09-05 14:18:31,728,5902
2026-09-05 14:19:30,525,5899
2026-09-05 14:20:30,901,6000
2026-09-05 14:21:30,513,6004
2026-09-05 14:22:30,518,6002
2026-09-05 14:23:30,520,6002
2026-09-05 14:24:30,540,5903
2026-09-05 14:25:31,515,5995
2026-09-05 14:26:30,530,6001
2026-09-05 14:27:30,490,6005
2026-09-05 14:28:30,466,5903
2026-09-05 14:29:30,501,5900
2026-09-05 14:30:30,509,6000
2026-09-05 14:31:30,528,5998
2026-09-05 14:32:30,514,6000
2026-09-05 14:33:30,562,5900
2026-09-05 14:34:30,511,5901
2026-09-05 14:35:30,517,6000
2026-09-05 14:36:30,547,6004
2026-09-05 14:37:30,517,6004
2026-09-05 14:38:31,544,6006
2026-09-05 14:39:30,506,5905
2026-09-05 14:40:30,542,6005
2026-09-05 14:41:30,518,6003
2026-09-05 14:42:30,539,6002
2026-09-05 14:43:30,521,6001
2026-09-05 14:44:31,534,5902
2026-09-05 14:45:30,527,6001
2026-09-05 14:46:30,541,6002
2026-09-05 14:47:30,502,6004
2026-09-05 14:48:30,458,5903
2026-09-05 14:49:30,467,5905
2026-09-05 14:50:30,451,6005
2026-09-05 14:51:31,472,6005
2026-09-05 14:52:30,451,6003
2026-09-05 14:53:30,460,5903
2026-09-05 14:54:30,442,5899
2026-09-05 14:55:30,500,6002
2026-09-05 14:56:30,590,6000
2026-09-05 14:57:31,560,5975
2026-09-05 14:58:30,467,5894
2026-09-05 14:59:30,448,5900
2026-09-05 15:00:30,475,5999
2026-09-05 15:01:30,452,6001
2026-09-05 15:02:30,471,5999
2026-09-05 15:03:31,443,5890
2026-09-05 15:04:30,463,5900
2026-09-05 15:05:30,479,6001
2026-09-05 15:06:30,451,5952
2026-09-05 15:07:30,454,6005
2026-09-05 15:08:30,473,6005
2026-09-05 15:09:31,448,5899
2026-09-05 15:10:30,476,5986
2026-09-05 15:11:30,480,5982
2026-09-05 15:12:30,567,5899
2026-09-05 15:13:30,543,5660
2026-09-05 15:14:30,499,5507
2026-09-05 15:15:30,510,5523
2026-09-05 15:16:31,509,5284
2026-09-05 15:17:30,534,4732
2026-09-05 15:18:30,531,4880
2026-09-05 15:19:30,1876,5419
2026-09-05 15:20:30,2734,5726
2026-09-05 15:21:30,2722,5873
2026-09-05 15:22:31,2676,5834
2026-09-05 15:23:30,2689,5852
2026-09-05 15:24:30,2641,5740
2026-09-05 15:25:30,2688,5804
2026-09-05 15:26:30,752,5781
2026-09-05 15:27:30,562,5761
2026-09-05 15:28:30,574,5658
2026-09-05 15:29:31,555,5638
2026-09-05 15:30:30,580,5696
2026-09-05 15:31:30,574,5657
2026-09-05 15:32:30,565,5648
2026-09-05 15:33:30,594,5529
2026-09-05 15:34:30,682,5483
2026-09-05 15:35:31,723,5508
2026-09-05 15:36:30,872,5527
2026-09-05 15:37:30,2714,5522
2026-09-05 15:38:30,2678,5374
2026-09-05 15:39:30,2635,5449
2026-09-05 15:40:30,2687,5528
2026-09-05 15:41:30,2726,5531
2026-09-05 15:42:30,2718,5440
2026-09-05 15:43:30,2339,5397
2026-09-05 15:44:30,647,5408
2026-09-05 15:45:30,1400,5478
2026-09-05 15:46:30,4271,5446
2026-09-05 15:47:31,4703,5419
2026-09-05 15:48:30,4549,5309
2026-09-05 15:49:30,3394,5266
2026-09-05 15:50:30,598,5312
2026-09-05 15:51:30,865,5279
2026-09-05 15:52:30,2744,5322
2026-09-05 15:53:30,2623,5256
2026-09-05 15:54:31,2584,5227
2026-09-05 15:55:30,2654,5292
2026-09-05 15:56:30,2639,5268
2026-09-05 15:57:30,1076,5203
2026-09-05 15:58:30,655,5129
2026-09-05 15:59:30,706,5158
2026-09-05 16:00:31,745,5147
2026-09-05 16:01:30,1760,5138
2026-09-05 16:02:30,2754,5256
2026-09-05 16:03:30,971,5069
2026-09-05 16:04:30,660,5030
2026-09-05 16:05:30,629,5087
2026-09-05 16:06:30,608,5051
2026-09-05 16:07:31,623,5076
2026-09-05 16:08:30,658,5066
2026-09-05 16:09:30,650,4983
2026-09-05 16:10:30,658,5034
2026-09-05 16:11:30,614,4967
2026-09-05 16:12:30,617,4951
2026-09-05 16:13:31,631,4933
2026-09-05 16:14:30,652,4851
2026-09-05 16:15:30,652,4874
2026-09-05 16:16:30,655,4802
2026-09-05 16:17:30,614,4740
2026-09-05 16:18:30,599,4647
2026-09-05 16:19:30,635,4660
2026-09-05 16:20:31,643,4721
2026-09-05 16:21:30,664,4669
2026-09-05 16:22:30,662,4636
2026-09-05 16:23:30,619,4492
2026-09-05 16:24:30,587,4502
2026-09-05 16:25:30,651,4604
2026-09-05 16:26:31,563,4642
2026-09-05 16:27:30,591,4539
2026-09-05 16:28:30,557,4598
2026-09-05 16:29:30,568,4437
2026-09-05 16:30:30,560,4537
2026-09-05 16:31:30,548,4402
2026-09-05 16:32:30,561,4337
2026-09-05 16:33:30,644,4294
2026-09-05 16:34:30,502,4451
2026-09-05 16:35:30,497,4569
2026-09-05 16:36:30,560,4554
2026-09-05 16:37:30,643,4482
2026-09-05 16:38:30,649,4358
2026-09-05 16:39:31,635,4309
2026-09-05 16:40:30,614,4381
2026-09-05 16:41:30,531,4321
2026-09-05 16:42:30,535,4063
2026-09-05 16:43:30,497,4019
2026-09-05 16:44:30,493,4019
2026-09-05 16:45:30,577,4097
2026-09-05 16:46:30,677,4162
2026-09-05 16:47:30,715,4183
2026-09-05 16:48:30,853,4241
2026-09-05 16:49:30,2055,4076
2026-09-05 16:50:31,2822,4099
2026-09-05 16:51:30,2885,4075
2026-09-05 16:52:30,2916,4069
2026-09-05 16:53:30,2963,4030
2026-09-05 16:54:30,2903,4025
2026-09-05 16:55:30,2872,3991
2026-09-05 16:56:30,2866,3982
2026-09-05 16:57:30,2803,3833
2026-09-05 16:58:31,2836,3846
2026-09-05 16:59:30,2797,3761
2026-09-05 17:00:30,2855,3820
2026-09-05 17:01:30,2846,3842
2026-09-05 17:02:30,2788,3727
2026-09-05 17:03:30,2829,3705
2026-09-05 17:04:30,2778,3617
2026-09-05 17:05:31,2828,3545
2026-09-05 17:06:30,2840,3556
2026-09-05 17:07:30,2833,3537
2026-09-05 17:08:30,2958,3590
2026-09-05 17:09:30,2799,3462
2026-09-05 17:10:31,2782,3465
2026-09-05 17:11:30,2783,3471
2026-09-05 17:12:30,2734,3419
2026-09-05 17:13:30,2766,3461
2026-09-05 17:14:30,2705,3389
2026-09-05 17:15:30,2748,3431
2026-09-05 17:16:30,2751,3395
2026-09-05 17:17:30,2705,3280
2026-09-05 17:18:30,2752,3324
2026-09-05 17:19:30,2707,3225
2026-09-05 17:20:30,2747,3244
2026-09-05 17:21:30,2743,3171
2026-09-05 17:22:30,2676,3108
2026-09-05 17:23:30,2860,3140
2026-09-05 17:24:30,2817,3040
2026-09-05 17:25:31,2859,3036
2026-09-05 17:26:30,2854,3026
2026-09-05 17:27:30,2803,2939
2026-09-05 17:28:30,2846,2926
2026-09-05 17:29:30,2794,2811
2026-09-05 17:30:31,2846,2789
2026-09-05 17:31:30,2851,2785
2026-09-05 17:32:30,2794,2736
2026-09-05 17:33:30,2839,2723
2026-09-05 17:34:30,2792,2657
2026-09-05 17:35:31,2849,2680
2026-09-05 17:36:30,2855,2639
2026-09-05 17:37:30,2804,2567
2026-09-05 17:38:30,2849,2545
2026-09-05 17:39:30,2800,2450
2026-09-05 17:40:30,2819,2461
2026-09-05 17:41:30,2699,2471
2026-09-05 17:42:31,2702,2465
2026-09-05 17:43:30,2698,2414
2026-09-05 17:44:30,2699,2351
2026-09-05 17:45:30,2738,2392
2026-09-05 17:46:30,2741,2373
2026-09-05 17:47:30,2752,2326
2026-09-05 17:48:31,2747,2369
2026-09-05 17:49:30,2699,2299
2026-09-05 17:50:30,2307,2290
2026-09-05 17:51:30,511,2277
2026-09-05 17:52:30,480,2224
2026-09-05 17:53:30,556,2213
2026-09-05 17:54:31,582,2167
2026-09-05 17:55:30,547,2197
2026-09-05 17:56:30,490,2185
2026-09-05 17:57:30,481,2119
2026-09-05 17:58:30,490,2105
2026-09-05 17:59:30,481,1961
2026-09-05 18:00:31,486,1933
2026-09-05 18:01:30,485,1979
2026-09-05 18:02:30,473,1889
2026-09-05 18:03:30,479,1897
2026-09-05 18:04:30,476,1784
2026-09-05 18:05:30,486,1749
2026-09-05 18:06:31,481,1733
2026-09-05 18:07:30,581,1628
2026-09-05 18:08:30,602,1592
2026-09-05 18:09:30,476,1476
2026-09-05 18:10:30,516,1424
2026-09-05 18:11:30,499,1401
2026-09-05 18:12:30,483,1344
2026-09-05 18:13:31,498,1327
2026-09-05 18:14:30,489,1231
2026-09-05 18:15:30,503,1157
2026-09-05 18:16:30,504,1172
2026-09-05 18:17:30,492,1139
2026-09-05 18:18:30,500,1097
2026-09-05 18:19:31,492,1090
2026-09-05 18:20:30,545,1018
2026-09-05 18:21:30,608,823
2026-09-05 18:22:30,605,784
2026-09-05 18:23:30,603,877
2026-09-05 18:24:30,591,931
2026-09-05 18:25:31,601,844
2026-09-05 18:26:30,600,889
2026-09-05 18:27:30,602,1043
2026-09-05 18:28:30,603,1142
2026-09-05 18:29:30,592,1115
2026-09-05 18:30:30,602,1096
2026-09-05 18:31:31,599,895
2026-09-05 18:32:30,599,771
2026-09-05 18:33:30,599,851
2026-09-05 18:34:30,589,855
2026-09-05 18:35:30,598,850
2026-09-05 18:36:30,598,844
2026-09-05 18:37:30,599,847
2026-09-05 18:38:31,600,800
2026-09-05 18:39:30,591,695
2026-09-05 18:40:30,601,589
2026-09-05 18:41:30,599,555
2026-09-05 18:42:30,599,490
2026-09-05 18:43:30,544,457
2026-09-05 18:44:31,495,431
2026-09-05 18:45:30,516,439
2026-09-05 18:46:30,560,486
2026-09-05 18:47:30,577,485
2026-09-05 18:48:30,586,440
2026-09-05 18:49:30,576,394
2026-09-05 18:50:31,582,400
2026-09-05 18:51:30,581,376
2026-09-05 18:52:30,577,335
2026-09-05 18:53:30,562,321
2026-09-05 18:54:30,559,305
2026-09-05 18:55:31,669,304
2026-09-05 18:56:30,731,296
2026-09-05 18:57:30,905,287
2026-09-05 18:58:30,1142,291
2026-09-05 18:59:30,1123,286
2026-09-05 19:00:30,1151,292
2026-09-05 19:01:31,1153,299
2026-09-05 19:02:30,1123,304
2026-09-05 19:03:30,1137,320
2026-09-05 19:04:30,1117,326
2026-09-05 19:05:30,1157,314
2026-09-05 19:06:31,1142,284
2026-09-05 19:07:30,1125,270
2026-09-05 19:08:30,1150,273
2026-09-05 19:09:30,1130,271
2026-09-05 19:10:30,1157,277
2026-09-05 19:11:30,1144,270
2026-09-05 19:12:31,1163,267
2026-09-05 19:13:30,1166,268
2026-09-05 19:14:30,1147,265
2026-09-05 19:15:30,1168,271
2026-09-05 19:16:30,1084,262
2026-09-05 19:17:30,780,253
2026-09-05 19:18:30,754,254
2026-09-05 19:19:31,750,265
2026-09-05 19:20:30,751,268
2026-09-05 19:21:30,752,261
2026-09-05 19:22:30,800,257
2026-09-05 19:23:30,730,267
2026-09-05 19:24:30,731,262
2026-09-05 19:25:30,767,263
2026-09-05 19:26:31,787,255
2026-09-05 19:27:30,778,255
2026-09-05 19:28:30,810,250
2026-09-05 19:29:30,797,240
2026-09-05 19:30:30,785,237
2026-09-05 19:31:30,745,226
2026-09-05 19:32:30,797,220
2026-09-05 19:33:31,1168,211
2026-09-05 19:34:30,1125,199
2026-09-05 19:35:30,1183,194
2026-09-05 19:36:30,1167,187
2026-09-05 19:37:30,1160,179
2026-09-05 19:38:30,1194,169
2026-09-05 19:39:31,1147,155
2026-09-05 19:40:30,876,146
2026-09-05 19:41:30,971,133
2026-09-05 19:42:30,1180,122
2026-09-05 19:43:30,1185,111
2026-09-05 19:44:31,1095,100
2026-09-05 19:45:30,906,95
2026-09-05 19:46:30,866,87
2026-09-05 19:47:30,887,83
2026-09-05 19:48:30,895,76
2026-09-05 19:49:30,976,66
2026-09-05 19:50:30,889,58
2026-09-05 19:51:30,790,49
2026-09-05 19:52:30,779,44
2026-09-05 19:53:30,779,40
2026-09-05 19:54:30,772,34
2026-09-05 19:55:30,1064,29
2026-09-05 19:56:31,1136,26
2026-09-05 19:57:30,1916,23
2026-09-05 19:58:30,3042,21
2026-09-05 19:59:30,1637,15
2026-09-05 20:00:30,1195,12
2026-09-05 20:01:30,1165,11
2026-09-05 20:02:31,1121,10
2026-09-05 20:03:30,1124,10
2026-09-05 20:04:30,1069,10
2026-09-05 20:05:30,1151,9
2026-09-05 20:06:30,1181,8
2026-09-05 20:07:30,938,7
2026-09-05 20:08:31,836,6
2026-09-05 20:09:30,907,5
2026-09-05 20:10:30,881,5
2026-09-05 20:11:30,908,0
2026-09-05 20:12:30,826,0
2026-09-05 20:13:30,877,2
2026-09-05 20:14:31,774,1
2026-09-05 20:15:30,769,0
2026-09-05 20:16:30,776,0
2026-09-05 20:17:30,772,0
2026-09-05 20:18:30,769,0
2026-09-05 20:19:30,758,0
2026-09-05 20:20:31,761,0
2026-09-05 20:21:30,415,0
2026-09-05 20:22:30,343,0
2026-09-05 20:23:30,342,0
2026-09-05 20:24:30,485,0
2026-09-05 20:25:30,737,0
2026-09-05 20:26:31,754,0
2026-09-05 20:27:30,855,0
2026-09-05 20:28:30,871,0
2026-09-05 20:29:30,743,0
2026-09-05 20:30:30,743,0
2026-09-05 20:31:30,757,0
2026-09-05 20:32:31,757,0
2026-09-05 20:33:30,755,0
2026-09-05 20:34:30,742,0
2026-09-05 20:35:30,742,0
2026-09-05 20:36:30,754,0
2026-09-05 20:37:31,755,0
2026-09-05 20:38:30,751,0
2026-09-05 20:39:30,751,0
2026-09-05 20:40:30,750,0
2026-09-05 20:41:30,764,0
2026-09-05 20:42:30,776,0
2026-09-05 20:43:31,772,0
2026-09-05 20:44:30,757,0
2026-09-05 20:45:30,772,0
2026-09-05 20:46:30,770,0
2026-09-05 20:47:30,770,0
2026-09-05 20:48:30,769,0
2026-09-05 20:49:31,754,0
2026-09-05 20:50:30,764,0
2026-09-05 20:51:30,758,0
2026-09-05 20:52:30,759,0
2026-09-05 20:53:30,758,0
2026-09-05 20:54:30,743,0
2026-09-05 20:55:31,742,0
2026-09-05 20:56:30,751,0
2026-09-05 20:57:30,751,0
2026-09-05 20:58:30,749,0
2026-09-05 20:59:30,736,0
2026-09-05 21:00:30,745,0
2026-09-05 21:01:31,743,0
2026-09-05 21:02:30,561,0
2026-09-05 21:03:30,208,0
2026-09-05 21:04:30,205,0
2026-09-05 21:05:30,208,0
2026-09-05 21:06:30,208,0
2026-09-05 21:07:30,212,0
2026-09-05 21:08:31,226,0
2026-09-05 21:09:30,214,0
2026-09-05 21:10:30,213,0
2026-09-05 21:11:30,216,0
2026-09-05 21:12:30,217,0
2026-09-05 21:13:30,193,0
2026-09-05 21:14:31,212,0
2026-09-05 21:15:30,213,0
2026-09-05 21:16:30,193,0
2026-09-05 21:17:30,216,0
2026-09-05 21:18:30,216,0
2026-09-05 21:19:30,189,0
2026-09-05 21:20:31,210,0
2026-09-05 21:21:30,214,0
2026-09-05 21:22:30,196,0
2026-09-05 21:23:30,203,0
2026-09-05 21:24:30,208,0
2026-09-05 21:25:30,203,0
2026-09-05 21:26:31,193,0
2026-09-05 21:27:30,211,0
2026-09-05 21:28:30,221,0
2026-09-05 21:29:30,187,0
2026-09-05 21:30:30,149,0
2026-09-05 21:31:30,145,0
2026-09-05 21:32:31,121,0
2026-09-05 21:33:30,119,0
2026-09-05 21:34:30,144,0
2026-09-05 21:35:30,122,0
2026-09-05 21:36:30,145,0
2026-09-05 21:37:30,122,0
2026-09-05 21:38:30,143,0
2026-09-05 21:39:31,121,0
2026-09-05 21:40:30,121,0
2026-09-05 21:41:30,144,0
2026-09-05 21:42:30,119,0
2026-09-05 21:43:30,142,0
2026-09-05 21:44:30,119,0
2026-09-05 21:45:31,143,0
2026-09-05 21:46:30,119,0
2026-09-05 21:47:30,119,0
2026-09-05 21:48:30,142,0
2026-09-05 21:49:30,118,0
2026-09-05 21:50:30,141,0
2026-09-05 21:51:31,119,0
2026-09-05 21:52:30,142,0
2026-09-05 21:53:30,118,0
2026-09-05 21:54:30,118,0
2026-09-05 21:55:30,140,0
2026-09-05 21:56:31,119,0
2026-09-05 21:57:30,141,0
2026-09-05 21:58:30,118,0
2026-09-05 21:59:30,141,0
2026-09-05 22:00:30,223,0
2026-09-05 22:01:30,244,0
2026-09-05 22:02:31,138,0
2026-09-05 22:03:30,104,0
2026-09-05 22:04:30,106,0
2026-09-05 22:05:30,104,0
2026-09-05 22:06:30,106,0
2026-09-05 22:07:30,106,0
2026-09-05 22:08:30,104,0
2026-09-05 22:09:31,142,0
2026-09-05 22:10:30,150,0
2026-09-05 22:11:30,155,0
2026-09-05 22:12:30,156,0
2026-09-05 22:13:30,154,0
2026-09-05 22:14:30,157,0
2026-09-05 22:15:31,154,0
2026-09-05 22:16:30,157,0
2026-09-05 22:17:30,156,0
2026-09-05 22:18:30,153,0
2026-09-05 22:19:30,156,0
2026-09-05 22:20:30,155,0
2026-09-05 22:21:31,155,0
2026-09-05 22:22:30,155,0
2026-09-05 22:23:30,155,0
2026-09-05 22:24:30,155,0
2026-09-05 22:25:30,154,0
2026-09-05 22:26:31,154,0
2026-09-05 22:27:30,154,0
2026-09-05 22:28:30,152,0
2026-09-05 22:29:30,154,0
2026-09-05 22:30:30,154,0
2026-09-05 22:31:30,154,0
2026-09-05 22:32:31,154,0
2026-09-05 22:33:30,151,0
2026-09-05 22:34:30,154,0
2026-09-05 22:35:30,154,0
2026-09-05 22:36:30,154,0
2026-09-05 22:37:30,154,0
2026-09-05 22:38:31,151,0
2026-09-05 22:39:30,154,0
2026-09-05 22:40:30,154,0
2026-09-05 22:41:30,154,0
2026-09-05 22:42:30,153,0
2026-09-05 22:43:30,151,0
2026-09-05 22:44:31,155,0
2026-09-05 22:45:30,149,0
2026-09-05 22:46:30,148,0
2026-09-05 22:47:30,148,0
2026-09-05 22:48:30,125,0
2026-09-05 22:49:30,103,0
2026-09-05 22:50:31,105,0
2026-09-05 22:51:30,106,0
2026-09-05 22:52:30,105,0
2026-09-05 22:53:30,103,0
2026-09-05 22:54:30,102,0
2026-09-05 22:55:30,104,0
2026-09-05 22:56:31,104,0
2026-09-05 22:57:30,104,0
2026-09-05 22:58:30,103,0
2026-09-05 22:59:30,103,0
2026-09-05 23:00:30,104,0
2026-09-05 23:01:30,111,0
2026-09-05 23:02:31,104,0
2026-09-05 23:03:30,103,0
2026-09-05 23:04:30,103,0
2026-09-05 23:05:30,104,0
2026-09-05 23:06:30,105,0
2026-09-05 23:07:30,104,0
2026-09-05 23:08:31,103,0
2026-09-05 23:09:30,103,0
2026-09-05 23:10:30,104,0
2026-09-05 23:11:30,104,0
2026-09-05 23:12:30,104,0
2026-09-05 23:13:30,103,0
2026-09-05 23:14:31,104,0
2026-09-05 23:15:30,104,0
2026-09-05 23:16:30,104,0
2026-09-05 23:17:30,104,0
2026-09-05 23:18:30,103,0
2026-09-05 23:19:30,103,0
2026-09-05 23:20:30,104,0
2026-09-05 23:21:30,104,0
2026-09-05 23:22:30,104,0
2026-09-05 23:23:30,103,0
2026-09-05 23:24:30,103,0
2026-09-05 23:25:31,104,0
2026-09-05 23:26:30,104,0
2026-09-05 23:27:30,122,0
2026-09-05 23:28:30,150,0
2026-09-05 23:29:30,152,0
2026-09-05 23:30:30,156,0
2026-09-05 23:31:31,157,0
2026-09-05 23:32:30,157,0
2026-09-05 23:33:30,154,0
2026-09-05 23:34:30,154,0
2026-09-05 23:35:30,157,0
2026-09-05 23:36:30,156,0
2026-09-05 23:37:31,156,0
2026-09-05 23:38:30,153,0
2026-09-05 23:39:30,153,0
2026-09-05 23:40:30,155,0
2026-09-05 23:41:30,155,0
2026-09-05 23:42:30,156,0
2026-09-05 23:43:31,152,0
2026-09-05 23:44:30,152,0
2026-09-05 23:45:30,155,0
2026-09-05 23:46:30,155,0
2026-09-05 23:47:30,154,0
2026-09-05 23:48:30,152,0
2026-09-05 23:49:31,160,0
2026-09-05 23:50:30,153,0
2026-09-05 23:51:30,154,0
2026-09-05 23:52:30,154,0
2026-09-05 23:53:30,151,0
2026-09-05 23:54:30,154,0
2026-09-05 23:55:31,154,0
2026-09-05 23:56:30,153,0
2026-09-05 23:57:30,154,0
2026-09-05 23:58:30,151,0
2026-09-05 23:59:30,153,0
2026-09-06 00:00:30,150,0
2026-09-06 00:01:31,156,0
2026-09-06 00:02:30,148,0
2026-09-06 00:03:30,145,0
2026-09-06 00:04:30,145,0
2026-09-06 00:05:30,146,0
2026-09-06 00:06:31,146,0
2026-09-06 00:07:30,146,0
2026-09-06 00:08:30,123,0
2026-09-06 00:09:30,199,0
2026-09-06 00:10:30,217,0
2026-09-06 00:11:30,121,0
2026-09-06 00:12:31,104,0
2026-09-06 00:13:30,103,0
2026-09-06 00:14:30,104,0
2026-09-06 00:15:30,104,0
2026-09-06 00:16:30,104,0
2026-09-06 00:17:30,104,0
2026-09-06 00:18:30,102,0
2026-09-06 00:19:31,103,0
2026-09-06 00:20:30,104,0
2026-09-06 00:21:30,104,0
2026-09-06 00:22:30,102,0
2026-09-06 00:23:30,209,0
2026-09-06 00:24:30,224,0
2026-09-06 00:25:31,104,0
2026-09-06 00:26:30,104,0
2026-09-06 00:27:30,102,0
2026-09-06 00:28:30,103,0
2026-09-06 00:29:30,104,0
2026-09-06 00:30:30,104,0
2026-09-06 00:31:31,104,0
2026-09-06 00:32:30,103,0
2026-09-06 00:33:30,103,0
2026-09-06 00:34:30,104,0
2026-09-06 00:35:30,104,0
2026-09-06 00:36:30,104,0
2026-09-06 00:37:31,102,0
2026-09-06 00:38:30,103,0
2026-09-06 00:39:30,104,0
2026-09-06 00:40:30,104,0
2026-09-06 00:41:30,104,0
2026-09-06 00:42:30,103,0
2026-09-06 00:43:31,104,0
2026-09-06 00:44:30,104,0
2026-09-06 00:45:30,104,0
2026-09-06 00:46:30,147,0
2026-09-06 00:47:30,151,0
2026-09-06 00:48:30,153,0
2026-09-06 00:49:31,155,0
2026-09-06 00:50:30,156,0
2026-09-06 00:51:30,156,0
2026-09-06 00:52:30,154,0
2026-09-06 00:53:30,156,0
2026-09-06 00:54:30,156,0
2026-09-06 00:55:31,155,0
2026-09-06 00:56:30,156,0
2026-09-06 00:57:30,152,0
2026-09-06 00:58:30,152,0
2026-09-06 00:59:30,155,0
2026-09-06 01:00:30,155,0
2026-09-06 01:01:30,154,0
2026-09-06 01:02:30,151,0
2026-09-06 01:03:30,151,0
2026-09-06 01:04:30,152,0
2026-09-06 01:05:31,153,0
2026-09-06 01:06:30,153,0
2026-09-06 01:07:30,150,0
2026-09-06 01:08:30,151,0
2026-09-06 01:09:30,152,0
2026-09-06 01:10:30,152,0
2026-09-06 01:11:30,152,0
2026-09-06 01:12:30,149,0
2026-09-06 01:13:30,150,0
2026-09-06 01:14:30,152,0
2026-09-06 01:15:30,152,0
2026-09-06 01:16:31,152,0
2026-09-06 01:17:30,146,0
2026-09-06 01:18:30,145,0
2026-09-06 01:19:30,146,0
2026-09-06 01:20:30,146,0
2026-09-06 01:21:31,146,0
2026-09-06 01:22:30,221,0
2026-09-06 01:23:30,217,0
2026-09-06 01:24:30,218,0
2026-09-06 01:25:31,145,0
2026-09-06 01:26:30,143,0
2026-09-06 01:27:30,101,0
2026-09-06 01:28:30,103,0
2026-09-06 01:29:30,103,0
2026-09-06 01:30:30,103,0
2026-09-06 01:31:30,103,0
2026-09-06 01:32:31,101,0
2026-09-06 01:33:30,103,0
2026-09-06 01:34:30,103,0
2026-09-06 01:35:30,103,0
2026-09-06 01:36:30,103,0
2026-09-06 01:37:30,101,0
2026-09-06 01:38:31,103,0
2026-09-06 01:39:30,103,0
2026-09-06 01:40:30,103,0
2026-09-06 01:41:30,103,0
2026-09-06 01:42:30,101,0
2026-09-06 01:43:30,101,0
2026-09-06 01:44:31,103,0
2026-09-06 01:45:30,103,0
2026-09-06 01:46:30,101,0
2026-09-06 01:47:30,101,0
2026-09-06 01:48:30,101,0
2026-09-06 01:49:30,103,0
2026-09-06 01:50:31,103,0
2026-09-06 01:51:30,103,0
2026-09-06 01:52:30,101,0
2026-09-06 01:53:30,101,0
2026-09-06 01:54:30,103,0
2026-09-06 01:55:30,103,0
2026-09-06 01:56:31,103,0
2026-09-06 01:57:30,101,0
2026-09-06 01:58:30,123,0
2026-09-06 01:59:30,150,0
2026-09-06 02:00:30,154,0
2026-09-06 02:01:30,155,0
2026-09-06 02:02:30,142,0
2026-09-06 02:03:31,152,0
2026-09-06 02:04:30,155,0
2026-09-06 02:05:30,155,0
2026-09-06 02:06:30,155,0
2026-09-06 02:07:30,152,0
2026-09-06 02:08:30,152,0
2026-09-06 02:09:31,154,0
2026-09-06 02:10:30,154,0
2026-09-06 02:11:30,209,0
2026-09-06 02:12:30,163,0
2026-09-06 02:13:30,188,0
2026-09-06 02:14:30,202,0
2026-09-06 02:15:31,181,0
2026-09-06 02:16:30,181,0
2026-09-06 02:17:30,179,0
2026-09-06 02:18:30,176,0
2026-09-06 02:19:30,176,0
2026-09-06 02:20:30,176,0
2026-09-06 02:21:31,176,0
2026-09-06 02:22:30,172,0
2026-09-06 02:23:30,175,0
2026-09-06 02:24:30,175,0
2026-09-06 02:25:30,175,0
2026-09-06 02:26:30,281,0
2026-09-06 02:27:31,293,0
2026-09-06 02:28:30,172,0
2026-09-06 02:29:30,172,0
2026-09-06 02:30:30,170,0
2026-09-06 02:31:30,170,0
2026-09-06 02:32:30,166,0
2026-09-06 02:33:30,166,0
2026-09-06 02:34:30,169,0
2026-09-06 02:35:30,183,0
2026-09-06 02:36:30,183,0
2026-09-06 02:37:30,168,0
2026-09-06 02:38:31,137,0
2026-09-06 02:39:30,139,0
2026-09-06 02:40:30,139,0
2026-09-06 02:41:30,139,0
2026-09-06 02:42:31,136,0
2026-09-06 02:43:30,137,0
2026-09-06 02:44:30,139,0
2026-09-06 02:45:30,139,0
2026-09-06 02:46:30,139,0
2026-09-06 02:47:31,136,0
2026-09-06 02:48:30,137,0
2026-09-06 02:49:30,139,0
2026-09-06 02:50:30,139,0
2026-09-06 02:51:30,139,0
2026-09-06 02:52:30,136,0
2026-09-06 02:53:30,138,0
2026-09-06 02:54:31,149,0
2026-09-06 02:55:30,154,0
2026-09-06 02:56:30,153,0
2026-09-06 02:57:30,151,0
2026-09-06 02:58:30,150,0
2026-09-06 02:59:30,143,0
2026-09-06 03:00:31,143,0
2026-09-06 03:01:30,144,0
2026-09-06 03:02:30,141,0
2026-09-06 03:03:30,143,0
2026-09-06 03:04:30,143,0
2026-09-06 03:05:30,143,0
2026-09-06 03:06:31,143,0
2026-09-06 03:07:30,141,0
2026-09-06 03:08:30,143,0
2026-09-06 03:09:30,143,0
2026-09-06 03:10:30,143,0
2026-09-06 03:11:30,143,0
2026-09-06 03:12:31,141,0
2026-09-06 03:13:30,144,0
2026-09-06 03:14:30,173,0
2026-09-06 03:15:30,154,0
2026-09-06 03:16:30,157,0
2026-09-06 03:17:30,205,0
2026-09-06 03:18:30,205,0
2026-09-06 03:19:31,210,0
2026-09-06 03:20:30,208,0
2026-09-06 03:21:30,206,0
2026-09-06 03:22:30,199,0
2026-09-06 03:23:30,199,0
2026-09-06 03:24:30,203,0
2026-09-06 03:25:31,203,0
2026-09-06 03:26:30,203,0
2026-09-06 03:27:30,206,0
2026-09-06 03:28:30,199,0
2026-09-06 03:29:30,202,0
2026-09-06 03:30:30,205,0
2026-09-06 03:31:31,205,0
2026-09-06 03:32:30,201,0
2026-09-06 03:33:30,198,0
2026-09-06 03:34:30,202,0
2026-09-06 03:35:30,202,0
2026-09-06 03:36:30,221,0
2026-09-06 03:37:31,234,0
2026-09-06 03:38:30,196,0
2026-09-06 03:39:30,200,0
2026-09-06 03:40:30,199,0
2026-09-06 03:41:30,199,0
2026-09-06 03:42:30,196,0
2026-09-06 03:43:31,195,0
2026-09-06 03:44:30,199,0
2026-09-06 03:45:30,200,0
2026-09-06 03:46:30,197,0
2026-09-06 03:47:30,191,0
2026-09-06 03:48:30,191,0
2026-09-06 03:49:31,194,0
2026-09-06 03:50:30,239,0
2026-09-06 03:51:30,253,0
2026-09-06 03:52:30,199,0
2026-09-06 03:53:30,277,0
2026-09-06 03:54:31,308,0
2026-09-06 03:55:30,185,0
2026-09-06 03:56:30,185,0
2026-09-06 03:57:30,170,0
2026-09-06 03:58:30,140,0
2026-09-06 03:59:30,143,0
2026-09-06 04:00:31,143,0
2026-09-06 04:01:30,142,0
2026-09-06 04:02:30,128,0
2026-09-06 04:03:30,131,0
2026-09-06 04:04:30,133,0
2026-09-06 04:05:31,133,0
2026-09-06 04:06:30,133,0
2026-09-06 04:07:30,130,0
2026-09-06 04:08:30,130,0
2026-09-06 04:09:31,132,0
2026-09-06 04:10:30,132,0
2026-09-06 04:11:30,133,0
2026-09-06 04:12:30,130,0
2026-09-06 04:13:30,130,0
2026-09-06 04:14:30,132,0
2026-09-06 04:15:30,132,0
2026-09-06 04:16:31,132,0
2026-09-06 04:17:30,130,0
2026-09-06 04:18:30,130,0
2026-09-06 04:19:30,132,0
2026-09-06 04:20:30,132,0
2026-09-06 04:21:31,132,0
2026-09-06 04:22:30,130,0
2026-09-06 04:23:30,130,0
2026-09-06 04:24:30,127,0
2026-09-06 04:25:30,156,0
2026-09-06 04:26:30,166,0
2026-09-06 04:27:30,140,0
2026-09-06 04:28:30,134,0
2026-09-06 04:29:30,134,0
2026-09-06 04:30:30,134,0
2026-09-06 04:31:30,134,0
2026-09-06 04:32:30,132,0
2026-09-06 04:33:30,131,0
2026-09-06 04:34:31,133,0
2026-09-06 04:35:30,133,0
2026-09-06 04:36:30,140,0
2026-09-06 04:37:30,179,0
2026-09-06 04:38:30,182,0
2026-09-06 04:39:30,184,0
2026-09-06 04:40:31,184,0
2026-09-06 04:41:30,184,0
2026-09-06 04:42:30,182,0
2026-09-06 04:43:30,185,0
2026-09-06 04:44:30,185,0
2026-09-06 04:45:30,184,0
2026-09-06 04:46:31,184,0
2026-09-06 04:47:30,181,0
2026-09-06 04:48:30,182,0
2026-09-06 04:49:30,182,0
2026-09-06 04:50:30,182,0
2026-09-06 04:51:30,182,0
2026-09-06 04:52:31,179,0
2026-09-06 04:53:30,178,0
2026-09-06 04:54:30,188,0
2026-09-06 04:55:30,182,0
2026-09-06 04:56:30,181,0
2026-09-06 04:57:30,178,0
2026-09-06 04:58:31,178,0
2026-09-06 04:59:30,181,0
2026-09-06 05:00:30,180,0
2026-09-06 05:01:30,181,0
2026-09-06 05:02:30,177,0
2026-09-06 05:03:30,181,0
2026-09-06 05:04:31,180,0
2026-09-06 05:05:30,181,0
2026-09-06 05:06:30,180,0
2026-09-06 05:07:30,176,0
2026-09-06 05:08:30,176,0
2026-09-06 05:09:30,175,0
2026-09-06 05:10:30,175,0
2026-09-06 05:11:30,173,0
2026-09-06 05:12:30,171,0
2026-09-06 05:13:30,170,0
2026-09-06 05:14:30,173,0
2026-09-06 05:15:31,173,0
2026-09-06 05:16:30,173,0
2026-09-06 05:17:30,157,0
2026-09-06 05:18:30,129,0
2026-09-06 05:19:30,131,0
2026-09-06 05:20:30,131,0
2026-09-06 05:21:30,131,0
2026-09-06 05:22:30,127,0
2026-09-06 05:23:30,126,0
2026-09-06 05:24:30,128,0
2026-09-06 05:25:30,128,0
2026-09-06 05:26:30,128,0
2026-09-06 05:27:31,125,0
2026-09-06 05:28:30,128,0
2026-09-06 05:29:30,128,0
2026-09-06 05:30:30,130,0
2026-09-06 05:31:30,128,0
2026-09-06 05:32:31,126,0
2026-09-06 05:33:30,128,0
2026-09-06 05:34:30,126,0
2026-09-06 05:35:30,128,0
2026-09-06 05:36:30,128,0
2026-09-06 05:37:30,127,0
2026-09-06 05:38:31,128,0
2026-09-06 05:39:30,130,0
2026-09-06 05:40:30,128,0
2026-09-06 05:41:30,128,0
2026-09-06 05:42:30,126,0
2026-09-06 05:43:30,127,0
2026-09-06 05:44:31,128,0
2026-09-06 05:45:30,128,0
2026-09-06 05:46:30,128,0
2026-09-06 05:47:30,126,0
2026-09-06 05:48:30,127,0
2026-09-06 05:49:30,128,0
2026-09-06 05:50:30,131,0
2026-09-06 05:51:30,128,0
2026-09-06 05:52:30,126,0
2026-09-06 05:53:30,128,0
2026-09-06 05:54:30,135,0
2026-09-06 05:55:31,128,0
2026-09-06 05:56:30,128,0
2026-09-06 05:57:30,124,0
2026-09-06 05:58:30,162,0
2026-09-06 05:59:30,176,0
2026-09-06 06:00:30,178,0
2026-09-06 06:01:31,179,0
2026-09-06 06:02:30,177,0
2026-09-06 06:03:30,180,0
2026-09-06 06:04:30,177,0
2026-09-06 06:05:30,181,0
2026-09-06 06:06:30,176,0
2026-09-06 06:07:31,180,0
2026-09-06 06:08:30,176,0
2026-09-06 06:09:30,179,0
2026-09-06 06:10:30,179,0
2026-09-06 06:11:30,176,0
2026-09-06 06:12:30,176,0
2026-09-06 06:13:31,179,0
2026-09-06 06:14:30,178,0
2026-09-06 06:15:30,179,0
2026-09-06 06:16:30,178,0
2026-09-06 06:17:30,178,0
2026-09-06 06:18:30,178,0
2026-09-06 06:19:31,178,0
2026-09-06 06:20:30,178,0
2026-09-06 06:21:30,175,0
2026-09-06 06:22:30,175,0
2026-09-06 06:23:30,177,0
2026-09-06 06:24:30,178,0
2026-09-06 06:25:30,178,0
2026-09-06 06:26:30,174,0
2026-09-06 06:27:30,173,0
2026-09-06 06:28:30,173,0
2026-09-06 06:29:31,173,0
2026-09-06 06:30:30,172,0
2026-09-06 06:31:30,169,0
2026-09-06 06:32:30,169,0
2026-09-06 06:33:30,171,0
2026-09-06 06:34:31,170,0
2026-09-06 06:35:30,170,0
2026-09-06 06:36:30,170,0
2026-09-06 06:37:30,167,0
2026-09-06 06:38:30,170,0
2026-09-06 06:39:30,134,0
2026-09-06 06:40:31,128,0
2026-09-06 06:41:30,126,0
2026-09-06 06:42:30,127,0
2026-09-06 06:43:30,128,0
2026-09-06 06:44:30,128,0
2026-09-06 06:45:30,128,0
2026-09-06 06:46:30,126,0
2026-09-06 06:47:30,126,0
2026-09-06 06:48:30,128,0
2026-09-06 06:49:30,128,0
2026-09-06 06:50:30,128,0
2026-09-06 06:51:30,127,0
2026-09-06 06:52:30,126,0
2026-09-06 06:53:31,129,1
2026-09-06 06:54:30,135,0
2026-09-06 06:55:30,128,0
2026-09-06 06:56:30,117,0
2026-09-06 06:57:30,114,0
2026-09-06 06:58:30,116,2
2026-09-06 06:59:31,116,4
2026-09-06 07:00:30,116,10
2026-09-06 07:01:30,115,18
2026-09-06 07:02:30,114,23
2026-09-06 07:03:30,116,26
2026-09-06 07:04:30,116,30
2026-09-06 07:05:30,116,34
2026-09-06 07:06:30,116,37
2026-09-06 07:07:30,103,41
2026-09-06 07:08:30,96,46
2026-09-06 07:09:30,96,50
2026-09-06 07:10:31,96,55
2026-09-06 07:11:30,93,56
2026-09-06 07:12:30,96,63
2026-09-06 07:13:30,95,68
2026-09-06 07:14:30,96,73
2026-09-06 07:15:30,95,77
2026-09-06 07:16:31,95,82
2026-09-06 07:17:30,96,86
2026-09-06 07:18:30,131,89
2026-09-06 07:19:30,144,95
2026-09-06 07:20:30,146,98
2026-09-06 07:21:30,144,100
2026-09-06 07:22:30,147,109
2026-09-06 07:23:30,148,116
2026-09-06 07:24:30,259,124
2026-09-06 07:25:30,263,128
2026-09-06 07:26:30,145,132
2026-09-06 07:27:30,147,140
2026-09-06 07:28:30,147,146
2026-09-06 07:29:31,146,163
2026-09-06 07:30:30,145,200
2026-09-06 07:31:30,146,229
2026-09-06 07:32:30,146,244
2026-09-06 07:33:30,146,258
2026-09-06 07:34:30,146,273
2026-09-06 07:35:31,141,278
2026-09-06 07:36:30,145,302
2026-09-06 07:37:30,145,319
2026-09-06 07:38:30,145,335
2026-09-06 07:39:30,145,352
2026-09-06 07:40:30,140,359
2026-09-06 07:41:31,145,390
2026-09-06 07:42:30,145,406
2026-09-06 07:43:30,145,425
2026-09-06 07:44:30,144,447
2026-09-06 07:45:30,140,451
2026-09-06 07:46:30,145,479
2026-09-06 07:47:31,144,501
2026-09-06 07:48:30,144,521
2026-09-06 07:49:30,142,541
2026-09-06 07:50:30,137,553
2026-09-06 07:51:30,139,572
2026-09-06 07:52:31,139,563
2026-09-06 07:53:30,139,589
2026-09-06 07:54:30,137,589
2026-09-06 07:55:30,133,559
2026-09-06 07:56:30,137,564
2026-09-06 07:57:30,137,555
2026-09-06 07:58:30,137,625
2026-09-06 07:59:31,137,715
2026-09-06 08:00:30,116,717
2026-09-06 08:01:30,95,766
2026-09-06 08:02:30,90,747
2026-09-06 08:03:30,95,812
2026-09-06 08:04:30,103,843
2026-09-06 08:05:31,199,826
2026-09-06 08:06:30,206,886
2026-09-06 08:07:30,95,910
2026-09-06 08:08:30,94,940
2026-09-06 08:09:30,95,969
2026-09-06 08:10:30,97,973
2026-09-06 08:11:31,98,1022
2026-09-06 08:12:30,98,1048
2026-09-06 08:13:30,97,1073
2026-09-06 08:14:30,98,1103
2026-09-06 08:15:30,97,1147
2026-09-06 08:16:30,97,1180
2026-09-06 08:17:31,97,1209
2026-09-06 08:18:30,97,1236
2026-09-06 08:19:30,97,1257
2026-09-06 08:20:30,95,1267
2026-09-06 08:21:30,97,1319
2026-09-06 08:22:30,97,1347
2026-09-06 08:23:31,97,1376
2026-09-06 08:24:30,97,1405
2026-09-06 08:25:30,94,1384
2026-09-06 08:26:30,97,1457
2026-09-06 08:27:30,98,1500
2026-09-06 08:28:31,96,1577
2026-09-06 08:29:30,97,1585
2026-09-06 08:30:30,92,1556
2026-09-06 08:31:30,96,1646
2026-09-06 08:32:30,95,1672
2026-09-06 08:33:30,96,1705
2026-09-06 08:34:31,95,1733
2026-09-06 08:35:30,94,1732
2026-09-06 08:36:30,95,1785
2026-09-06 08:37:30,96,1814
2026-09-06 08:38:30,95,1840
2026-09-06 08:39:30,96,1871
2026-09-06 08:40:31,94,1869
2026-09-06 08:41:30,133,1931
2026-09-06 08:42:30,143,1955
2026-09-06 08:43:30,145,1985
2026-09-06 08:44:30,146,2020
2026-09-06 08:45:30,146,2044
2026-09-06 08:46:31,148,2076
2026-09-06 08:47:30,147,2106
2026-09-06 08:48:30,148,2137
2026-09-06 08:49:30,147,2165
2026-09-06 08:50:30,144,2158
2026-09-06 08:51:30,146,2229
2026-09-06 08:52:31,146,2263
2026-09-06 08:53:30,146,2304
2026-09-06 08:54:30,146,2336
2026-09-06 08:55:30,143,2321
2026-09-06 08:56:30,145,2390
2026-09-06 08:57:30,145,2422
2026-09-06 08:58:31,145,2443
2026-09-06 08:59:30,145,2476
2026-09-06 09:00:30,144,2509
2026-09-06 09:01:30,145,2547
2026-09-06 09:02:30,144,2573
2026-09-06 09:03:30,143,2610
2026-09-06 09:04:31,144,2644
2026-09-06 09:05:30,141,2630
2026-09-06 09:06:30,151,2696
2026-09-06 09:07:30,143,2737
2026-09-06 09:08:30,143,2774
2026-09-06 09:09:30,140,2798
2026-09-06 09:10:31,134,2737
2026-09-06 09:11:30,137,2885
2026-09-06 09:12:30,137,2918
2026-09-06 09:13:30,137,2957
2026-09-06 09:14:30,137,2981
2026-09-06 09:15:30,131,2907
2026-09-06 09:16:31,136,3043
2026-09-06 09:17:30,136,3072
2026-09-06 09:18:30,135,3105
2026-09-06 09:19:30,135,3136
2026-09-06 09:20:30,113,3061
2026-09-06 09:21:30,94,3196
2026-09-06 09:22:30,94,3232
2026-09-06 09:23:31,93,3254
2026-09-06 09:24:30,94,3290
2026-09-06 09:25:30,92,3267
2026-09-06 09:26:30,92,3355
2026-09-06 09:27:30,93,3391
2026-09-06 09:28:30,110,3420
2026-09-06 09:29:31,116,3451
2026-09-06 09:30:30,116,3478
2026-09-06 09:31:30,116,3454
2026-09-06 09:32:30,115,3545
2026-09-06 09:33:30,114,3573
2026-09-06 09:34:31,115,3607
2026-09-06 09:35:30,114,3576
2026-09-06 09:36:30,118,3731
2026-09-06 09:37:30,115,3694
2026-09-06 09:38:30,115,3724
2026-09-06 09:39:31,115,3754
2026-09-06 09:40:30,113,3719
2026-09-06 09:41:30,115,3806
2026-09-06 09:42:30,115,3839
2026-09-06 09:43:30,115,3868
2026-09-06 09:44:30,115,3903
2026-09-06 09:45:30,113,3864
2026-09-06 09:46:31,115,3960
2026-09-06 09:47:30,115,3993
2026-09-06 09:48:30,114,4022
2026-09-06 09:49:30,114,4054
2026-09-06 09:50:30,110,3942
2026-09-06 09:51:30,114,4100
2026-09-06 09:52:31,113,4130
2026-09-06 09:53:30,114,4144
2026-09-06 09:54:30,114,4163
2026-09-06 09:55:30,109,4045
2026-09-06 09:56:30,113,4208
2026-09-06 09:57:30,114,4231
2026-09-06 09:58:31,114,4255
2026-09-06 09:59:30,113,4287
2026-09-06 10:00:30,110,4177
2026-09-06 10:01:30,153,4339
2026-09-06 10:02:30,161,4375
2026-09-06 10:03:30,163,4391
2026-09-06 10:04:31,164,4423
2026-09-06 10:05:30,159,4305
2026-09-06 10:06:30,172,4475
2026-09-06 10:07:30,165,4487
2026-09-06 10:08:30,165,4509
2026-09-06 10:09:31,165,4535
2026-09-06 10:10:30,165,4479
2026-09-06 10:11:30,165,4573
2026-09-06 10:12:30,286,4609
2026-09-06 10:13:30,220,4640
2026-09-06 10:14:30,215,4662
2026-09-06 10:15:31,149,4613
2026-09-06 10:16:30,1715,4723
2026-09-06 10:17:30,335,4748
2026-09-06 10:18:30,208,4774
2026-09-06 10:19:30,215,4792
2026-09-06 10:20:30,247,4732
2026-09-06 10:21:31,308,4826
2026-09-06 10:22:30,319,4916
2026-09-06 10:23:30,319,4872
2026-09-06 10:24:30,307,4901
2026-09-06 10:25:30,282,4765
2026-09-06 10:26:30,932,4942
2026-09-06 10:27:30,2465,4963
2026-09-06 10:28:31,2400,4988
2026-09-06 10:29:30,2374,5008
2026-09-06 10:30:30,2320,4940
2026-09-06 10:31:30,2424,5048
2026-09-06 10:32:30,2504,5066
2026-09-06 10:33:30,1589,5103
2026-09-06 10:34:31,421,5133
2026-09-06 10:35:30,380,4977
2026-09-06 10:36:30,400,5164
2026-09-06 10:37:30,385,5169
2026-09-06 10:38:30,382,5176
2026-09-06 10:39:30,397,5210
2026-09-06 10:40:30,417,5065
2026-09-06 10:41:31,510,5252
2026-09-06 10:42:30,502,5264
2026-09-06 10:43:30,461,5279
2026-09-06 10:44:30,452,5285
2026-09-06 10:45:30,454,5119
2026-09-06 10:46:30,409,5309
2026-09-06 10:47:31,511,5371
2026-09-06 10:48:30,420,5422
2026-09-06 10:49:30,408,5446
2026-09-06 10:50:30,287,5288
2026-09-06 10:51:30,307,5488
2026-09-06 10:52:30,317,5509
2026-09-06 10:53:31,343,5524
2026-09-06 10:54:30,305,5532
2026-09-06 10:55:30,284,5380
2026-09-06 10:56:30,308,5581
2026-09-06 10:57:30,298,5597
2026-09-06 10:58:30,306,5708
2026-09-06 10:59:30,313,5629
2026-09-06 11:00:31,292,5465
2026-09-06 11:01:30,271,5687
2026-09-06 11:02:30,301,5704
2026-09-06 11:03:30,313,5617
2026-09-06 11:04:31,293,5708
2026-09-06 11:05:30,260,5624
2026-09-06 11:06:30,182,5731
2026-09-06 11:07:30,196,5765
2026-09-06 11:08:30,191,5780
2026-09-06 11:09:30,235,5801
2026-09-06 11:10:30,236,5816
2026-09-06 11:11:31,302,5846
2026-09-06 11:12:30,152,5873
2026-09-06 11:13:30,194,5881
2026-09-06 11:14:30,265,5881
2026-09-06 11:15:30,359,5780
2026-09-06 11:16:30,367,5903
2026-09-06 11:17:30,389,5917
2026-09-06 11:18:31,376,5922
2026-09-06 11:19:30,384,5823
2026-09-06 11:20:30,391,5843
2026-09-06 11:21:30,205,5940
2026-09-06 11:22:30,188,5966
2026-09-06 11:23:30,181,6000
2026-09-06 11:24:31,193,5902
2026-09-06 11:25:30,188,5899
2026-09-06 11:26:30,203,6001
2026-09-06 11:27:30,208,6003
2026-09-06 11:28:30,229,6004
2026-09-06 11:29:30,281,5902
2026-09-06 11:30:31,215,5902
2026-09-06 11:31:30,167,6005
2026-09-06 11:32:30,223,6005
2026-09-06 11:33:30,332,6008
2026-09-06 11:34:30,352,5905
2026-09-06 11:35:30,361,5905
2026-09-06 11:36:31,373,6004
2026-09-06 11:37:30,362,6002
2026-09-06 11:38:30,394,6100
2026-09-06 11:39:30,252,5900
2026-09-06 11:40:30,185,5900
2026-09-06 11:41:30,134,6001
2026-09-06 11:42:30,153,5999
2026-09-06 11:43:31,197,6002
2026-09-06 11:44:30,210,5903
2026-09-06 11:45:30,241,5901
2026-09-06 11:46:30,104,6005
2026-09-06 11:47:30,147,6006
2026-09-06 11:48:30,237,6007
2026-09-06 11:49:31,332,6006
2026-09-06 11:50:30,315,5906
2026-09-06 11:51:30,319,6002
2026-09-06 11:52:30,337,6000
2026-09-06 11:53:30,326,6001
2026-09-06 11:54:30,278,5899
2026-09-06 11:55:30,151,5902
2026-09-06 11:56:31,155,6002
2026-09-06 11:57:30,150,6000
2026-09-06 11:58:30,142,6000
2026-09-06 11:59:30,158,5901
2026-09-06 12:00:30,184,5899
2026-09-06 12:01:30,246,6002
2026-09-06 12:02:31,174,6004
2026-09-06 12:03:30,119,5999
2026-09-06 12:04:30,172,5903
2026-09-06 12:05:30,229,5902
2026-09-06 12:06:30,275,6003
2026-09-06 12:07:30,289,6001
2026-09-06 12:08:30,281,6000
2026-09-06 12:09:31,277,5999
2026-09-06 12:10:30,290,5900
2026-09-06 12:11:30,215,6000
2026-09-06 12:12:30,146,5999
2026-09-06 12:13:30,133,5999
2026-09-06 12:14:30,142,5902
2026-09-06 12:15:31,146,5901
2026-09-06 12:16:30,141,6005
2026-09-06 12:17:30,168,6005
2026-09-06 12:18:30,175,6004
2026-09-06 12:19:30,170,5903
2026-09-06 12:20:30,241,5902
2026-09-06 12:21:31,242,5998
2026-09-06 12:22:30,144,6001
2026-09-06 12:23:30,190,6001
2026-09-06 12:24:30,169,5901
2026-09-06 12:25:30,133,5901
2026-09-06 12:26:30,137,6002
2026-09-06 12:27:31,136,6001
2026-09-06 12:28:30,136,5999
2026-09-06 12:29:30,134,5901
2026-09-06 12:30:30,134,5882
2026-09-06 12:31:30,137,5948
2026-09-06 12:32:30,137,6002
2026-09-06 12:33:31,136,6003
2026-09-06 12:34:30,136,6004
2026-09-06 12:35:30,133,5905
2026-09-06 12:36:30,137,6005
2026-09-06 12:37:30,143,6004
2026-09-06 12:38:30,146,6004
2026-09-06 12:39:31,148,6004
2026-09-06 12:40:30,146,5903
2026-09-06 12:41:30,146,6005
2026-09-06 12:42:30,146,6000
2026-09-06 12:43:30,145,6002
2026-09-06 12:44:30,145,6002
2026-09-06 12:45:31,143,5901
2026-09-06 12:46:30,147,6002
2026-09-06 12:47:30,144,6101
2026-09-06 12:48:30,185,6004
2026-09-06 12:49:30,272,5905
2026-09-06 12:50:30,232,5902
2026-09-06 12:51:31,143,6003
2026-09-06 12:52:30,143,6002
2026-09-06 12:53:30,143,6002
2026-09-06 12:54:30,141,5900
2026-09-06 12:55:30,140,5900
2026-09-06 12:56:30,143,6001
2026-09-06 12:57:31,143,6004
2026-09-06 12:58:30,143,6003
2026-09-06 12:59:30,140,5902
2026-09-06 13:00:30,165,5902
2026-09-06 13:01:30,276,6004
2026-09-06 13:02:31,260,6004
2026-09-06 13:03:30,160,5999
2026-09-06 13:04:30,1709,5899
2026-09-06 13:05:30,1763,5900
2026-09-06 13:06:30,1921,6002
2026-09-06 13:07:30,2509,5998
2026-09-06 13:08:31,2503,5999
2026-09-06 13:09:30,2460,5900
2026-09-06 13:10:30,2485,5900
2026-09-06 13:11:30,2518,5998
2026-09-06 13:12:30,2511,5998
2026-09-06 13:13:30,2510,5998
2026-09-06 13:14:31,2722,5897
2026-09-06 13:15:30,2984,5895
2026-09-06 13:16:30,2986,5995
2026-09-06 13:17:30,2988,5996
2026-09-06 13:18:30,2993,5996
2026-09-06 13:19:30,2947,5894
2026-09-06 13:20:30,2957,5894
2026-09-06 13:21:30,3014,5996
2026-09-06 13:22:30,3018,5984
2026-09-06 13:23:30,3021,5998
2026-09-06 13:24:30,3026,5997
2026-09-06 13:25:30,2978,5894
2026-09-06 13:26:30,3031,5996
2026-09-06 13:27:31,3035,5993
2026-09-06 13:28:30,3037,5998
2026-09-06 13:29:30,3041,5999
2026-09-06 13:30:30,3004,5897
2026-09-06 13:31:30,3056,5996
2026-09-06 13:32:30,3047,5994
2026-09-06 13:33:31,3056,5993
2026-09-06 13:34:30,3016,5894
2026-09-06 13:35:30,3013,5893
2026-09-06 13:36:30,3198,5994
2026-09-06 13:37:30,3191,5993
2026-09-06 13:38:30,3071,5992
2026-09-06 13:39:31,3020,5896
2026-09-06 13:40:30,3019,5894
2026-09-06 13:41:30,3103,5995
2026-09-06 13:42:30,3079,5995
2026-09-06 13:43:30,3085,5994
2026-09-06 13:44:30,3033,5894
2026-09-06 13:45:30,3038,5894
2026-09-06 13:46:31,3092,5995
2026-09-06 13:47:30,3113,5995
2026-09-06 13:48:30,3123,5994
2026-09-06 13:49:30,3110,5893
2026-09-06 13:50:30,3121,5898
2026-09-06 13:51:30,3189,5996
2026-09-06 13:52:31,3160,5998
2026-09-06 13:53:30,3130,5995
2026-09-06 13:54:30,3087,5897
2026-09-06 13:55:30,3052,5896
2026-09-06 13:56:30,3102,5996
2026-09-06 13:57:30,3103,5996
2026-09-06 13:58:31,3103,5995
2026-09-06 13:59:30,3056,5891
2026-09-06 14:00:30,3054,5894
2026-09-06 14:01:30,3088,5992
2026-09-06 14:02:30,2899,5690
2026-09-06 14:03:30,3101,6091
2026-09-06 14:04:30,3001,5891
2026-09-06 14:05:31,2950,5738
2026-09-06 14:06:30,3035,4993
2026-09-06 14:07:30,3038,5021
2026-09-06 14:08:30,3061,5995
2026-09-06 14:09:30,3052,5656
2026-09-06 14:10:30,2941,1193
2026-09-06 14:11:31,3116,3087
2026-09-06 14:12:30,3078,2038
2026-09-06 14:13:30,3004,1505
2026-09-06 14:14:30,3088,5094
2026-09-06 14:15:30,3070,5897
2026-09-06 14:16:30,3111,5996
2026-09-06 14:17:30,3109,5994
2026-09-06 14:18:31,3101,5993
2026-09-06 14:19:30,3051,5894
2026-09-06 14:20:30,3048,5894
2026-09-06 14:21:30,3086,5606
2026-09-06 14:22:30,3055,4280
2026-09-06 14:23:30,3100,5941
2026-09-06 14:24:31,3036,5444
2026-09-06 14:25:30,2947,1821
2026-09-06 14:26:30,3006,1835
2026-09-06 14:27:30,2997,2412
2026-09-06 14:28:30,2996,2579
2026-09-06 14:29:30,2956,3019
2026-09-06 14:30:30,2923,1579
2026-09-06 14:31:30,2968,1570
2026-09-06 14:32:30,2968,1593
2026-09-06 14:33:30,2974,1609
2026-09-06 14:34:30,2915,1478
2026-09-06 14:35:31,2911,1412
2026-09-06 14:36:30,2951,1391
2026-09-06 14:37:30,2954,1301
2026-09-06 14:38:30,2952,1352
2026-09-06 14:39:30,2912,1533
2026-09-06 14:40:30,2912,1658
2026-09-06 14:41:31,2950,1739
2026-09-06 14:42:30,2950,1838
2026-09-06 14:43:30,2998,3701
2026-09-06 14:44:30,3008,5900
2026-09-06 14:45:30,2903,5722
2026-09-06 14:46:30,2536,6002
2026-09-06 14:47:30,2530,6001
2026-09-06 14:48:31,2528,5998
2026-09-06 14:49:30,2485,5902
2026-09-06 14:50:30,2482,5900
2026-09-06 14:51:30,2525,6000
2026-09-06 14:52:30,2525,6003
2026-09-06 14:53:30,2525,6001
2026-09-06 14:54:31,2484,5902
2026-09-06 14:55:30,2483,5901
2026-09-06 14:56:30,2499,5998
2026-09-06 14:57:30,2524,5999
2026-09-06 14:58:30,2524,5996
2026-09-06 14:59:30,2458,5899
2026-09-06 15:00:30,2481,5899
2026-09-06 15:01:31,2523,5995
2026-09-06 15:02:30,2495,5994
2026-09-06 15:03:30,2520,5993
2026-09-06 15:04:30,2477,5893
2026-09-06 15:05:30,2452,5891
2026-09-06 15:06:30,2519,5996
2026-09-06 15:07:31,2519,5997
2026-09-06 15:08:30,2494,5997
2026-09-06 15:09:30,2473,5894
2026-09-06 15:10:30,2473,5732
2026-09-06 15:11:30,2505,5933
2026-09-06 15:12:30,2512,5954
2026-09-06 15:13:31,2515,5740
2026-09-06 15:14:30,2474,5671
2026-09-06 15:15:30,2452,5896
2026-09-06 15:16:30,2493,5977
2026-09-06 15:17:30,2518,5971
2026-09-06 15:18:30,2494,5992
2026-09-06 15:19:31,2478,5896
2026-09-06 15:20:30,2447,5895
2026-09-06 15:21:30,2468,5997
2026-09-06 15:22:30,2450,5980
2026-09-06 15:23:30,2447,5998
2026-09-06 15:24:30,2432,5881
2026-09-06 15:25:31,2408,5797
2026-09-06 15:26:30,2470,5833
2026-09-06 15:27:30,2442,5765
2026-09-06 15:28:30,2459,5692
2026-09-06 15:29:30,2401,5605
2026-09-06 15:30:30,2398,5618
2026-09-06 15:31:31,2461,5656
2026-09-06 15:32:30,2437,5602
2026-09-06 15:33:30,2461,5563
2026-09-06 15:34:30,2397,5428
2026-09-06 15:35:30,2416,5386
2026-09-06 15:36:30,2437,5455
2026-09-06 15:37:30,2431,5483
2026-09-06 15:38:31,2459,5515
2026-09-06 15:39:30,2396,5490
2026-09-06 15:40:30,2422,5507
2026-09-06 15:41:30,2436,5494
2026-09-06 15:42:30,2457,5512
2026-09-06 15:43:30,2445,5515
2026-09-06 15:44:31,2437,5473
2026-09-06 15:45:30,2337,5172
2026-09-06 15:46:30,2482,5434
2026-09-06 15:47:30,2877,5437
2026-09-06 15:48:30,2813,5080
2026-09-06 15:49:30,3061,5430
2026-09-06 15:50:31,2923,5317
2026-09-06 15:51:30,3051,5373
2026-09-06 15:52:30,3082,5338
2026-09-06 15:53:30,3175,5303
2026-09-06 15:54:30,3116,5243
2026-09-06 15:55:31,3147,5251
2026-09-06 15:56:30,3283,5360
2026-09-06 15:57:30,3384,5282
2026-09-06 15:58:30,3444,5288
2026-09-06 15:59:30,3329,5125
2026-09-06 16:00:30,3341,5002
2026-09-06 16:01:31,3418,5050
2026-09-06 16:02:30,3545,5063
2026-09-06 16:03:30,3606,5176
2026-09-06 16:04:30,3495,5023
2026-09-06 16:05:30,3484,5016
2026-09-06 16:06:30,3536,5087
2026-09-06 16:07:31,3420,5092
2026-09-06 16:08:30,3356,5089
2026-09-06 16:09:30,3267,4895
2026-09-06 16:10:30,3235,4843
2026-09-06 16:11:30,2385,4892
2026-09-06 16:12:30,988,4890
2026-09-06 16:13:30,965,4828
2026-09-06 16:14:31,1096,4669
2026-09-06 16:15:30,1104,4636
2026-09-06 16:16:30,886,4709
2026-09-06 16:17:30,863,4683
2026-09-06 16:18:30,812,4578
2026-09-06 16:19:30,757,4397
2026-09-06 16:20:30,679,4453
2026-09-06 16:21:31,686,4549
2026-09-06 16:22:30,624,4544
2026-09-06 16:23:30,626,4533
2026-09-06 16:24:30,614,4427
2026-09-06 16:25:30,719,4417
2026-09-06 16:26:30,704,4478
2026-09-06 16:27:31,566,4468
2026-09-06 16:28:30,520,4451
2026-09-06 16:29:30,532,4366
2026-09-06 16:30:30,481,4349
2026-09-06 16:31:30,487,4398
2026-09-06 16:32:30,492,4377
2026-09-06 16:33:31,493,4363
2026-09-06 16:34:30,485,4337
2026-09-06 16:35:30,505,4238
2026-09-06 16:36:30,512,4288
2026-09-06 16:37:30,516,4271
2026-09-06 16:38:30,563,4258
2026-09-06 16:39:30,568,4186
2026-09-06 16:40:31,581,4176
2026-09-06 16:41:30,557,4214
2026-09-06 16:42:30,493,4197
2026-09-06 16:43:30,464,4097
2026-09-06 16:44:30,440,4150
2026-09-06 16:45:30,437,4033
2026-09-06 16:46:31,436,4026
2026-09-06 16:47:30,449,4022
2026-09-06 16:48:30,457,3918
2026-09-06 16:49:30,459,3826
2026-09-06 16:50:30,450,3774
2026-09-06 16:51:30,438,3854
2026-09-06 16:52:31,437,3826
2026-09-06 16:53:30,449,3814
2026-09-06 16:54:30,441,3710
2026-09-06 16:55:30,433,3609
2026-09-06 16:56:30,447,3732
2026-09-06 16:57:30,452,3726
2026-09-06 16:58:30,461,3730
2026-09-06 16:59:31,460,3710
2026-09-06 17:00:30,454,3620
2026-09-06 17:01:30,456,3653
2026-09-06 17:02:30,438,3632
2026-09-06 17:03:30,434,3587
2026-09-06 17:04:30,453,3527
2026-09-06 17:05:31,452,3461
2026-09-06 17:06:30,443,3497
2026-09-06 17:07:30,439,3469
2026-09-06 17:08:30,443,3438
2026-09-06 17:09:30,429,3347
2026-09-06 17:10:30,451,3317
2026-09-06 17:11:30,503,3299
2026-09-06 17:12:31,515,3320
2026-09-06 17:13:30,521,3290
2026-09-06 17:14:30,573,3208
2026-09-06 17:15:30,625,3163
2026-09-06 17:16:30,597,3186
2026-09-06 17:17:30,541,3164
2026-09-06 17:18:31,551,3143
2026-09-06 17:19:30,596,3125
2026-09-06 17:20:30,565,3049
2026-09-06 17:21:30,555,3050
2026-09-06 17:22:30,550,2968
2026-09-06 17:23:31,518,2924
2026-09-06 17:24:30,511,2932
2026-09-06 17:25:30,500,2922
2026-09-06 17:26:30,508,2980
2026-09-06 17:27:30,508,2965
2026-09-06 17:28:30,507,2933
2026-09-06 17:29:31,498,2816
2026-09-06 17:30:30,498,2751
2026-09-06 17:31:30,507,2762
2026-09-06 17:32:30,506,2763
2026-09-06 17:33:30,511,2748
2026-09-06 17:34:31,502,2692
2026-09-06 17:35:30,501,2671
2026-09-06 17:36:30,512,2627
2026-09-06 17:37:30,511,2563
2026-09-06 17:38:30,511,2536
2026-09-06 17:39:30,508,2513
2026-09-06 17:40:31,497,2498
2026-09-06 17:41:30,507,2489
2026-09-06 17:42:30,506,2506
2026-09-06 17:43:30,506,2485
2026-09-06 17:44:30,489,2375
2026-09-06 17:45:30,497,2420
2026-09-06 17:46:31,504,2447
2026-09-06 17:47:30,501,2395
2026-09-06 17:48:30,500,2372
2026-09-06 17:49:30,500,2339
2026-09-06 17:50:30,491,2217
2026-09-06 17:51:30,493,2282
2026-09-06 17:52:31,529,2290
2026-09-06 17:53:30,545,2272
2026-09-06 17:54:30,522,2204
2026-09-06 17:55:30,487,2185
2026-09-06 17:56:30,484,2156
2026-09-06 17:57:30,450,2108
2026-09-06 17:58:30,447,2066
2026-09-06 17:59:31,439,2012
2026-09-06 18:00:30,439,1937
2026-09-06 18:01:30,445,1928
2026-09-06 18:02:30,448,1862
2026-09-06 18:03:30,458,1750
2026-09-06 18:04:30,472,1705
2026-09-06 18:05:31,466,1618
2026-09-06 18:06:30,479,1617
2026-09-06 18:07:30,472,1566
2026-09-06 18:08:30,445,1538
2026-09-06 18:09:30,438,1472
2026-09-06 18:10:30,421,1432
2026-09-06 18:11:30,436,1474
2026-09-06 18:12:31,435,1463
2026-09-06 18:13:30,438,1405
2026-09-06 18:14:30,457,1397
2026-09-06 18:15:30,449,1353
2026-09-06 18:16:30,463,1350
2026-09-06 18:17:30,459,1276
2026-09-06 18:18:31,458,1270
2026-09-06 18:19:30,451,1229
2026-09-06 18:20:30,443,1167
2026-09-06 18:21:30,442,1174
2026-09-06 18:22:30,442,1157
2026-09-06 18:23:30,440,1147
2026-09-06 18:24:31,441,1120
2026-09-06 18:25:30,431,1069
2026-09-06 18:26:30,438,983
2026-09-06 18:27:30,440,879
2026-09-06 18:28:30,442,899
2026-09-06 18:29:30,439,941
2026-09-06 18:30:30,469,946
2026-09-06 18:31:31,550,958
2026-09-06 18:32:30,514,943
2026-09-06 18:33:30,483,913
2026-09-06 18:34:30,481,914
2026-09-06 18:35:30,622,910
2026-09-06 18:36:30,595,910
2026-09-06 18:37:31,123,862
2026-09-06 18:38:30,397,793
2026-09-06 18:39:30,444,704
2026-09-06 18:40:30,463,654
2026-09-06 18:41:30,471,625
2026-09-06 18:42:30,455,595
2026-09-06 18:43:31,490,620
2026-09-06 18:44:30,445,571
2026-09-06 18:45:30,466,533
2026-09-06 18:46:30,487,506
2026-09-06 18:47:30,479,484
2026-09-06 18:48:30,477,487
2026-09-06 18:49:30,452,465
2026-09-06 18:50:31,515,423
2026-09-06 18:51:30,570,401
2026-09-06 18:52:30,538,394
2026-09-06 18:53:30,515,390
2026-09-06 18:54:30,551,388
2026-09-06 18:55:30,492,373
2026-09-06 18:56:30,533,373
2026-09-06 18:57:31,529,367
2026-09-06 18:58:30,550,364
2026-09-06 18:59:30,505,354
2026-09-06 19:00:30,530,346
2026-09-06 19:01:30,535,345
2026-09-06 19:02:30,512,334
2026-09-06 19:03:31,534,319
2026-09-06 19:04:30,507,310
2026-09-06 19:05:30,546,308
2026-09-06 19:06:30,560,305
2026-09-06 19:07:30,574,299
2026-09-06 19:08:30,546,295
2026-09-06 19:09:30,550,286
2026-09-06 19:10:31,569,283
2026-09-06 19:11:30,536,283
2026-09-06 19:12:30,548,277
2026-09-06 19:13:30,556,271
2026-09-06 19:14:30,542,261
2026-09-06 19:15:30,551,251
2026-09-06 19:16:31,525,247
2026-09-06 19:17:30,531,241
2026-09-06 19:18:30,523,234
2026-09-06 19:19:30,526,223
2026-09-06 19:20:30,535,214
2026-09-06 19:21:30,532,208
2026-09-06 19:22:30,519,199
2026-09-06 19:23:31,519,190
2026-09-06 19:24:30,510,181
2026-09-06 19:25:30,509,172
2026-09-06 19:26:30,526,170
2026-09-06 19:27:30,580,163
2026-09-06 19:28:30,861,157
2026-09-06 19:29:30,1176,149
2026-09-06 19:30:31,1175,145
2026-09-06 19:31:30,1195,141
2026-09-06 19:32:30,916,134
2026-09-06 19:33:30,551,125
2026-09-06 19:34:30,560,121
2026-09-06 19:35:30,645,115
2026-09-06 19:36:31,673,110
2026-09-06 19:37:30,673,105
2026-09-06 19:38:30,691,99
2026-09-06 19:39:30,623,91
2026-09-06 19:40:30,576,83
2026-09-06 19:41:30,556,78
2026-09-06 19:42:30,540,71
2026-09-06 19:43:31,539,64
2026-09-06 19:44:30,541,58
2026-09-06 19:45:30,548,51
2026-09-06 19:46:30,557,47
2026-09-06 19:47:31,524,41
2026-09-06 19:48:30,551,37
2026-09-06 19:49:30,523,32
2026-09-06 19:50:30,544,29
2026-09-06 19:51:30,543,26
2026-09-06 19:52:30,551,22
2026-09-06 19:53:30,1978,20
2026-09-06 19:54:31,1956,17
2026-09-06 19:55:30,1918,13
2026-09-06 19:56:30,1066,10
2026-09-06 19:57:30,1970,8
2026-09-06 19:58:30,1171,5
2026-09-06 19:59:30,1996,2
2026-09-06 20:00:31,1123,0
2026-09-06 20:01:30,1474,0
2026-09-06 20:02:30,1557,0
2026-09-06 20:03:30,1021,0
2026-09-06 20:04:30,1789,1
2026-09-06 20:05:30,958,0
2026-09-06 20:06:31,1427,0
2026-09-06 20:07:30,659,1
2026-09-06 20:08:30,695,0
2026-09-06 20:09:30,688,0
2026-09-06 20:10:30,736,0
2026-09-06 20:11:30,754,0
2026-09-06 20:12:30,756,0
2026-09-06 20:13:31,738,0
2026-09-06 20:14:30,695,0
2026-09-06 20:15:30,674,0
2026-09-06 20:16:30,654,0
2026-09-06 20:17:30,632,0
2026-09-06 20:18:30,608,0
2026-09-06 20:19:31,595,0
2026-09-06 20:20:30,596,0
2026-09-06 20:21:30,606,0
2026-09-06 20:22:30,539,0
2026-09-06 20:23:30,514,0
2026-09-06 20:24:30,505,0
2026-09-06 20:25:31,503,0
2026-09-06 20:26:30,512,0
2026-09-06 20:27:30,512,0
2026-09-06 20:28:30,511,0
2026-09-06 20:29:30,512,0
2026-09-06 20:30:30,503,0
2026-09-06 20:31:30,512,0
2026-09-06 20:32:31,512,0
2026-09-06 20:33:30,527,0
2026-09-06 20:34:30,535,0
2026-09-06 20:35:30,521,0
2026-09-06 20:36:30,521,0
2026-09-06 20:37:30,522,0
2026-09-06 20:38:31,540,0
2026-09-06 20:39:30,554,0
2026-09-06 20:40:30,544,0
2026-09-06 20:41:30,553,0
2026-09-06 20:42:30,553,0
2026-09-06 20:43:30,551,0
2026-09-06 20:44:31,553,0
2026-09-06 20:45:30,544,0
2026-09-06 20:46:30,553,0
2026-09-06 20:47:30,553,0
2026-09-06 20:48:30,554,0
2026-09-06 20:49:30,539,0
2026-09-06 20:50:31,534,0
2026-09-06 20:51:30,476,0
2026-09-06 20:52:30,308,0
2026-09-06 20:53:30,320,0
2026-09-06 20:54:30,287,0
2026-09-06 20:55:30,364,0
2026-09-06 20:56:31,373,0
2026-09-06 20:57:30,269,0
2026-09-06 20:58:30,259,0
2026-09-06 20:59:30,226,0
2026-09-06 21:00:30,225,0
2026-09-06 21:01:30,229,0
2026-09-06 21:02:31,229,0
2026-09-06 21:03:30,229,0
2026-09-06 21:04:30,292,0
2026-09-06 21:05:30,347,0
2026-09-06 21:06:30,302,0
2026-09-06 21:07:31,248,0
2026-09-06 21:08:30,249,0
2026-09-06 21:09:30,245,0
2026-09-06 21:10:30,244,0
2026-09-06 21:11:30,248,0
2026-09-06 21:12:30,248,0
2026-09-06 21:13:31,248,0
2026-09-06 21:14:30,293,0
2026-09-06 21:15:30,355,0
2026-09-06 21:16:30,323,0
2026-09-06 21:17:30,248,0
2026-09-06 21:18:30,247,0
2026-09-06 21:19:31,248,0
2026-09-06 21:20:30,331,0
2026-09-06 21:21:30,535,0
2026-09-06 21:22:30,574,0
2026-09-06 21:23:30,597,0
2026-09-06 21:24:30,598,0
2026-09-06 21:25:31,545,0
2026-09-06 21:26:30,516,0
2026-09-06 21:27:30,404,0
2026-09-06 21:28:30,324,0
2026-09-06 21:29:30,318,0
2026-09-06 21:30:30,307,0
2026-09-06 21:31:31,313,0
2026-09-06 21:32:30,315,0
2026-09-06 21:33:30,314,0
2026-09-06 21:34:30,314,0
2026-09-06 21:35:30,309,0
2026-09-06 21:36:30,313,0
2026-09-06 21:37:30,314,0
2026-09-06 21:38:30,314,0
2026-09-06 21:39:30,389,0
2026-09-06 21:40:30,420,0
2026-09-06 21:41:30,347,0
2026-09-06 21:42:30,313,0
2026-09-06 21:43:30,371,0
2026-09-06 21:44:31,345,0
2026-09-06 21:45:30,259,0
2026-09-06 21:46:30,227,0
2026-09-06 21:47:30,227,0
2026-09-06 21:48:30,227,0
2026-09-06 21:49:30,223,0
2026-09-06 21:50:31,223,0
2026-09-06 21:51:30,227,0
2026-09-06 21:52:30,229,0
2026-09-06 21:53:30,227,0
2026-09-06 21:54:30,223,0
2026-09-06 21:55:30,223,0
2026-09-06 21:56:31,226,0
2026-09-06 21:57:30,226,0
2026-09-06 21:58:30,226,0
2026-09-06 21:59:30,222,0
2026-09-06 22:00:30,222,0
2026-09-06 22:01:30,226,0
2026-09-06 22:02:31,226,0
2026-09-06 22:03:30,226,0
2026-09-06 22:04:30,222,0
2026-09-06 22:05:30,222,0
2026-09-06 22:06:30,226,0
2026-09-06 22:07:30,226,0
2026-09-06 22:08:31,226,0
2026-09-06 22:09:30,226,0
2026-09-06 22:10:30,222,0
2026-09-06 22:11:30,275,0
2026-09-06 22:12:30,337,0
2026-09-06 22:13:30,288,0
2026-09-06 22:14:31,225,0
2026-09-06 22:15:30,221,0
2026-09-06 22:16:30,224,0
2026-09-06 22:17:30,225,0
2026-09-06 22:18:30,224,0
2026-09-06 22:19:30,224,0
2026-09-06 22:20:30,221,0
2026-09-06 22:21:30,224,0
2026-09-06 22:22:30,329,0
2026-09-06 22:23:30,344,0
2026-09-06 22:24:30,224,0
2026-09-06 22:25:31,220,0
2026-09-06 22:26:30,224,0
2026-09-06 22:27:30,224,0
2026-09-06 22:28:30,224,0
2026-09-06 22:29:30,220,0
2026-09-06 22:30:30,223,0
2026-09-06 22:31:31,250,0
2026-09-06 22:32:30,190,0
2026-09-06 22:33:30,221,0
2026-09-06 22:34:30,228,0
2026-09-06 22:35:30,218,0
2026-09-06 22:36:30,220,0
2026-09-06 22:37:31,320,0
2026-09-06 22:38:30,267,0
2026-09-06 22:39:30,283,0
2026-09-06 22:40:30,207,0
2026-09-06 22:41:30,211,0
2026-09-06 22:42:31,211,0
2026-09-06 22:43:30,256,0
2026-09-06 22:44:30,250,0
2026-09-06 22:45:30,271,0
2026-09-06 22:46:30,323,0
2026-09-06 22:47:30,647,0
2026-09-06 22:48:31,622,0
2026-09-06 22:49:30,389,0
2026-09-06 22:50:30,194,0
2026-09-06 22:51:30,167,0
2026-09-06 22:52:30,188,0
2026-09-06 22:53:30,176,0
2026-09-06 22:54:31,197,0
2026-09-06 22:55:30,178,0
2026-09-06 22:56:30,183,0
2026-09-06 22:57:30,190,0
2026-09-06 22:58:30,167,0
2026-09-06 22:59:31,187,0
2026-09-06 23:00:30,187,0
2026-09-06 23:01:30,268,0
2026-09-06 23:02:30,218,0
2026-09-06 23:03:30,219,0
2026-09-06 23:04:30,244,0
2026-09-06 23:05:31,216,0
2026-09-06 23:06:30,242,0
2026-09-06 23:07:30,218,0
2026-09-06 23:08:30,245,0
2026-09-06 23:09:30,214,0
2026-09-06 23:10:30,232,0
2026-09-06 23:11:30,217,0
2026-09-06 23:12:31,242,0
2026-09-06 23:13:30,216,0
2026-09-06 23:14:30,236,0
2026-09-06 23:15:30,331,0
2026-09-06 23:16:30,220,0
2026-09-06 23:17:31,245,0
2026-09-06 23:18:30,217,0
2026-09-06 23:19:30,239,0
2026-09-06 23:20:30,213,0
2026-09-06 23:21:30,308,0
2026-09-06 23:22:30,315,0
2026-09-06 23:23:31,281,0
2026-09-06 23:24:30,207,0
2026-09-06 23:25:30,223,0
2026-09-06 23:26:30,217,0
2026-09-06 23:27:30,223,0
2026-09-06 23:28:30,168,0
2026-09-06 23:29:30,176,0
2026-09-06 23:30:30,193,0
2026-09-06 23:31:30,169,0
2026-09-06 23:32:30,184,0
2026-09-06 23:33:30,168,0
2026-09-06 23:34:31,186,0
2026-09-06 23:35:30,165,0
2026-09-06 23:36:30,186,0
2026-09-06 23:37:30,193,0
2026-09-06 23:38:30,168,0
2026-09-06 23:39:30,164,0
2026-09-06 23:40:31,193,0
2026-09-06 23:41:30,168,0
2026-09-06 23:42:30,184,0
2026-09-06 23:43:30,168,0
2026-09-06 23:44:30,191,0
2026-09-06 23:45:30,172,0
2026-09-06 23:46:31,224,0
2026-09-06 23:47:30,242,0
2026-09-06 23:48:30,220,0
2026-09-06 23:49:30,241,0
2026-09-06 23:50:30,216,0
2026-09-06 23:51:30,221,0
2026-09-06 23:52:31,238,0
2026-09-06 23:53:30,235,0
2026-09-06 23:54:30,215,0
2026-09-06 23:55:30,236,0
2026-09-06 23:56:30,218,0
2026-09-06 23:57:30,239,0
2026-09-06 23:58:31,218,0
2026-09-06 23:59:30,233,0
2026-09-07 00:00:30,214,0
2026-09-07 00:01:30,233,0
2026-09-07 00:02:30,223,0
2026-09-07 00:03:30,221,0
2026-09-07 00:04:30,218,0
2026-09-07 00:05:31,219,0
2026-09-07 00:06:30,230,0
2026-09-07 00:07:30,220,0
2026-09-07 00:08:30,229,0
2026-09-07 00:09:30,206,0
2026-09-07 00:10:30,226,0
2026-09-07 00:11:31,194,0
2026-09-07 00:12:30,187,0
2026-09-07 00:13:30,168,0
2026-09-07 00:14:30,182,0
2026-09-07 00:15:30,175,0
2026-09-07 00:16:30,185,0
2026-09-07 00:17:31,182,0
2026-09-07 00:18:30,168,0
2026-09-07 00:19:30,298,0
2026-09-07 00:20:30,289,0
2026-09-07 00:21:30,168,0
2026-09-07 00:22:30,168,0
2026-09-07 00:23:31,168,0
2026-09-07 00:24:30,165,0
2026-09-07 00:25:30,166,0
2026-09-07 00:26:30,168,0
2026-09-07 00:27:30,168,0
2026-09-07 00:28:30,167,0
2026-09-07 00:29:31,169,0
2026-09-07 00:30:30,242,0
2026-09-07 00:31:30,323,0
2026-09-07 00:32:30,255,0
2026-09-07 00:33:30,220,0
2026-09-07 00:34:31,220,0
2026-09-07 00:35:30,220,0
2026-09-07 00:36:30,249,0
2026-09-07 00:37:30,280,0
2026-09-07 00:38:30,310,0
2026-09-07 00:39:31,307,0
2026-09-07 00:40:30,295,0
2026-09-07 00:41:30,296,0
2026-09-07 00:42:30,308,0
2026-09-07 00:43:30,314,0
2026-09-07 00:44:30,353,0
2026-09-07 00:45:30,343,0
2026-09-07 00:46:31,268,0
2026-09-07 00:47:30,200,0
2026-09-07 00:48:30,174,0
2026-09-07 00:49:30,175,0
2026-09-07 00:50:30,172,0
2026-09-07 00:51:30,174,0
2026-09-07 00:52:31,175,0
2026-09-07 00:53:30,174,0
2026-09-07 00:54:30,171,0
2026-09-07 00:55:30,172,0
2026-09-07 00:56:30,174,0
2026-09-07 00:57:30,173,0
2026-09-07 00:58:31,173,0
2026-09-07 00:59:30,170,0
2026-09-07 01:00:30,170,0
2026-09-07 01:01:30,176,0
2026-09-07 01:02:30,170,0
2026-09-07 01:03:30,175,0
2026-09-07 01:04:31,168,0
2026-09-07 01:05:30,171,0
2026-09-07 01:06:30,169,0
2026-09-07 01:07:30,171,0
2026-09-07 01:08:30,170,0
2026-09-07 01:09:30,167,0
2026-09-07 01:10:31,170,0
2026-09-07 01:11:30,170,0
2026-09-07 01:12:30,169,0
2026-09-07 01:13:30,169,0
2026-09-07 01:14:30,166,0
2026-09-07 01:15:31,164,0
2026-09-07 01:16:30,166,0
2026-09-07 01:17:30,165,0
2026-09-07 01:18:30,161,0
2026-09-07 01:19:30,159,0
2026-09-07 01:20:30,157,0
2026-09-07 01:21:31,160,0
2026-09-07 01:22:30,160,0
2026-09-07 01:23:30,136,0
2026-09-07 01:24:30,117,0
2026-09-07 01:25:30,120,0
2026-09-07 01:26:30,120,0
2026-09-07 01:27:31,119,0
2026-09-07 01:28:30,119,0
2026-09-07 01:29:30,116,0
2026-09-07 01:30:30,118,0
2026-09-07 01:31:30,116,0
2026-09-07 01:32:30,125,0
2026-09-07 01:33:30,119,0
2026-09-07 01:34:30,115,0
2026-09-07 01:35:30,118,0
2026-09-07 01:36:30,115,0
2026-09-07 01:37:31,115,0
2026-09-07 01:38:30,115,0
2026-09-07 01:39:30,115,0
2026-09-07 01:40:30,163,0
2026-09-07 01:41:30,164,0
2026-09-07 01:42:30,167,0
2026-09-07 01:43:30,167,0
2026-09-07 01:44:31,165,0
2026-09-07 01:45:30,166,0
2026-09-07 01:46:30,166,0
2026-09-07 01:47:30,166,0
2026-09-07 01:48:30,166,0
2026-09-07 01:49:30,163,0
2026-09-07 01:50:31,164,0
2026-09-07 01:51:30,164,0
2026-09-07 01:52:30,163,0
2026-09-07 01:53:30,162,0
2026-09-07 01:54:30,157,0
2026-09-07 01:55:30,163,0
2026-09-07 01:56:31,161,0
2026-09-07 01:57:30,162,0
2026-09-07 01:58:30,160,0
2026-09-07 01:59:30,153,0
2026-09-07 02:00:30,161,0
2026-09-07 02:01:31,159,0
2026-09-07 02:02:30,145,0
2026-09-07 02:03:30,155,0
2026-09-07 02:04:30,145,0
2026-09-07 02:05:30,154,0
2026-09-07 02:06:30,155,0
2026-09-07 02:07:30,155,0
2026-09-07 02:08:31,155,0
2026-09-07 02:09:30,152,0
2026-09-07 02:10:30,122,0
2026-09-07 02:11:30,112,0
2026-09-07 02:12:30,113,0
2026-09-07 02:13:31,113,0
2026-09-07 02:14:30,111,0
2026-09-07 02:15:30,112,0
2026-09-07 02:16:30,113,0
2026-09-07 02:17:30,113,0
2026-09-07 02:18:30,113,0
2026-09-07 02:19:31,111,0
2026-09-07 02:20:30,112,0
2026-09-07 02:21:30,113,0
2026-09-07 02:22:30,112,0
2026-09-07 02:23:30,112,0
2026-09-07 02:24:30,110,0
2026-09-07 02:25:31,111,0
2026-09-07 02:26:30,124,0
2026-09-07 02:27:30,157,0
2026-09-07 02:28:30,160,0
2026-09-07 02:29:30,160,0
2026-09-07 02:30:30,162,0
2026-09-07 02:31:31,161,0
2026-09-07 02:32:30,168,0
2026-09-07 02:33:30,160,0
2026-09-07 02:34:30,157,0
2026-09-07 02:35:30,160,0
2026-09-07 02:36:30,175,0
2026-09-07 02:37:31,160,0
2026-09-07 02:38:30,158,0
2026-09-07 02:39:30,152,0
2026-09-07 02:40:30,157,0
2026-09-07 02:41:30,158,0
2026-09-07 02:42:30,157,0
2026-09-07 02:43:31,157,0
2026-09-07 02:44:30,151,0
2026-09-07 02:45:30,154,0
2026-09-07 02:46:30,152,0
2026-09-07 02:47:30,151,0
2026-09-07 02:48:30,149,0
2026-09-07 02:49:31,147,0
2026-09-07 02:50:30,149,0
2026-09-07 02:51:30,149,0
2026-09-07 02:52:30,148,0
2026-09-07 02:53:30,148,0
2026-09-07 02:54:30,145,0
2026-09-07 02:55:30,127,0
2026-09-07 02:56:30,106,0
2026-09-07 02:57:30,106,0
2026-09-07 02:58:30,106,0
2026-09-07 02:59:30,104,0
2026-09-07 03:00:31,106,0
2026-09-07 03:01:30,106,0
2026-09-07 03:02:30,106,0
2026-09-07 03:03:30,106,0
2026-09-07 03:04:30,103,0
2026-09-07 03:05:30,106,0
2026-09-07 03:06:31,105,0
2026-09-07 03:07:30,105,0
2026-09-07 03:08:30,105,0
2026-09-07 03:09:30,104,0
2026-09-07 03:10:30,104,0
2026-09-07 03:11:31,105,0
2026-09-07 03:12:30,104,0
2026-09-07 03:13:30,105,0
2026-09-07 03:14:30,103,0
2026-09-07 03:15:30,148,0
2026-09-07 03:16:30,153,0
2026-09-07 03:17:30,157,0
2026-09-07 03:18:30,157,0
2026-09-07 03:19:30,154,0
2026-09-07 03:20:30,156,0
2026-09-07 03:21:30,156,0
2026-09-07 03:22:31,155,0
2026-09-07 03:23:30,155,0
2026-09-07 03:24:30,149,0
2026-09-07 03:25:30,154,0
2026-09-07 03:26:30,154,0
2026-09-07 03:27:30,153,0
2026-09-07 03:28:31,153,0
2026-09-07 03:29:30,147,0
2026-09-07 03:30:30,152,0
2026-09-07 03:31:30,157,0
2026-09-07 03:32:30,152,0
2026-09-07 03:33:30,150,0
2026-09-07 03:34:30,142,0
2026-09-07 03:35:30,145,0
2026-09-07 03:36:30,145,0
2026-09-07 03:37:30,144,0
2026-09-07 03:38:30,143,0
2026-09-07 03:39:30,142,0
2026-09-07 03:40:30,141,0
2026-09-07 03:41:31,140,0
2026-09-07 03:42:30,113,0
2026-09-07 03:43:30,98,0
2026-09-07 03:44:30,97,0
2026-09-07 03:45:31,98,0
2026-09-07 03:46:30,98,0
2026-09-07 03:47:30,97,0
2026-09-07 03:48:30,98,0
2026-09-07 03:49:30,97,0
2026-09-07 03:50:30,97,0
2026-09-07 03:51:30,97,0
2026-09-07 03:52:31,98,0
2026-09-07 03:53:30,97,0
2026-09-07 03:54:30,95,0
2026-09-07 03:55:30,97,0
2026-09-07 03:56:30,98,0
2026-09-07 03:57:30,97,0
2026-09-07 03:58:31,97,0
2026-09-07 03:59:30,95,0
2026-09-07 04:00:30,97,0
2026-09-07 04:01:30,97,0
2026-09-07 04:02:30,97,0
2026-09-07 04:03:31,96,0
2026-09-07 04:04:30,95,0
2026-09-07 04:05:30,97,0
2026-09-07 04:06:30,125,0
2026-09-07 04:07:30,143,0
2026-09-07 04:08:30,148,0
2026-09-07 04:09:31,146,0
2026-09-07 04:10:30,148,0
2026-09-07 04:11:30,148,0
2026-09-07 04:12:30,148,0
2026-09-07 04:13:30,148,0
2026-09-07 04:14:31,143,0
2026-09-07 04:15:30,147,0
2026-09-07 04:16:30,148,0
2026-09-07 04:17:30,145,0
2026-09-07 04:18:30,145,0
2026-09-07 04:19:30,140,0
2026-09-07 04:20:31,145,0
2026-09-07 04:21:30,144,0
2026-09-07 04:22:30,142,0
2026-09-07 04:23:30,140,0
2026-09-07 04:24:30,134,0
2026-09-07 04:25:30,138,0
2026-09-07 04:26:31,139,0
2026-09-07 04:27:30,137,0
2026-09-07 04:28:30,137,0
2026-09-07 04:29:30,135,0
2026-09-07 04:30:30,137,0
2026-09-07 04:31:30,143,0
2026-09-07 04:32:30,137,0
2026-09-07 04:33:31,124,0
2026-09-07 04:34:30,94,0
2026-09-07 04:35:30,95,0
2026-09-07 04:36:30,94,0
2026-09-07 04:37:30,95,0
2026-09-07 04:38:30,95,0
2026-09-07 04:39:31,94,0
2026-09-07 04:40:30,95,0
2026-09-07 04:41:30,95,0
2026-09-07 04:42:30,100,0
2026-09-07 04:43:30,100,0
2026-09-07 04:44:30,95,0
2026-09-07 04:45:30,94,0
2026-09-07 04:46:30,95,0
2026-09-07 04:47:30,95,0
2026-09-07 04:48:30,95,0
2026-09-07 04:49:30,94,0
2026-09-07 04:50:31,95,0
2026-09-07 04:51:30,95,0
2026-09-07 04:52:30,95,0
2026-09-07 04:53:30,94,0
2026-09-07 04:54:30,92,0
2026-09-07 04:55:30,95,0
2026-09-07 04:56:31,130,0
2026-09-07 04:57:30,142,0
2026-09-07 04:58:30,146,0
2026-09-07 04:59:30,142,0
2026-09-07 05:00:30,146,0
2026-09-07 05:01:30,147,0
2026-09-07 05:02:31,146,0
2026-09-07 05:03:30,146,0
2026-09-07 05:04:30,141,0
2026-09-07 05:05:30,145,0
2026-09-07 05:06:30,145,0
2026-09-07 05:07:30,145,0
2026-09-07 05:08:31,146,0
2026-09-07 05:09:30,140,0
2026-09-07 05:10:30,145,0
2026-09-07 05:11:30,144,0
2026-09-07 05:12:30,144,0
2026-09-07 05:13:31,143,0
2026-09-07 05:14:30,137,0
2026-09-07 05:15:30,139,0
2026-09-07 05:16:30,138,0
2026-09-07 05:17:30,137,0
2026-09-07 05:18:30,138,0
2026-09-07 05:19:31,134,0
2026-09-07 05:20:30,137,0
2026-09-07 05:21:30,136,0
2026-09-07 05:22:30,137,0
2026-09-07 05:23:30,138,0
2026-09-07 05:24:31,139,0
2026-09-07 05:25:30,98,0
2026-09-07 05:26:30,96,0
2026-09-07 05:27:30,97,0
2026-09-07 05:28:30,96,0
2026-09-07 05:29:30,94,0
2026-09-07 05:30:31,96,0
2026-09-07 05:31:30,102,0
2026-09-07 05:32:30,96,0
2026-09-07 05:33:30,95,0
2026-09-07 05:34:30,93,0
2026-09-07 05:35:30,95,0
2026-09-07 05:36:31,96,0
2026-09-07 05:37:30,95,0
2026-09-07 05:38:30,96,0
2026-09-07 05:39:30,92,0
2026-09-07 05:40:30,96,0
2026-09-07 05:41:30,96,0
2026-09-07 05:42:30,96,0
2026-09-07 05:43:31,96,0
2026-09-07 05:44:30,93,0
2026-09-07 05:45:30,96,0
2026-09-07 05:46:30,96,0
2026-09-07 05:47:30,96,0
2026-09-07 05:48:30,95,0
2026-09-07 05:49:31,92,0
2026-09-07 05:50:30,96,0
2026-09-07 05:51:30,96,0
2026-09-07 05:52:30,96,0
2026-09-07 05:53:30,96,0
2026-09-07 05:54:30,93,0
2026-09-07 05:55:31,97,0
2026-09-07 05:56:30,97,0
2026-09-07 05:57:30,96,0
2026-09-07 05:58:30,97,0
2026-09-07 05:59:30,93,0
2026-09-07 06:00:31,96,0
2026-09-07 06:01:30,97,0
2026-09-07 06:02:30,96,0
2026-09-07 06:03:30,97,0
2026-09-07 06:04:30,95,0
2026-09-07 06:05:30,97,0
2026-09-07 06:06:31,97,0
2026-09-07 06:07:30,96,0
2026-09-07 06:08:30,97,0
2026-09-07 06:09:30,95,0
2026-09-07 06:10:30,137,0
2026-09-07 06:11:31,145,0
2026-09-07 06:12:30,146,0
2026-09-07 06:13:30,145,0
2026-09-07 06:14:30,160,0
2026-09-07 06:15:30,261,0
2026-09-07 06:16:30,250,0
2026-09-07 06:17:31,148,0
2026-09-07 06:18:30,148,0
2026-09-07 06:19:30,145,0
2026-09-07 06:20:30,148,0
2026-09-07 06:21:30,148,0
2026-09-07 06:22:30,148,0
2026-09-07 06:23:31,148,0
2026-09-07 06:24:30,147,0
2026-09-07 06:25:30,145,0
2026-09-07 06:26:30,147,0
2026-09-07 06:27:30,147,0
2026-09-07 06:28:30,147,0
2026-09-07 06:29:31,141,0
2026-09-07 06:30:30,148,0
2026-09-07 06:31:30,148,0
2026-09-07 06:32:30,146,0
2026-09-07 06:33:30,145,0
2026-09-07 06:34:30,210,0
2026-09-07 06:35:30,178,0
2026-09-07 06:36:31,174,0
2026-09-07 06:37:30,193,0
2026-09-07 06:38:30,309,0
2026-09-07 06:39:30,787,0
2026-09-07 06:40:30,824,0
2026-09-07 06:41:30,728,0
2026-09-07 06:42:31,212,0
2026-09-07 06:43:30,212,0
2026-09-07 06:44:30,372,0
2026-09-07 06:45:30,195,0
2026-09-07 06:46:30,193,0
2026-09-07 06:47:30,191,0
2026-09-07 06:48:31,191,0
2026-09-07 06:49:30,175,0
2026-09-07 06:50:30,150,0
2026-09-07 06:51:30,149,0
2026-09-07 06:52:31,149,0
2026-09-07 06:53:30,149,0
2026-09-07 06:54:30,147,0
2026-09-07 06:55:30,151,0
2026-09-07 06:56:30,141,1
2026-09-07 06:57:30,122,0
2026-09-07 06:58:30,124,2
2026-09-07 06:59:31,118,4
2026-09-07 07:00:30,128,7
2026-09-07 07:01:30,150,10
2026-09-07 07:02:30,140,13
2026-09-07 07:03:30,115,16
2026-09-07 07:04:30,114,22
2026-09-07 07:05:31,260,28
2026-09-07 07:06:30,278,34
2026-09-07 07:07:30,159,41
2026-09-07 07:08:30,160,45
2026-09-07 07:09:30,144,50
2026-09-07 07:10:31,139,57
2026-09-07 07:11:30,163,63
2026-09-07 07:12:30,172,69
2026-09-07 07:13:30,169,75
2026-09-07 07:14:30,168,82
2026-09-07 07:15:30,316,91
2026-09-07 07:16:31,313,98
2026-09-07 07:17:30,178,104
2026-09-07 07:18:30,172,110
2026-09-07 07:19:30,169,118
2026-09-07 07:20:30,170,128
2026-09-07 07:21:30,169,136
2026-09-07 07:22:31,162,143
2026-09-07 07:23:30,185,152
2026-09-07 07:24:30,310,162
2026-09-07 07:25:30,344,174
2026-09-07 07:26:30,361,183
2026-09-07 07:27:30,344,191
2026-09-07 07:28:31,178,197
2026-09-07 07:29:30,175,205
2026-09-07 07:30:30,166,220
2026-09-07 07:31:30,134,232
2026-09-07 07:32:30,134,245
2026-09-07 07:33:30,106,253
2026-09-07 07:34:31,547,265
2026-09-07 07:35:30,509,282
2026-09-07 07:36:30,101,295
2026-09-07 07:37:30,102,309
2026-09-07 07:38:30,101,323
2026-09-07 07:39:30,100,333
2026-09-07 07:40:31,73,353
2026-09-07 07:41:30,75,368
2026-09-07 07:42:30,179,382
2026-09-07 07:43:30,187,388
2026-09-07 07:44:30,70,403
2026-09-07 07:45:30,73,435
2026-09-07 07:46:31,72,442
2026-09-07 07:47:30,72,447
2026-09-07 07:48:30,70,444
2026-09-07 07:49:30,70,480
2026-09-07 07:50:30,71,508
2026-09-07 07:51:30,71,515
2026-09-07 07:52:31,73,526
2026-09-07 07:53:30,70,516
2026-09-07 07:54:30,89,530
2026-09-07 07:55:30,118,553
2026-09-07 07:56:30,121,565
2026-09-07 07:57:30,124,580
2026-09-07 07:58:30,121,587
2026-09-07 07:59:30,121,607
2026-09-07 08:00:30,123,641
2026-09-07 08:01:30,122,669
2026-09-07 08:02:30,116,664
2026-09-07 08:03:30,120,697
2026-09-07 08:04:31,116,714
2026-09-07 08:05:30,121,750
2026-09-07 08:06:30,122,758
2026-09-07 08:07:30,122,762
2026-09-07 08:08:30,122,772
2026-09-07 08:09:30,119,781
2026-09-07 08:10:31,122,815
2026-09-07 08:11:30,121,835
2026-09-07 08:12:30,117,849
2026-09-07 08:13:30,114,851
2026-09-07 08:14:30,113,980
2026-09-07 08:15:30,115,1037
2026-09-07 08:16:31,115,1060
2026-09-07 08:17:30,115,1079
2026-09-07 08:18:30,112,1088
2026-09-07 08:19:30,112,1116
2026-09-07 08:20:30,113,1157
2026-09-07 08:21:30,113,1172
2026-09-07 08:22:30,113,1219
2026-09-07 08:23:30,86,1238
2026-09-07 08:24:30,70,1262
2026-09-07 08:25:30,71,1309
2026-09-07 08:26:31,71,1331
2026-09-07 08:27:30,71,1394
2026-09-07 08:28:30,70,1435
2026-09-07 08:29:30,70,1471
2026-09-07 08:30:30,71,1526
2026-09-07 08:31:31,70,1571
2026-09-07 08:32:30,71,1616
2026-09-07 08:33:30,69,1636
2026-09-07 08:34:30,70,1672
2026-09-07 08:35:30,71,1733
2026-09-07 08:36:30,70,1772
2026-09-07 08:37:31,70,1808
2026-09-07 08:38:30,68,1799
2026-09-07 08:39:30,68,1813
2026-09-07 08:40:30,69,1860
2026-09-07 08:41:30,69,1877
2026-09-07 08:42:30,69,1877
2026-09-07 08:43:30,75,1854
2026-09-07 08:44:31,68,1876
2026-09-07 08:45:30,70,1960
2026-09-07 08:46:30,68,1910
2026-09-07 08:47:30,70,1958
2026-09-07 08:48:30,68,1974
2026-09-07 08:49:31,68,1958
2026-09-07 08:50:30,94,2011
2026-09-07 08:51:30,115,2034
2026-09-07 08:52:30,119,2049
2026-09-07 08:53:30,121,2064
2026-09-07 08:54:30,123,2051
2026-09-07 08:55:30,141,2137
2026-09-07 08:56:30,163,2232
2026-09-07 08:57:30,201,2246
2026-09-07 08:58:30,260,2246
2026-09-07 08:59:30,260,2288
2026-09-07 09:00:31,268,2375
2026-09-07 09:01:30,256,2407
2026-09-07 09:02:30,220,2436
2026-09-07 09:03:30,1166,2424
2026-09-07 09:04:30,2218,2464
2026-09-07 09:05:30,2253,2549
2026-09-07 09:06:30,2254,2576
2026-09-07 09:07:30,2250,2599
2026-09-07 09:08:30,2248,2624
2026-09-07 09:09:30,2219,2605
2026-09-07 09:10:30,1073,2669
2026-09-07 09:11:31,282,2714
2026-09-07 09:12:30,260,2717
2026-09-07 09:13:30,273,2781
2026-09-07 09:14:30,278,2740
2026-09-07 09:15:30,273,2802
2026-09-07 09:16:30,287,2852
2026-09-07 09:17:31,275,2850
2026-09-07 09:18:30,269,2962
2026-09-07 09:19:30,251,2956
2026-09-07 09:20:30,234,3035
2026-09-07 09:21:30,229,3053
2026-09-07 09:22:30,242,3013
2026-09-07 09:23:30,232,3101
2026-09-07 09:24:31,190,3056
2026-09-07 09:25:30,248,3112
2026-09-07 09:26:30,240,3111
2026-09-07 09:27:30,230,3063
2026-09-07 09:28:30,252,3148
2026-09-07 09:29:30,230,3128
2026-09-07 09:30:30,237,3205
2026-09-07 09:31:30,341,3233
2026-09-07 09:32:30,361,3195
2026-09-07 09:33:30,282,3276
2026-09-07 09:34:30,250,3244
2026-09-07 09:35:31,262,3328
2026-09-07 09:36:30,279,3347
2026-09-07 09:37:30,267,3375
2026-09-07 09:38:30,227,3400
2026-09-07 09:39:30,259,3374
2026-09-07 09:40:30,284,3454
2026-09-07 09:41:31,262,3419
2026-09-07 09:42:30,211,3493
2026-09-07 09:43:30,134,3503
2026-09-07 09:44:30,133,3472
2026-09-07 09:45:30,113,3554
2026-09-07 09:46:30,147,3527
2026-09-07 09:47:31,155,3623
2026-09-07 09:48:30,169,3650
2026-09-07 09:49:30,160,3634
2026-09-07 09:50:30,181,3766
2026-09-07 09:51:30,202,3757
2026-09-07 09:52:30,249,3864
2026-09-07 09:53:31,245,3890
2026-09-07 09:54:30,151,3868
2026-09-07 09:55:30,210,3984
2026-09-07 09:56:30,316,3830
2026-09-07 09:57:30,396,4084
2026-09-07 09:58:30,454,4109
2026-09-07 09:59:31,1753,4058
2026-09-07 10:00:30,2638,4130
2026-09-07 10:01:30,2560,4058
2026-09-07 10:02:30,2383,4123
2026-09-07 10:03:30,2369,4167
2026-09-07 10:04:31,2355,4177
2026-09-07 10:05:30,2339,4318
2026-09-07 10:06:30,2296,4319
2026-09-07 10:07:30,439,4486
2026-09-07 10:08:30,296,4596
2026-09-07 10:09:30,312,4621
2026-09-07 10:10:31,178,4808
2026-09-07 10:11:30,222,4810
2026-09-07 10:12:30,323,4946
2026-09-07 10:13:30,443,4982
2026-09-07 10:14:30,409,4808
2026-09-07 10:15:30,381,5015
2026-09-07 10:16:30,679,5049
2026-09-07 10:17:31,2536,5147
2026-09-07 10:18:30,2302,4397
2026-09-07 10:19:30,2384,4315
2026-09-07 10:20:30,2388,3803
2026-09-07 10:21:30,2318,2497
2026-09-07 10:22:30,2314,1820
2026-09-07 10:23:31,2326,1754
2026-09-07 10:24:30,791,1644
2026-09-07 10:25:30,404,1779
2026-09-07 10:26:30,1132,1614
2026-09-07 10:27:30,2279,1474
2026-09-07 10:28:30,2330,1471
2026-09-07 10:29:30,2144,2222
2026-09-07 10:30:31,495,1340
2026-09-07 10:31:30,514,1553
2026-09-07 10:32:30,1956,2224
2026-09-07 10:33:30,2606,4981
2026-09-07 10:34:30,2521,4897
2026-09-07 10:35:30,2458,4951
2026-09-07 10:36:31,2281,4847
2026-09-07 10:37:30,2014,4925
2026-09-07 10:38:30,178,4920
2026-09-07 10:39:30,169,4846
2026-09-07 10:40:30,238,4942
2026-09-07 10:41:31,357,4866
2026-09-07 10:42:30,2277,4934
2026-09-07 10:43:30,1760,4933
2026-09-07 10:44:30,192,4865
2026-09-07 10:45:30,182,4955
2026-09-07 10:46:31,191,4891
2026-09-07 10:47:30,187,4984
2026-09-07 10:48:30,195,5104
2026-09-07 10:49:30,187,5014
2026-09-07 10:50:30,185,5123
2026-09-07 10:51:31,235,5041
2026-09-07 10:52:30,263,5138
2026-09-07 10:53:30,272,5166
2026-09-07 10:54:30,148,5105
2026-09-07 10:55:30,195,5215
2026-09-07 10:56:30,235,5154
2026-09-07 10:57:30,376,5245
2026-09-07 10:58:31,401,5248
2026-09-07 10:59:30,373,5171
2026-09-07 11:00:30,379,5279
2026-09-07 11:01:30,401,5220
2026-09-07 11:02:30,376,5345
2026-09-07 11:03:30,253,5381
2026-09-07 11:04:30,171,5309
2026-09-07 11:05:31,186,5422
2026-09-07 11:06:30,182,5341
2026-09-07 11:07:30,185,5435
2026-09-07 11:08:30,174,5447
2026-09-07 11:09:30,180,5368
2026-09-07 11:10:30,174,5482
2026-09-07 11:11:31,181,5408
2026-09-07 11:12:30,184,5510
2026-09-07 11:13:30,188,5525
2026-09-07 11:14:30,175,5449
2026-09-07 11:15:30,173,5554
2026-09-07 11:16:30,178,5474
2026-09-07 11:17:31,182,5576
2026-09-07 11:18:30,205,5574
2026-09-07 11:19:30,215,5482
2026-09-07 11:20:30,215,5590
2026-09-07 11:21:30,263,5500
2026-09-07 11:22:31,326,5610
2026-09-07 11:23:30,176,5613
2026-09-07 11:24:30,176,5511
2026-09-07 11:25:30,178,5617
2026-09-07 11:26:30,134,5585
2026-09-07 11:27:30,134,5734
2026-09-07 11:28:31,130,5740
2026-09-07 11:29:30,128,5655
2026-09-07 11:30:30,129,5759
2026-09-07 11:31:30,127,5687
2026-09-07 11:32:30,129,5805
2026-09-07 11:33:30,137,5811
2026-09-07 11:34:31,127,5713
2026-09-07 11:35:30,128,5837
2026-09-07 11:36:30,127,5775
2026-09-07 11:37:30,128,5899
2026-09-07 11:38:30,134,5903
2026-09-07 11:39:30,131,5806
2026-09-07 11:40:30,132,5915
2026-09-07 11:41:31,129,5833
2026-09-07 11:42:30,131,5947
2026-09-07 11:43:30,130,5947
2026-09-07 11:44:30,128,5862
2026-09-07 11:45:30,130,5980
2026-09-07 11:46:30,127,5885
2026-09-07 11:47:31,128,6001
2026-09-07 11:48:30,128,6005
2026-09-07 11:49:30,82,5900
2026-09-07 11:50:30,78,6007
2026-09-07 11:51:30,76,5905
2026-09-07 11:52:30,78,6003
2026-09-07 11:53:30,79,6001
2026-09-07 11:54:31,77,5902
2026-09-07 11:55:30,79,6002
2026-09-07 11:56:30,77,5903
2026-09-07 11:57:30,78,6004
2026-09-07 11:58:30,79,6002
2026-09-07 11:59:30,78,6002
2026-09-07 12:00:31,79,6002
2026-09-07 12:01:30,76,5905
2026-09-07 12:02:30,77,6002
2026-09-07 12:03:30,77,5908
2026-09-07 12:04:30,76,5905
2026-09-07 12:05:30,77,6003
2026-09-07 12:06:30,76,5906
2026-09-07 12:07:30,77,6007
2026-09-07 12:08:30,77,6007
2026-09-07 12:09:30,76,5906
2026-09-07 12:10:30,77,6001
2026-09-07 12:11:30,76,5902
2026-09-07 12:12:30,77,6000
2026-09-07 12:13:31,115,6001
2026-09-07 12:14:30,123,5902
2026-09-07 12:15:30,129,6001
2026-09-07 12:16:30,127,5906
2026-09-07 12:17:30,130,6005
2026-09-07 12:18:30,130,6006
2026-09-07 12:19:30,128,5903
2026-09-07 12:20:31,130,5999
2026-09-07 12:21:30,127,5903
2026-09-07 12:22:30,129,6004
2026-09-07 12:23:30,129,5998
2026-09-07 12:24:30,126,5900
2026-09-07 12:25:30,128,6004
2026-09-07 12:26:30,126,5902
2026-09-07 12:27:31,128,6002
2026-09-07 12:28:30,127,6001
2026-09-07 12:29:30,126,5900
2026-09-07 12:30:30,253,6001
2026-09-07 12:31:30,263,5907
2026-09-07 12:32:30,131,6006
2026-09-07 12:33:31,122,6004
2026-09-07 12:34:30,120,5903
2026-09-07 12:35:30,121,6004
2026-09-07 12:36:30,118,5901
2026-09-07 12:37:30,137,6005
2026-09-07 12:38:31,253,6005
2026-09-07 12:39:30,245,5904
2026-09-07 12:40:30,252,6004
2026-09-07 12:41:30,118,5901
2026-09-07 12:42:30,119,6002
2026-09-07 12:43:30,119,6002
2026-09-07 12:44:31,116,5900
2026-09-07 12:45:30,77,6002
2026-09-07 12:46:30,76,5905
2026-09-07 12:47:30,77,6005
2026-09-07 12:48:30,77,6005
2026-09-07 12:49:30,76,5900
2026-09-07 12:50:31,77,6002
2026-09-07 12:51:30,76,5901
2026-09-07 12:52:30,77,6001
2026-09-07 12:53:30,76,6001
2026-09-07 12:54:30,75,5901
2026-09-07 12:55:30,77,6001
2026-09-07 12:56:31,76,5902
2026-09-07 12:57:30,77,6001
2026-09-07 12:58:30,77,6001
2026-09-07 12:59:30,76,5902
2026-09-07 13:00:30,76,6004
2026-09-07 13:01:30,76,5900
2026-09-07 13:02:30,77,6001
2026-09-07 13:03:31,77,6002
2026-09-07 13:04:30,76,5902
2026-09-07 13:05:30,76,6002
2026-09-07 13:06:30,121,6004
2026-09-07 13:07:30,125,6004
2026-09-07 13:08:30,129,6002
2026-09-07 13:09:31,127,5903
2026-09-07 13:10:30,129,6002
2026-09-07 13:11:30,129,6000
2026-09-07 13:12:30,129,6001
2026-09-07 13:13:30,129,6001
2026-09-07 13:14:30,136,5901
2026-09-07 13:15:31,242,6003
2026-09-07 13:16:30,268,5901
2026-09-07 13:17:30,128,6002
2026-09-07 13:18:30,127,6001
2026-09-07 13:19:30,125,5901
2026-09-07 13:20:30,127,6002
2026-09-07 13:21:31,125,5903
2026-09-07 13:22:30,130,6102
2026-09-07 13:23:30,124,6001
2026-09-07 13:24:30,119,5900
2026-09-07 13:25:30,121,6002
2026-09-07 13:26:30,120,6001
2026-09-07 13:27:30,120,6002
2026-09-07 13:28:31,120,6001
2026-09-07 13:29:30,117,5902
2026-09-07 13:30:30,117,5902
2026-09-07 13:31:30,119,6001
2026-09-07 13:32:30,119,6002
2026-09-07 13:33:30,119,6002
2026-09-07 13:34:31,109,5901
2026-09-07 13:35:30,199,5902
2026-09-07 13:36:30,218,6001
2026-09-07 13:37:30,76,6003
2026-09-07 13:38:30,76,6003
2026-09-07 13:39:30,75,5897
2026-09-07 13:40:31,76,5905
2026-09-07 13:41:30,76,6004
2026-09-07 13:42:30,77,6003
2026-09-07 13:43:30,79,6005
2026-09-07 13:44:30,91,5902
2026-09-07 13:45:30,79,5903
2026-09-07 13:46:30,82,6004
2026-09-07 13:47:31,146,6001
2026-09-07 13:48:30,159,6003
2026-09-07 13:49:30,161,5903
2026-09-07 13:50:30,161,5902
2026-09-07 13:51:30,163,6002
2026-09-07 13:52:30,163,6002
2026-09-07 13:53:31,163,6005
2026-09-07 13:54:30,1739,5901
2026-09-07 13:55:30,1573,5903
2026-09-07 13:56:30,221,6004
2026-09-07 13:57:30,1304,6002
2026-09-07 13:58:30,634,6000
2026-09-07 13:59:31,1985,5901
2026-09-07 14:00:30,1259,5903
2026-09-07 14:01:30,2098,5998
2026-09-07 14:02:30,388,5702
2026-09-07 14:03:30,1193,6001
2026-09-07 14:04:30,239,5803
2026-09-07 14:05:30,1195,5903
2026-09-07 14:06:31,217,6006
2026-09-07 14:07:30,779,6006
2026-09-07 14:08:30,180,6003
2026-09-07 14:09:30,179,5900
2026-09-07 14:10:30,180,5903
2026-09-07 14:11:30,194,6004
2026-09-07 14:12:31,236,6005
2026-09-07 14:13:30,236,6005
2026-09-07 14:14:30,233,5905
2026-09-07 14:15:30,232,5905
2026-09-07 14:16:30,235,6004
2026-09-07 14:17:30,235,6002
2026-09-07 14:18:30,235,6002
2026-09-07 14:19:31,230,5900
2026-09-07 14:20:30,230,5903
2026-09-07 14:21:30,235,6002
2026-09-07 14:22:30,234,5998
2026-09-07 14:23:30,233,6002
2026-09-07 14:24:31,230,5903
2026-09-07 14:25:30,230,5902
2026-09-07 14:26:30,221,6001
2026-09-07 14:27:30,179,6003
2026-09-07 14:28:30,179,6002
2026-09-07 14:29:30,176,5903
2026-09-07 14:30:30,179,5991
2026-09-07 14:31:31,179,5998
2026-09-07 14:32:30,175,6002
2026-09-07 14:33:30,174,5999
2026-09-07 14:34:30,170,5900
2026-09-07 14:35:30,172,6001
2026-09-07 14:36:30,201,6001
2026-09-07 14:37:31,216,6002
2026-09-07 14:38:30,190,6004
2026-09-07 14:39:30,169,5903
2026-09-07 14:40:30,182,6003
2026-09-07 14:41:30,97,6003
2026-09-07 14:42:30,95,6004
2026-09-07 14:43:31,95,6002
2026-09-07 14:44:30,92,5804
2026-09-07 14:45:30,94,6003
2026-09-07 14:46:30,95,6004
2026-09-07 14:47:30,95,6004
2026-09-07 14:48:31,118,6002
2026-09-07 14:49:30,136,5803
2026-09-07 14:50:30,146,6002
2026-09-07 14:51:30,150,6002
2026-09-07 14:52:30,148,6006
2026-09-07 14:53:30,148,5992
2026-09-07 14:54:30,142,5753
2026-09-07 14:55:31,146,5910
2026-09-07 14:56:30,146,5894
2026-09-07 14:57:30,146,5873
2026-09-07 14:58:30,146,5914
2026-09-07 14:59:30,140,5749
2026-09-07 15:00:30,146,5887
2026-09-07 15:01:31,145,5866
2026-09-07 15:02:30,145,5887
2026-09-07 15:03:30,145,5867
2026-09-07 15:04:30,140,5670
2026-09-07 15:05:30,145,5884
2026-09-07 15:06:30,149,5876
2026-09-07 15:07:30,155,5881
2026-09-07 15:08:30,214,5875
2026-09-07 15:09:30,433,5664
2026-09-07 15:10:30,1024,5842
2026-09-07 15:11:30,1350,5824
2026-09-07 15:12:30,1474,5801
2026-09-07 15:13:30,1607,5761
2026-09-07 15:14:30,1654,5641
2026-09-07 15:15:30,1711,5707
2026-09-07 15:16:30,1841,5696
2026-09-07 15:17:30,1922,5702
2026-09-07 15:18:30,1951,5734
2026-09-07 15:19:30,1892,5644
2026-09-07 15:20:30,1916,5731
2026-09-07 15:21:31,1912,5725
2026-09-07 15:22:30,1912,5705
2026-09-07 15:23:30,1918,5691
2026-09-07 15:24:30,1888,5572
2026-09-07 15:25:30,1924,5621
2026-09-07 15:26:30,1936,5601
2026-09-07 15:27:31,1943,5599
2026-09-07 15:28:30,1953,5566
2026-09-07 15:29:30,1874,5345
2026-09-07 15:30:30,1548,5511
2026-09-07 15:31:30,1532,5470
2026-09-07 15:32:30,1476,5452
2026-09-07 15:33:31,1478,5441
2026-09-07 15:34:30,1415,5249
2026-09-07 15:35:30,1416,5407
2026-09-07 15:36:30,1396,5386
2026-09-07 15:37:30,1391,5366
2026-09-07 15:38:30,1406,5360
2026-09-07 15:39:30,1283,5203
2026-09-07 15:40:31,1325,5320
2026-09-07 15:41:30,1267,5345
2026-09-07 15:42:30,1264,5334
2026-09-07 15:43:30,1221,5314
2026-09-07 15:44:30,1181,5107
2026-09-07 15:45:30,1178,5293
2026-09-07 15:46:31,1171,5263
2026-09-07 15:47:30,1121,5219
2026-09-07 15:48:30,1121,5184
2026-09-07 15:49:30,1067,5003
2026-09-07 15:50:30,1096,5163
2026-09-07 15:51:30,1093,5149
2026-09-07 15:52:30,1097,4931
2026-09-07 15:53:30,1105,5095
2026-09-07 15:54:30,1073,4895
2026-09-07 15:55:30,1110,5045
2026-09-07 15:56:30,1117,5020
2026-09-07 15:57:31,1112,5005
2026-09-07 15:58:30,1109,4988
2026-09-07 15:59:30,1091,4877
2026-09-07 16:00:30,1075,4947
2026-09-07 16:01:30,1069,4931
2026-09-07 16:02:30,1066,4880
2026-09-07 16:03:31,1069,4863
2026-09-07 16:04:30,1041,4683
2026-09-07 16:05:30,1069,4818
2026-09-07 16:06:30,1072,4790
2026-09-07 16:07:30,1076,4763
2026-09-07 16:08:31,1075,4733
2026-09-07 16:09:30,1053,4624
2026-09-07 16:10:30,1065,4694
2026-09-07 16:11:30,1066,4681
2026-09-07 16:12:30,1067,4669
2026-09-07 16:13:30,1066,4663
2026-09-07 16:14:30,1028,4497
2026-09-07 16:15:31,1064,4602
2026-09-07 16:16:30,1059,4563
2026-09-07 16:17:30,1062,4546
2026-09-07 16:18:30,1073,4534
2026-09-07 16:19:30,1031,4360
2026-09-07 16:20:30,1066,4484
2026-09-07 16:21:31,1065,4459
2026-09-07 16:22:30,1062,4426
2026-09-07 16:23:30,1058,4385
2026-09-07 16:24:30,1091,4175
2026-09-07 16:25:30,1110,4285
2026-09-07 16:26:31,1113,4256
2026-09-07 16:27:30,1205,4213
2026-09-07 16:28:30,1233,4214
2026-09-07 16:29:30,1097,4069
2026-09-07 16:30:30,1114,4201
2026-09-07 16:31:30,1106,4160
2026-09-07 16:32:30,1116,4136
2026-09-07 16:33:31,1099,4122
2026-09-07 16:34:30,1076,4034
2026-09-07 16:35:30,1089,4069
2026-09-07 16:36:30,1089,4048
2026-09-07 16:37:30,1091,4043
2026-09-07 16:38:30,1091,4033
2026-09-07 16:39:31,1055,3901
2026-09-07 16:40:30,1089,4028
2026-09-07 16:41:30,1085,4012
2026-09-07 16:42:30,1081,3991
2026-09-07 16:43:30,1079,3965
2026-09-07 16:44:30,994,3811
2026-09-07 16:45:30,506,3925
2026-09-07 16:46:31,515,3895
2026-09-07 16:47:30,514,3868
2026-09-07 16:48:30,516,3841
2026-09-07 16:49:30,506,3752
2026-09-07 16:50:30,519,3776
2026-09-07 16:51:30,516,3748
2026-09-07 16:52:31,599,3722
2026-09-07 16:53:30,641,3692
2026-09-07 16:54:30,497,3601
2026-09-07 16:55:30,472,3632
2026-09-07 16:56:30,473,3609
2026-09-07 16:57:30,452,3583
2026-09-07 16:58:31,473,3547
2026-09-07 16:59:30,458,3396
2026-09-07 17:00:30,448,3495
2026-09-07 17:01:30,472,3474
2026-09-07 17:02:30,471,3445
2026-09-07 17:03:30,448,3395
2026-09-07 17:04:30,494,3247
2026-09-07 17:05:31,599,3323
2026-09-07 17:06:30,497,3307
2026-09-07 17:07:30,603,3308
2026-09-07 17:08:30,535,3301
2026-09-07 17:09:30,456,3187
2026-09-07 17:10:30,463,3271
2026-09-07 17:11:30,454,3257
2026-09-07 17:12:30,509,3240
2026-09-07 17:13:30,485,3218
2026-09-07 17:14:30,476,3088
2026-09-07 17:15:30,502,3157
2026-09-07 17:16:31,616,3118
2026-09-07 17:17:30,635,3075
2026-09-07 17:18:30,508,3037
2026-09-07 17:19:30,512,2909
2026-09-07 17:20:30,529,2976
2026-09-07 17:21:30,536,2942
2026-09-07 17:22:31,517,2914
2026-09-07 17:23:30,501,2882
2026-09-07 17:24:30,482,2757
2026-09-07 17:25:30,500,2832
2026-09-07 17:26:30,498,2811
2026-09-07 17:27:30,498,2786
2026-09-07 17:28:30,494,2755
2026-09-07 17:29:31,477,2629
2026-09-07 17:30:30,501,2689
2026-09-07 17:31:30,494,2113
2026-09-07 17:32:30,497,2135
2026-09-07 17:33:30,494,2581
2026-09-07 17:34:30,475,2485
2026-09-07 17:35:31,494,2549
2026-09-07 17:36:30,492,2527
2026-09-07 17:37:30,492,2509
2026-09-07 17:38:30,491,2497
2026-09-07 17:39:30,475,2395
2026-09-07 17:40:30,490,2458
2026-09-07 17:41:31,491,2425
2026-09-07 17:42:30,482,2354
2026-09-07 17:43:30,493,2360
2026-09-07 17:44:30,586,2243
2026-09-07 17:45:30,615,2298
2026-09-07 17:46:30,485,2291
2026-09-07 17:47:31,484,2269
2026-09-07 17:48:30,490,2270
2026-09-07 17:49:30,454,2125
2026-09-07 17:50:30,467,2163
2026-09-07 17:51:30,470,2108
2026-09-07 17:52:30,473,1427
2026-09-07 17:53:30,452,1571
2026-09-07 17:54:30,416,1173
2026-09-07 17:55:30,422,1958
2026-09-07 17:56:30,426,1664
2026-09-07 17:57:30,427,1751
2026-09-07 17:58:31,427,1997
2026-09-07 17:59:30,421,1956
2026-09-07 18:00:30,428,1971
2026-09-07 18:01:30,430,1934
2026-09-07 18:02:30,435,1886
2026-09-07 18:03:30,428,1874
2026-09-07 18:04:30,416,1304
2026-09-07 18:05:31,446,663
2026-09-07 18:06:30,476,698
2026-09-07 18:07:30,505,588
2026-09-07 18:08:30,594,538
2026-09-07 18:09:30,548,493
2026-09-07 18:10:30,480,491
2026-09-07 18:11:31,478,478
2026-09-07 18:12:30,476,467
2026-09-07 18:13:30,476,458
2026-09-07 18:14:30,460,438
2026-09-07 18:15:30,476,455
2026-09-07 18:16:30,476,461
2026-09-07 18:17:31,475,471
2026-09-07 18:18:30,475,479
2026-09-07 18:19:30,513,493
2026-09-07 18:20:30,474,610
2026-09-07 18:21:30,475,820
2026-09-07 18:22:30,474,1187
2026-09-07 18:23:30,473,1228
2026-09-07 18:24:31,452,1163
2026-09-07 18:25:30,475,1198
2026-09-07 18:26:30,475,1058
2026-09-07 18:27:30,473,1117
2026-09-07 18:28:30,494,1080
2026-09-07 18:29:30,459,994
2026-09-07 18:30:31,475,1042
2026-09-07 18:31:30,474,1027
2026-09-07 18:32:30,475,972
2026-09-07 18:33:30,487,904
2026-09-07 18:34:30,566,710
2026-09-07 18:35:30,576,877
2026-09-07 18:36:31,474,1066
2026-09-07 18:37:30,473,997
2026-09-07 18:38:30,468,980
2026-09-07 18:39:30,451,662
2026-09-07 18:40:30,465,663
2026-09-07 18:41:30,466,637
2026-09-07 18:42:31,424,623
2026-09-07 18:43:30,422,710
2026-09-07 18:44:30,409,725
2026-09-07 18:45:30,424,746
2026-09-07 18:46:30,425,711
2026-09-07 18:47:30,422,668
2026-09-07 18:48:31,421,595
2026-09-07 18:49:30,410,533
2026-09-07 18:50:30,445,515
2026-09-07 18:51:30,445,517
2026-09-07 18:52:30,446,487
2026-09-07 18:53:30,445,470
2026-09-07 18:54:30,429,439
2026-09-07 18:55:31,445,395
2026-09-07 18:56:30,430,320
2026-09-07 18:57:30,423,309
2026-09-07 18:58:30,422,319
2026-09-07 18:59:30,415,332
2026-09-07 19:00:30,465,320
2026-09-07 19:01:31,469,292
2026-09-07 19:02:30,471,325
2026-09-07 19:03:30,464,292
2026-09-07 19:04:30,465,299
2026-09-07 19:05:30,471,291
2026-09-07 19:06:30,470,282
2026-09-07 19:07:31,470,250
2026-09-07 19:08:30,460,226
2026-09-07 19:09:30,461,220
2026-09-07 19:10:30,469,236
2026-09-07 19:11:30,469,221
2026-09-07 19:12:30,469,205
2026-09-07 19:13:31,527,191
2026-09-07 19:14:30,491,181
2026-09-07 19:15:30,500,175
2026-09-07 19:16:30,499,171
2026-09-07 19:17:30,1613,167
2026-09-07 19:18:30,2791,159
2026-09-07 19:19:31,2786,153
2026-09-07 19:20:30,2821,148
2026-09-07 19:21:30,2804,145
2026-09-07 19:22:30,2810,142
2026-09-07 19:23:30,2757,134
2026-09-07 19:24:30,2758,133
2026-09-07 19:25:31,2889,132
2026-09-07 19:26:30,2905,130
2026-09-07 19:27:30,2890,130
2026-09-07 19:28:30,2854,126
2026-09-07 19:29:30,2743,125
2026-09-07 19:30:30,583,124
2026-09-07 19:31:31,541,122
2026-09-07 19:32:30,677,121
2026-09-07 19:33:30,2212,120
2026-09-07 19:34:30,2759,119
2026-09-07 19:35:30,3037,119
2026-09-07 19:36:30,3199,118
2026-09-07 19:37:30,3269,117
2026-09-07 19:38:30,3319,115
2026-09-07 19:39:30,3227,115
2026-09-07 19:40:30,3322,120
2026-09-07 19:41:30,3368,123
2026-09-07 19:42:31,3330,127
2026-09-07 19:43:30,2850,129
2026-09-07 19:44:30,1423,130
2026-09-07 19:45:30,3666,132
2026-09-07 19:46:30,4850,134
2026-09-07 19:47:30,4334,133
2026-09-07 19:48:31,2929,127
2026-09-07 19:49:30,4653,125
2026-09-07 19:50:30,4582,124
2026-09-07 19:51:30,3530,121
2026-09-07 19:52:30,4527,121
2026-09-07 19:53:30,4583,118
2026-09-07 19:54:31,2863,115
2026-09-07 19:55:30,2434,109
2026-09-07 19:56:30,3148,97
2026-09-07 19:57:30,2444,79
2026-09-07 19:58:30,2829,59
2026-09-07 19:59:30,2953,47
2026-09-07 20:00:31,2493,41
2026-09-07 20:01:30,3161,37
2026-09-07 20:02:30,2239,25
2026-09-07 20:03:30,2734,16
2026-09-07 20:04:30,1954,4
2026-09-07 20:05:30,2012,0
2026-09-07 20:06:31,2009,1
2026-09-07 20:07:30,2010,0
2026-09-07 20:08:30,2015,1
2026-09-07 20:09:30,2003,0
2026-09-07 20:10:30,2042,0
2026-09-07 20:11:30,2040,1
2026-09-07 20:12:30,2041,0
2026-09-07 20:13:30,1894,0
2026-09-07 20:14:30,1654,0
2026-09-07 20:15:30,1717,0
2026-09-07 20:16:30,1879,0
2026-09-07 20:17:31,1874,0
2026-09-07 20:18:30,1843,0
2026-09-07 20:19:30,1592,0
2026-09-07 20:20:30,1616,0
2026-09-07 20:21:30,1683,0
2026-09-07 20:22:30,1718,0
2026-09-07 20:23:31,1556,0
2026-09-07 20:24:30,1454,0
2026-09-07 20:25:30,1497,0
2026-09-07 20:26:30,1631,0
2026-09-07 20:27:30,1656,0
2026-09-07 20:28:30,1642,0
2026-09-07 20:29:31,1400,0
2026-09-07 20:30:30,1343,0
2026-09-07 20:31:30,1318,0
2026-09-07 20:32:30,1289,0
2026-09-07 20:33:30,1231,0
2026-09-07 20:34:30,1380,0
2026-09-07 20:35:31,1114,0
2026-09-07 20:36:30,1000,0
2026-09-07 20:37:30,1426,0
2026-09-07 20:38:30,907,0
2026-09-07 20:39:30,895,0
2026-09-07 20:40:30,902,0
2026-09-07 20:41:31,858,0
2026-09-07 20:42:30,969,0
2026-09-07 20:43:30,969,0
2026-09-07 20:44:30,948,0
2026-09-07 20:45:30,958,0
2026-09-07 20:46:30,944,0
2026-09-07 20:47:31,762,0
2026-09-07 20:48:30,754,0
2026-09-07 20:49:30,745,0
2026-09-07 20:50:30,755,0
2026-09-07 20:51:30,755,0
2026-09-07 20:52:30,754,0
2026-09-07 20:53:31,740,0
2026-09-07 20:54:30,740,0
2026-09-07 20:55:30,754,0
2026-09-07 20:56:30,754,0
2026-09-07 20:57:30,753,0
2026-09-07 20:58:30,740,0
2026-09-07 20:59:31,741,0
2026-09-07 21:00:30,756,0
2026-09-07 21:01:30,952,0
2026-09-07 21:02:30,964,0
2026-09-07 21:03:30,941,0
2026-09-07 21:04:30,886,0
2026-09-07 21:05:31,797,0
2026-09-07 21:06:30,816,0
2026-09-07 21:07:30,833,0
2026-09-07 21:08:30,836,0
2026-09-07 21:09:30,1418,0
2026-09-07 21:10:31,3095,0
2026-09-07 21:11:30,3154,0
2026-09-07 21:12:30,3160,0
2026-09-07 21:13:30,3106,0
2026-09-07 21:14:30,3103,0
2026-09-07 21:15:30,2753,0
2026-09-07 21:16:31,1361,0
2026-09-07 21:17:30,2086,0
2026-09-07 21:18:30,3162,0
2026-09-07 21:19:30,2378,0
2026-09-07 21:20:30,1611,0
2026-09-07 21:21:30,1422,0
2026-09-07 21:22:31,1331,0
2026-09-07 21:23:30,1870,0
2026-09-07 21:24:30,2567,0
2026-09-07 21:25:30,2017,0
2026-09-07 21:26:30,2551,0
2026-09-07 21:27:30,2266,0
2026-09-07 21:28:31,1768,0
2026-09-07 21:29:30,2251,0
2026-09-07 21:30:30,2297,0
2026-09-07 21:31:30,2054,0
2026-09-07 21:32:30,2075,0
2026-09-07 21:33:30,1723,0
2026-09-07 21:34:31,1504,0
2026-09-07 21:35:30,1661,0
2026-09-07 21:36:30,2148,0
2026-09-07 21:37:30,2105,0
2026-09-07 21:38:30,2041,0
2026-09-07 21:39:30,1346,0
2026-09-07 21:40:31,842,0
2026-09-07 21:41:30,1057,0
2026-09-07 21:42:30,1672,0
2026-09-07 21:43:30,1538,0
2026-09-07 21:44:30,1539,0
2026-09-07 21:45:30,1598,0
2026-09-07 21:46:31,1640,0
2026-09-07 21:47:30,1706,0
2026-09-07 21:48:30,1684,0
2026-09-07 21:49:30,1675,0
2026-09-07 21:50:30,1711,0
2026-09-07 21:51:30,1700,0
2026-09-07 21:52:31,1706,0
2026-09-07 21:53:30,1660,0
2026-09-07 21:54:30,1670,0
2026-09-07 21:55:30,1684,0
2026-09-07 21:56:30,1831,0
2026-09-07 21:57:30,1759,0
2026-09-07 21:58:31,1661,0
2026-09-07 21:59:30,1636,0
2026-09-07 22:00:30,1639,0
2026-09-07 22:01:30,1557,0
2026-09-07 22:02:30,1366,0
2026-09-07 22:03:30,1347,0
2026-09-07 22:04:31,1338,0
2026-09-07 22:05:30,1357,0
2026-09-07 22:06:30,1312,0
2026-09-07 22:07:30,1293,0
2026-09-07 22:08:30,1323,0
2026-09-07 22:09:30,1337,0
2026-09-07 22:10:31,1333,0
2026-09-07 22:11:30,1308,0
2026-09-07 22:12:30,1307,0
2026-09-07 22:13:30,1278,0
2026-09-07 22:14:30,1271,0
2026-09-07 22:15:30,1294,0
2026-09-07 22:16:31,1189,0
2026-09-07 22:17:30,1145,0
2026-09-07 22:18:30,1123,0
2026-09-07 22:19:30,1115,0
2026-09-07 22:20:30,1130,0
2026-09-07 22:21:30,1126,0
2026-09-07 22:22:30,1129,0
2026-09-07 22:23:31,1105,0
2026-09-07 22:24:30,1106,0
2026-09-07 22:25:30,1118,0
2026-09-07 22:26:30,1112,0
2026-09-07 22:27:30,1120,0
2026-09-07 22:28:31,1103,0
2026-09-07 22:29:30,1100,0
2026-09-07 22:30:30,1111,0
2026-09-07 22:31:30,1113,0
2026-09-07 22:32:30,1112,0
2026-09-07 22:33:30,1183,0
2026-09-07 22:34:31,1094,0
2026-09-07 22:35:30,995,0
2026-09-07 22:36:30,998,0
2026-09-07 22:37:30,991,0
2026-09-07 22:38:30,977,0
2026-09-07 22:39:30,981,0
2026-09-07 22:40:31,994,0
2026-09-07 22:41:30,993,0
2026-09-07 22:42:30,997,0
2026-09-07 22:43:30,983,0
2026-09-07 22:44:30,982,0
2026-09-07 22:45:30,994,0
2026-09-07 22:46:31,970,0
2026-09-07 22:47:30,1031,0
2026-09-07 22:48:30,749,0
2026-09-07 22:49:30,585,0
2026-09-07 22:50:30,556,0
2026-09-07 22:51:30,535,0
2026-09-07 22:52:31,637,0
2026-09-07 22:53:30,1180,0
2026-09-07 22:54:30,1126,0
2026-09-07 22:55:30,985,0
2026-09-07 22:56:30,977,0
2026-09-07 22:57:30,970,0
2026-09-07 22:58:30,954,0
2026-09-07 22:59:30,958,0
2026-09-07 23:00:30,948,0
2026-09-07 23:01:30,876,0
2026-09-07 23:02:30,872,0
2026-09-07 23:03:31,859,0
2026-09-07 23:04:30,668,0
2026-09-07 23:05:30,503,0
2026-09-07 23:06:30,506,0
2026-09-07 23:07:30,505,0
2026-09-07 23:08:30,505,0
2026-09-07 23:09:31,656,0
2026-09-07 23:10:30,509,0
2026-09-07 23:11:30,508,0
2026-09-07 23:12:30,481,0
2026-09-07 23:13:30,568,0
2026-09-07 23:14:30,570,0
2026-09-07 23:15:30,519,0
2026-09-07 23:16:30,1876,0
2026-09-07 23:17:30,2764,0
2026-09-07 23:18:30,2777,0
2026-09-07 23:19:30,2774,0
2026-09-07 23:20:30,2821,0
2026-09-07 23:21:31,2823,0
2026-09-07 23:22:30,2959,0
2026-09-07 23:23:30,2921,0
2026-09-07 23:24:30,2901,0
2026-09-07 23:25:30,2942,0
2026-09-07 23:26:30,2960,0
2026-09-07 23:27:31,2983,0
2026-09-07 23:28:30,2871,0
2026-09-07 23:29:30,2746,0
2026-09-07 23:30:30,2797,0
2026-09-07 23:31:30,2795,0
2026-09-07 23:32:31,2791,0
2026-09-07 23:33:30,2742,0
2026-09-07 23:34:30,2739,0
2026-09-07 23:35:30,2784,0
2026-09-07 23:36:30,2783,0
2026-09-07 23:37:31,2788,0
2026-09-07 23:38:30,2738,0
2026-09-07 23:39:30,2737,0
2026-09-07 23:40:30,2783,0
2026-09-07 23:41:30,2785,0
2026-09-07 23:42:30,2786,0
2026-09-07 23:43:31,2740,0
2026-09-07 23:44:30,2738,0
2026-09-07 23:45:30,2780,0
2026-09-07 23:46:30,2876,0
2026-09-07 23:47:30,2890,0
2026-09-07 23:48:30,2740,0
2026-09-07 23:49:31,2731,0
2026-09-07 23:50:30,2776,0
2026-09-07 23:51:30,2776,0
2026-09-07 23:52:30,2777,0
2026-09-07 23:53:30,2731,0
2026-09-07 23:54:30,2722,0
2026-09-07 23:55:31,2736,0
2026-09-07 23:56:30,2737,0
2026-09-07 23:57:30,2741,0
2026-09-07 23:58:30,2701,0
2026-09-07 23:59:30,2759,0
2026-09-08 00:00:30,2756,0
2026-09-08 00:01:31,2758,0
2026-09-08 00:02:30,2758,0
2026-09-08 00:03:30,2600,0
2026-09-08 00:04:30,2468,0
2026-09-08 00:05:30,2540,0
2026-09-08 00:06:30,2555,0
2026-09-08 00:07:30,2519,0
2026-09-08 00:08:31,2518,0
2026-09-08 00:09:30,2502,0
2026-09-08 00:10:30,2456,0
2026-09-08 00:11:30,2456,0
2026-09-08 00:12:30,2454,0
2026-09-08 00:13:30,2412,0
2026-09-08 00:14:31,2410,0
2026-09-08 00:15:30,2453,0
2026-09-08 00:16:30,2454,0
2026-09-08 00:17:30,2455,0
2026-09-08 00:18:30,2434,0
2026-09-08 00:19:30,2515,0
2026-09-08 00:20:30,2540,0
2026-09-08 00:21:31,2456,0
2026-09-08 00:22:30,2456,0
2026-09-08 00:23:30,2413,0
2026-09-08 00:24:30,2453,0
2026-09-08 00:25:30,2550,0
2026-09-08 00:26:30,2566,0
2026-09-08 00:27:31,2413,0
2026-09-08 00:28:30,2452,0
2026-09-08 00:29:30,2410,0
2026-09-08 00:30:30,2450,0
2026-09-08 00:31:31,2450,0
2026-09-08 00:32:30,2407,0
2026-09-08 00:33:30,2446,0
2026-09-08 00:34:30,2404,0
2026-09-08 00:35:30,2444,0
2026-09-08 00:36:30,2446,0
2026-09-08 00:37:30,2367,0
2026-09-08 00:38:30,2402,0
2026-09-08 00:39:30,2359,0
2026-09-08 00:40:30,2398,0
2026-09-08 00:41:30,2400,0
2026-09-08 00:42:31,2358,0
2026-09-08 00:43:30,2395,0
2026-09-08 00:44:30,2355,0
2026-09-08 00:45:30,2395,0
2026-09-08 00:46:30,2396,0
2026-09-08 00:47:30,2359,0
2026-09-08 00:48:31,2432,0
2026-09-08 00:49:30,2699,0
2026-09-08 00:50:30,2885,0
2026-09-08 00:51:30,2831,0
2026-09-08 00:52:30,2780,0
2026-09-08 00:53:31,2811,0
2026-09-08 00:54:30,2840,0
2026-09-08 00:55:30,2873,0
2026-09-08 00:56:30,2774,0
2026-09-08 00:57:30,2745,0
2026-09-08 00:58:30,2813,0
2026-09-08 00:59:31,2786,0
2026-09-08 01:00:30,2854,0
2026-09-08 01:01:30,2800,0
2026-09-08 01:02:30,2743,0
2026-09-08 01:03:30,2802,0
2026-09-08 01:04:30,2771,0
2026-09-08 01:05:31,2843,0
2026-09-08 01:06:30,2848,0
2026-09-08 01:07:30,2813,0
2026-09-08 01:08:30,2891,0
2026-09-08 01:09:30,2849,0
2026-09-08 01:10:30,2898,0
2026-09-08 01:11:31,2900,0
2026-09-08 01:12:30,2851,0
2026-09-08 01:13:30,2899,0
2026-09-08 01:14:30,2849,0
2026-09-08 01:15:30,2896,0
2026-09-08 01:16:31,2891,0
2026-09-08 01:17:30,2845,0
2026-09-08 01:18:30,2891,0
2026-09-08 01:19:30,2845,0
2026-09-08 01:20:30,2893,0
2026-09-08 01:21:30,2892,0
2026-09-08 01:22:31,2818,0
2026-09-08 01:23:30,2852,0
2026-09-08 01:24:30,2801,0
2026-09-08 01:25:30,2848,0
2026-09-08 01:26:30,2849,0
2026-09-08 01:27:30,2795,0
2026-09-08 01:28:31,2839,0
2026-09-08 01:29:30,2791,0
2026-09-08 01:30:30,2840,0
2026-09-08 01:31:30,2844,0
2026-09-08 01:32:30,2794,0
2026-09-08 01:33:30,2839,0
2026-09-08 01:34:31,2791,0
2026-09-08 01:35:30,2836,0
2026-09-08 01:36:30,2837,0
2026-09-08 01:37:30,2790,0
2026-09-08 01:38:30,2835,0
2026-09-08 01:39:31,2789,0
2026-09-08 01:40:30,2860,0
2026-09-08 01:41:30,2840,0
2026-09-08 01:42:30,2791,0
2026-09-08 01:43:30,2835,0
2026-09-08 01:44:30,2764,0
2026-09-08 01:45:31,2797,0
2026-09-08 01:46:30,2788,0
2026-09-08 01:47:30,2726,0
2026-09-08 01:48:30,2760,0
2026-09-08 01:49:30,2632,0
2026-09-08 01:50:30,2666,0
2026-09-08 01:51:30,2665,0
2026-09-08 01:52:30,2621,0
2026-09-08 01:53:30,2663,0
2026-09-08 01:54:30,2615,0
2026-09-08 01:55:31,2650,0
2026-09-08 01:56:30,2643,0
2026-09-08 01:57:30,2597,0
2026-09-08 01:58:30,2644,0
2026-09-08 01:59:30,2559,0
2026-09-08 02:00:30,2565,0
2026-09-08 02:01:30,2640,0
2026-09-08 02:02:30,2414,0
2026-09-08 02:03:30,2629,0
2026-09-08 02:04:30,2542,0
2026-09-08 02:05:30,2631,0
2026-09-08 02:06:31,2609,0
2026-09-08 02:07:30,2457,0
2026-09-08 02:08:30,2537,0
2026-09-08 02:09:30,2584,0
2026-09-08 02:10:30,2621,0
2026-09-08 02:11:30,2590,0
2026-09-08 02:12:31,2549,0
2026-09-08 02:13:30,2590,0
2026-09-08 02:14:30,2537,0
2026-09-08 02:15:30,2459,0
2026-09-08 02:16:30,2476,0
2026-09-08 02:17:30,2545,0
2026-09-08 02:18:30,2586,0
2026-09-08 02:19:30,2544,0
2026-09-08 02:20:30,2588,0
2026-09-08 02:21:30,2587,0
2026-09-08 02:22:30,2543,0
2026-09-08 02:23:31,2468,0
2026-09-08 02:24:30,2414,0
2026-09-08 02:25:30,2581,0
2026-09-08 02:26:30,2589,0
2026-09-08 02:27:30,2543,0
2026-09-08 02:28:30,2588,0
2026-09-08 02:29:30,2544,0
2026-09-08 02:30:30,2585,0
2026-09-08 02:31:30,2498,0
2026-09-08 02:32:30,2459,0
2026-09-08 02:33:30,2614,0
2026-09-08 02:34:31,2593,0
2026-09-08 02:35:30,2639,0
2026-09-08 02:36:30,2636,0
2026-09-08 02:37:30,2593,0
2026-09-08 02:38:30,2640,0
2026-09-08 02:39:30,2516,0
2026-09-08 02:40:30,2506,0
2026-09-08 02:41:30,2599,0
2026-09-08 02:42:30,2594,0
2026-09-08 02:43:30,2637,0
2026-09-08 02:44:30,2593,0
2026-09-08 02:45:30,2638,0
2026-09-08 02:46:30,2640,0
2026-09-08 02:47:31,2536,0
2026-09-08 02:48:30,2505,0
2026-09-08 02:49:30,2536,0
2026-09-08 02:50:30,2633,0
2026-09-08 02:51:30,2632,0
2026-09-08 02:52:30,2587,0
2026-09-08 02:53:31,2630,0
2026-09-08 02:54:30,2585,0
2026-09-08 02:55:30,2587,0
2026-09-08 02:56:30,2494,0
2026-09-08 02:57:30,2507,0
2026-09-08 02:58:30,2624,0
2026-09-08 02:59:31,2582,0
2026-09-08 03:00:30,2609,0
2026-09-08 03:01:30,2590,0
2026-09-08 03:02:30,2547,0
2026-09-08 03:03:31,2566,0
2026-09-08 03:04:30,2414,0
2026-09-08 03:05:30,2488,0
2026-09-08 03:06:30,2585,0
2026-09-08 03:07:30,2544,0
2026-09-08 03:08:30,2585,0
2026-09-08 03:09:31,2542,0
2026-09-08 03:10:30,2586,0
2026-09-08 03:11:30,2581,0
2026-09-08 03:12:30,2417,0
2026-09-08 03:13:30,2453,0
2026-09-08 03:14:30,2539,0
2026-09-08 03:15:31,2588,0
2026-09-08 03:16:30,2588,0
2026-09-08 03:17:30,2546,0
2026-09-08 03:18:30,2589,0
2026-09-08 03:19:30,2548,0
2026-09-08 03:20:30,2494,0
2026-09-08 03:21:31,2471,0
2026-09-08 03:22:30,2560,0
2026-09-08 03:23:30,2636,0
2026-09-08 03:24:30,2596,0
2026-09-08 03:25:30,2638,0
2026-09-08 03:26:30,2646,0
2026-09-08 03:27:31,2597,0
2026-09-08 03:28:30,2571,0
2026-09-08 03:29:30,2462,0
2026-09-08 03:30:30,2587,0
2026-09-08 03:31:30,2638,0
2026-09-08 03:32:30,2596,0
2026-09-08 03:33:30,2641,0
2026-09-08 03:34:31,2597,0
2026-09-08 03:35:30,2644,0
2026-09-08 03:36:30,2590,0
2026-09-08 03:37:30,2463,0
2026-09-08 03:38:30,2570,0
2026-09-08 03:39:30,2597,0
2026-09-08 03:40:31,2639,0
2026-09-08 03:41:30,2634,0
2026-09-08 03:42:30,2588,0
2026-09-08 03:43:30,2629,0
2026-09-08 03:44:30,2585,0
2026-09-08 03:45:30,2526,0
2026-09-08 03:46:31,2498,0
2026-09-08 03:47:30,2579,0
2026-09-08 03:48:30,2630,0
2026-09-08 03:49:30,2586,0
2026-09-08 03:50:30,2603,0
2026-09-08 03:51:30,2577,0
2026-09-08 03:52:31,2526,0
2026-09-08 03:53:30,2450,0
2026-09-08 03:54:30,2404,0
2026-09-08 03:55:30,2446,0
2026-09-08 03:56:30,2448,0
2026-09-08 03:57:30,2410,0
2026-09-08 03:58:31,2454,0
2026-09-08 03:59:30,2416,0
2026-09-08 04:00:30,2459,0
2026-09-08 04:01:30,2460,0
2026-09-08 04:02:30,2417,0
2026-09-08 04:03:30,2458,0
2026-09-08 04:04:30,2419,0
2026-09-08 04:05:30,2458,0
2026-09-08 04:06:30,2458,0
2026-09-08 04:07:30,2417,0
2026-09-08 04:08:30,2457,0
2026-09-08 04:09:31,2416,0
2026-09-08 04:10:30,2457,0
2026-09-08 04:11:30,2455,0
2026-09-08 04:12:30,2412,0
2026-09-08 04:13:30,2452,0
2026-09-08 04:14:30,2413,0
2026-09-08 04:15:31,2451,0
2026-09-08 04:16:30,2447,0
2026-09-08 04:17:30,2404,0
2026-09-08 04:18:30,2444,0
2026-09-08 04:19:30,2403,0
2026-09-08 04:20:30,2444,0
2026-09-08 04:21:31,2443,0
2026-09-08 04:22:30,2399,0
2026-09-08 04:23:30,2437,0
2026-09-08 04:24:30,2398,0
2026-09-08 04:25:30,2436,0
2026-09-08 04:26:31,2438,0
2026-09-08 04:27:30,2390,0
2026-09-08 04:28:30,2431,0
2026-09-08 04:29:30,2394,0
2026-09-08 04:30:30,2433,0
2026-09-08 04:31:30,2430,0
2026-09-08 04:32:31,2391,0
2026-09-08 04:33:30,2432,0
2026-09-08 04:34:30,2396,0
2026-09-08 04:35:30,2433,0
2026-09-08 04:36:30,2431,0
2026-09-08 04:37:31,2434,0
2026-09-08 04:38:30,2472,0
2026-09-08 04:39:30,2426,0
2026-09-08 04:40:30,2474,0
2026-09-08 04:41:30,2479,0
2026-09-08 04:42:30,2440,0
2026-09-08 04:43:30,2482,0
2026-09-08 04:44:31,2446,0
2026-09-08 04:45:30,2487,0
2026-09-08 04:46:30,2488,0
2026-09-08 04:47:30,2444,0
2026-09-08 04:48:30,2486,0
2026-09-08 04:49:31,2444,0
2026-09-08 04:50:30,2486,0
2026-09-08 04:51:30,2486,0
2026-09-08 04:52:30,2443,0
2026-09-08 04:53:30,2484,0
2026-09-08 04:54:30,2443,0
2026-09-08 04:55:30,2486,0
2026-09-08 04:56:30,2483,0
2026-09-08 04:57:30,2442,0
2026-09-08 04:58:30,2482,0
2026-09-08 04:59:30,2438,0
2026-09-08 05:00:30,2480,0
2026-09-08 05:01:30,2480,0
2026-09-08 05:02:30,2439,0
2026-09-08 05:03:30,2481,0
2026-09-08 05:04:30,2440,0
2026-09-08 05:05:30,2482,0
2026-09-08 05:06:31,2482,0
2026-09-08 05:07:30,2442,0
2026-09-08 05:08:30,2484,0
2026-09-08 05:09:30,2443,0
2026-09-08 05:10:30,2483,0
2026-09-08 05:11:30,2483,0
2026-09-08 05:12:31,2441,0
2026-09-08 05:13:30,2486,0
2026-09-08 05:14:30,2443,0
2026-09-08 05:15:30,2482,0
2026-09-08 05:16:30,2476,0
2026-09-08 05:17:30,955,0
2026-09-08 05:18:31,223,0
2026-09-08 05:19:30,220,0
2026-09-08 05:20:30,223,0
2026-09-08 05:21:30,223,0
2026-09-08 05:22:30,219,0
2026-09-08 05:23:30,222,0
2026-09-08 05:24:31,176,0
2026-09-08 05:25:30,179,0
2026-09-08 05:26:30,187,0
2026-09-08 05:27:30,177,0
2026-09-08 05:28:30,181,0
2026-09-08 05:29:30,176,0
2026-09-08 05:30:30,181,0
2026-09-08 05:31:30,181,0
2026-09-08 05:32:30,178,0
2026-09-08 05:33:30,181,0
2026-09-08 05:34:30,178,0
2026-09-08 05:35:30,181,0
2026-09-08 05:36:30,181,0
2026-09-08 05:37:30,178,0
2026-09-08 05:38:30,180,0
2026-09-08 05:39:31,177,0
2026-09-08 05:40:30,180,0
2026-09-08 05:41:30,181,0
2026-09-08 05:42:30,178,0
2026-09-08 05:43:30,181,0
2026-09-08 05:44:30,178,0
2026-09-08 05:45:31,181,0
2026-09-08 05:46:30,180,0
2026-09-08 05:47:30,177,0
2026-09-08 05:48:30,181,0
2026-09-08 05:49:30,199,0
2026-09-08 05:50:30,227,0
2026-09-08 05:51:31,230,0
2026-09-08 05:52:30,227,0
2026-09-08 05:53:30,232,0
2026-09-08 05:54:30,227,0
2026-09-08 05:55:30,230,0
2026-09-08 05:56:30,230,0
2026-09-08 05:57:31,226,0
2026-09-08 05:58:30,230,0
2026-09-08 05:59:30,226,0
2026-09-08 06:00:30,230,0
2026-09-08 06:01:30,230,0
2026-09-08 06:02:31,226,0
2026-09-08 06:03:30,229,0
2026-09-08 06:04:30,295,0
2026-09-08 06:05:30,343,0
2026-09-08 06:06:30,280,0
2026-09-08 06:07:31,227,0
2026-09-08 06:08:30,230,0
2026-09-08 06:09:30,226,0
2026-09-08 06:10:30,226,0
2026-09-08 06:11:30,221,0
2026-09-08 06:12:30,221,0
2026-09-08 06:13:31,224,0
2026-09-08 06:14:30,220,0
2026-09-08 06:15:30,224,0
2026-09-08 06:16:30,222,0
2026-09-08 06:17:30,218,0
2026-09-08 06:18:30,221,0
2026-09-08 06:19:31,222,0
2026-09-08 06:20:30,221,0
2026-09-08 06:21:30,223,0
2026-09-08 06:22:30,212,0
2026-09-08 06:23:30,181,0
2026-09-08 06:24:30,178,0
2026-09-08 06:25:30,181,0
2026-09-08 06:26:31,181,0
2026-09-08 06:27:30,187,0
2026-09-08 06:28:30,199,0
2026-09-08 06:29:30,213,0
2026-09-08 06:30:30,230,0
2026-09-08 06:31:30,251,0
2026-09-08 06:32:31,844,0
2026-09-08 06:33:30,835,0
2026-09-08 06:34:30,821,0
2026-09-08 06:35:30,287,0
2026-09-08 06:36:31,233,0
2026-09-08 06:37:30,391,0
2026-09-08 06:38:30,248,0
2026-09-08 06:39:30,229,0
2026-09-08 06:40:30,232,0
2026-09-08 06:41:30,406,0
2026-09-08 06:42:31,235,0
2026-09-08 06:43:30,242,0
2026-09-08 06:44:30,316,0
2026-09-08 06:45:30,425,0
2026-09-08 06:46:30,278,0
2026-09-08 06:47:30,277,0
2026-09-08 06:48:30,322,0
2026-09-08 06:49:30,403,0
2026-09-08 06:50:30,283,0
2026-09-08 06:51:30,283,0
2026-09-08 06:52:30,305,0
2026-09-08 06:53:31,433,0
2026-09-08 06:54:30,283,0
2026-09-08 06:55:30,278,0
2026-09-08 06:56:30,280,0
2026-09-08 06:57:30,275,0
2026-09-08 06:58:30,285,2
2026-09-08 06:59:31,688,0
2026-09-08 07:00:30,384,0
2026-09-08 07:01:30,302,0
2026-09-08 07:02:30,292,1
2026-09-08 07:03:30,306,7
2026-09-08 07:04:30,325,7
2026-09-08 07:05:31,944,13
2026-09-08 07:06:30,2287,19
2026-09-08 07:07:30,734,22
2026-09-08 07:08:30,341,28
2026-09-08 07:09:30,289,32
2026-09-08 07:10:30,311,40
2026-09-08 07:11:30,367,45
2026-09-08 07:12:30,385,51
2026-09-08 07:13:30,326,55
2026-09-08 07:14:30,383,61
2026-09-08 07:15:30,371,68
2026-09-08 07:16:30,376,73
2026-09-08 07:17:31,364,82
2026-09-08 07:18:30,365,89
2026-09-08 07:19:30,315,94
2026-09-08 07:20:30,367,103
2026-09-08 07:21:30,430,108
2026-09-08 07:22:30,368,118
2026-09-08 07:23:31,326,124
2026-09-08 07:24:30,230,131
2026-09-08 07:25:30,234,144
2026-09-08 07:26:30,296,152
2026-09-08 07:27:30,535,166
2026-09-08 07:28:30,314,175
2026-09-08 07:29:30,313,180
2026-09-08 07:30:30,347,194
2026-09-08 07:31:30,351,202
2026-09-08 07:32:30,326,221
2026-09-08 07:33:31,616,236
2026-09-08 07:34:30,2189,247
2026-09-08 07:35:30,2233,266
2026-09-08 07:36:30,2177,275
2026-09-08 07:37:30,2296,294
2026-09-08 07:38:30,2311,309
2026-09-08 07:39:30,2192,319
2026-09-08 07:40:30,551,337
2026-09-08 07:41:30,302,347
2026-09-08 07:42:30,313,368
2026-09-08 07:43:30,307,382
2026-09-08 07:44:31,293,382
2026-09-08 07:45:30,287,395
2026-09-08 07:46:30,287,413
2026-09-08 07:47:30,299,430
2026-09-08 07:48:30,294,433
2026-09-08 07:49:30,281,431
2026-09-08 07:50:31,296,447
2026-09-08 07:51:30,300,450
2026-09-08 07:52:30,298,471
2026-09-08 07:53:30,296,493
2026-09-08 07:54:30,290,490
2026-09-08 07:55:30,298,511
2026-09-08 07:56:31,287,515
2026-09-08 07:57:30,286,536
2026-09-08 07:58:30,296,551
2026-09-08 07:59:30,283,557
2026-09-08 08:00:30,289,583
2026-09-08 08:01:30,278,577
2026-09-08 08:02:31,274,569
2026-09-08 08:03:30,293,620
2026-09-08 08:04:30,268,636
2026-09-08 08:05:30,240,722
2026-09-08 08:06:30,243,739
2026-09-08 08:07:30,253,782
2026-09-08 08:08:30,249,803
2026-09-08 08:09:30,239,809
2026-09-08 08:10:30,244,842
2026-09-08 08:11:30,250,851
2026-09-08 08:12:30,194,890
2026-09-08 08:13:30,211,917
2026-09-08 08:14:30,215,922
2026-09-08 08:15:31,213,967
2026-09-08 08:16:30,195,985
2026-09-08 08:17:30,169,1037
2026-09-08 08:18:30,186,1060
2026-09-08 08:19:30,179,1067
2026-09-08 08:20:30,188,1109
2026-09-08 08:21:30,214,1115
2026-09-08 08:22:30,224,1161
2026-09-08 08:23:30,305,1188
2026-09-08 08:24:30,152,1189
2026-09-08 08:25:30,167,1238
2026-09-08 08:26:31,227,1245
2026-09-08 08:27:30,328,1289
2026-09-08 08:28:30,335,1315
2026-09-08 08:29:30,351,1330
2026-09-08 08:30:30,385,1416
2026-09-08 08:31:30,395,1402
2026-09-08 08:32:31,410,1454
2026-09-08 08:33:30,295,1459
2026-09-08 08:34:30,230,1482
2026-09-08 08:35:30,275,1543
2026-09-08 08:36:30,224,1579
2026-09-08 08:37:30,250,1608
2026-09-08 08:38:31,236,1631
2026-09-08 08:39:30,264,1655
2026-09-08 08:40:30,250,1680
2026-09-08 08:41:30,233,1675
2026-09-08 08:42:30,229,1728
2026-09-08 08:43:30,239,1756
2026-09-08 08:44:31,251,1747
2026-09-08 08:45:30,236,1805
2026-09-08 08:46:30,241,1810
2026-09-08 08:47:30,236,1870
2026-09-08 08:48:30,248,1891
2026-09-08 08:49:30,230,1883
2026-09-08 08:50:31,241,1939
2026-09-08 08:51:30,188,1923
2026-09-08 08:52:30,283,1980
2026-09-08 08:53:30,406,2010
2026-09-08 08:54:30,402,2008
2026-09-08 08:55:30,413,2078
2026-09-08 08:56:31,424,2077
2026-09-08 08:57:30,399,2148
2026-09-08 08:58:30,424,2183
2026-09-08 08:59:30,245,2175
2026-09-08 09:00:30,300,2239
2026-09-08 09:01:31,336,2231
2026-09-08 09:02:30,187,2307
2026-09-08 09:03:30,203,2329
2026-09-08 09:04:30,155,2310
2026-09-08 09:05:30,175,2333
2026-09-08 09:06:30,158,2367
2026-09-08 09:07:31,196,2437
2026-09-08 09:08:30,214,2459
2026-09-08 09:09:30,173,2443
2026-09-08 09:10:30,196,2499
2026-09-08 09:11:30,245,2498
2026-09-08 09:12:30,317,2519
2026-09-08 09:13:31,257,2641
2026-09-08 09:14:30,300,2611
2026-09-08 09:15:30,385,2653
2026-09-08 09:16:30,440,2734
2026-09-08 09:17:30,457,2748
2026-09-08 09:18:30,444,2770
2026-09-08 09:19:31,449,2743
2026-09-08 09:20:30,373,2761
2026-09-08 09:21:30,293,2842
2026-09-08 09:22:30,257,2868
2026-09-08 09:23:30,257,2899
2026-09-08 09:24:30,210,2875
2026-09-08 09:25:31,227,2903
2026-09-08 09:26:30,235,2987
2026-09-08 09:27:30,226,3018
2026-09-08 09:28:30,1148,3047
2026-09-08 09:29:30,1216,3022
2026-09-08 09:30:30,901,3039
2026-09-08 09:31:31,644,3113
2026-09-08 09:32:30,254,3140
2026-09-08 09:33:30,258,3169
2026-09-08 09:34:30,252,3148
2026-09-08 09:35:30,292,3166
2026-09-08 09:36:30,292,3262
2026-09-08 09:37:30,376,3294
2026-09-08 09:38:31,295,3321
2026-09-08 09:39:30,226,3299
2026-09-08 09:40:30,313,3325
2026-09-08 09:41:30,343,3411
2026-09-08 09:42:30,458,3429
2026-09-08 09:43:30,452,3445
2026-09-08 09:44:31,452,3412
2026-09-08 09:45:30,446,3419
2026-09-08 09:46:30,460,3503
2026-09-08 09:47:30,485,3523
2026-09-08 09:48:30,314,3547
2026-09-08 09:49:30,302,3515
2026-09-08 09:50:30,251,3542
2026-09-08 09:51:31,250,3621
2026-09-08 09:52:30,249,3653
2026-09-08 09:53:30,228,3679
2026-09-08 09:54:30,266,3653
2026-09-08 09:55:30,236,3686
2026-09-08 09:56:30,266,3779
2026-09-08 09:57:30,356,3796
2026-09-08 09:58:31,420,3797
2026-09-08 09:59:30,2316,3737
2026-09-08 10:00:30,2323,3767
2026-09-08 10:01:30,2344,3862
2026-09-08 10:02:30,616,3910
2026-09-08 10:03:30,177,3923
2026-09-08 10:04:31,196,3872
2026-09-08 10:05:30,179,3901
2026-09-08 10:06:30,194,4012
2026-09-08 10:07:30,190,4053
2026-09-08 10:08:30,176,4075
2026-09-08 10:09:30,1477,4015
2026-09-08 10:10:30,2261,4039
2026-09-08 10:11:31,2317,4126
2026-09-08 10:12:30,2293,4141
2026-09-08 10:13:30,2278,4147
2026-09-08 10:14:30,2230,4087
2026-09-08 10:15:30,806,4097
2026-09-08 10:16:30,173,4205
2026-09-08 10:17:31,154,4234
2026-09-08 10:18:30,175,4267
2026-09-08 10:19:30,304,4237
2026-09-08 10:20:30,557,4247
2026-09-08 10:21:30,367,4336
2026-09-08 10:22:31,166,4366
2026-09-08 10:23:30,499,4391
2026-09-08 10:24:30,172,4340
2026-09-08 10:25:30,158,4361
2026-09-08 10:26:30,282,4463
2026-09-08 10:27:30,329,4554
2026-09-08 10:28:31,230,4510
2026-09-08 10:29:30,231,4456
2026-09-08 10:30:30,236,4481
2026-09-08 10:31:30,239,4562
2026-09-08 10:32:30,555,4559
2026-09-08 10:33:31,2311,4562
2026-09-08 10:34:30,2245,4445
2026-09-08 10:35:30,2267,4556
2026-09-08 10:36:30,2307,4661
2026-09-08 10:37:30,2242,4679
2026-09-08 10:38:30,2303,4774
2026-09-08 10:39:30,2223,4640
2026-09-08 10:40:31,529,4678
2026-09-08 10:41:30,244,4781
2026-09-08 10:42:30,217,4784
2026-09-08 10:43:30,216,4717
2026-09-08 10:44:30,242,4813
2026-09-08 10:45:30,217,4759
2026-09-08 10:46:31,233,4873
2026-09-08 10:47:30,235,4899
2026-09-08 10:48:30,224,4822
2026-09-08 10:49:30,242,4941
2026-09-08 10:50:30,212,4930
2026-09-08 10:51:30,320,5038
2026-09-08 10:52:31,303,5060
2026-09-08 10:53:30,304,5004
2026-09-08 10:54:30,297,5113
2026-09-08 10:55:30,457,5054
2026-09-08 10:56:30,959,5165
2026-09-08 10:57:30,961,5165
2026-09-08 10:58:30,240,5108
2026-09-08 10:59:31,263,5209
2026-09-08 11:00:30,266,5154
2026-09-08 11:01:30,274,5257
2026-09-08 11:02:30,257,5260
2026-09-08 11:03:30,250,5195
2026-09-08 11:04:30,269,5313
2026-09-08 11:05:31,282,5243
2026-09-08 11:06:30,256,5332
2026-09-08 11:07:30,244,5329
2026-09-08 11:08:30,271,5251
2026-09-08 11:09:30,229,5347
2026-09-08 11:10:30,228,5255
2026-09-08 11:11:31,221,5372
2026-09-08 11:12:30,261,5387
2026-09-08 11:13:30,239,5320
2026-09-08 11:14:30,165,5431
2026-09-08 11:15:30,163,5447
2026-09-08 11:16:30,161,5498
2026-09-08 11:17:31,331,5551
2026-09-08 11:18:30,346,5485
2026-09-08 11:19:30,212,5581
2026-09-08 11:20:30,214,5479
2026-09-08 11:21:30,199,5585
2026-09-08 11:22:30,212,5589
2026-09-08 11:23:31,205,5529
2026-09-08 11:24:30,261,5644
2026-09-08 11:25:30,517,5548
2026-09-08 11:26:30,2401,5636
2026-09-08 11:27:30,2303,5662
2026-09-08 11:28:31,2264,5582
2026-09-08 11:29:30,2921,5675
2026-09-08 11:30:30,2849,5598
2026-09-08 11:31:30,2926,5719
2026-09-08 11:32:30,2885,5746
2026-09-08 11:33:30,2838,5672
2026-09-08 11:34:30,971,5789
2026-09-08 11:35:31,179,5711
2026-09-08 11:36:30,155,5806
2026-09-08 11:37:30,176,5801
2026-09-08 11:38:30,148,5714
2026-09-08 11:39:30,184,5862
2026-09-08 11:40:31,148,5772
2026-09-08 11:41:30,148,5854
2026-09-08 11:42:30,168,5852
2026-09-08 11:43:30,144,5735
2026-09-08 11:44:30,170,5836
2026-09-08 11:45:31,144,5824
2026-09-08 11:46:30,163,5981
2026-09-08 11:47:30,146,6008
2026-09-08 11:48:30,154,5899
2026-09-08 11:49:30,129,5942
2026-09-08 11:50:30,101,5867
2026-09-08 11:51:31,121,5999
2026-09-08 11:52:30,101,6005
2026-09-08 11:53:30,111,5903
2026-09-08 11:54:30,133,6004
2026-09-08 11:55:30,100,5904
2026-09-08 11:56:30,101,6003
2026-09-08 11:57:31,136,6004
2026-09-08 11:58:30,144,5905
2026-09-08 11:59:30,152,6001
2026-09-08 12:00:30,152,5901
2026-09-08 12:01:30,153,5999
2026-09-08 12:02:30,153,6002
2026-09-08 12:03:31,153,6003
2026-09-08 12:04:30,218,6002
2026-09-08 12:05:30,280,5906
2026-09-08 12:06:30,223,6004
2026-09-08 12:07:30,151,5896
2026-09-08 12:08:30,149,6004
2026-09-08 12:09:30,151,6004
2026-09-08 12:10:31,148,5902
2026-09-08 12:11:30,151,6002
2026-09-08 12:12:30,150,6002
2026-09-08 12:13:30,148,5903
2026-09-08 12:14:30,150,6002
2026-09-08 12:15:31,148,5896
2026-09-08 12:16:30,150,6005
2026-09-08 12:17:30,150,6007
2026-09-08 12:18:30,450,5906
2026-09-08 12:19:30,267,6007
2026-09-08 12:20:30,150,6004
2026-09-08 12:21:31,195,6002
2026-09-08 12:22:30,157,6003
2026-09-08 12:23:30,275,5896
2026-09-08 12:24:30,283,5901
2026-09-08 12:25:30,149,6002
2026-09-08 12:26:30,154,6001
2026-09-08 12:27:30,159,6001
2026-09-08 12:28:31,143,5901
2026-09-08 12:29:30,115,5901
2026-09-08 12:30:30,158,6002
2026-09-08 12:31:30,173,6004
2026-09-08 12:32:30,176,6006
2026-09-08 12:33:30,175,5906
2026-09-08 12:34:31,176,5905
2026-09-08 12:35:30,178,6006
2026-09-08 12:36:30,175,6006
2026-09-08 12:37:30,230,5907
2026-09-08 12:38:30,272,5906
2026-09-08 12:39:30,171,6004
2026-09-08 12:40:31,166,6004
2026-09-08 12:41:30,166,6002
2026-09-08 12:42:30,166,6002
2026-09-08 12:43:30,163,5901
2026-09-08 12:44:30,169,5999
2026-09-08 12:45:30,172,6103
2026-09-08 12:46:31,167,5906
2026-09-08 12:47:30,172,6106
2026-09-08 12:48:30,167,5906
2026-09-08 12:49:30,166,5901
2026-09-08 12:50:30,169,6003
2026-09-08 12:51:30,169,6003
2026-09-08 12:52:30,169,6002
2026-09-08 12:53:31,166,5904
2026-09-08 12:54:30,169,6002
2026-09-08 12:55:30,169,6005
2026-09-08 12:56:30,169,6005
2026-09-08 12:57:30,169,6005
2026-09-08 12:58:30,167,5705
2026-09-08 12:59:30,183,6104
2026-09-08 13:00:30,182,5997
2026-09-08 13:01:30,182,6002
2026-09-08 13:02:30,179,6001
2026-09-08 13:03:30,163,5802
2026-09-08 13:04:31,168,6004
2026-09-08 13:05:30,168,6003
2026-09-08 13:06:30,169,6004
2026-09-08 13:07:30,170,6005
2026-09-08 13:08:30,163,5803
2026-09-08 13:09:31,168,6006
2026-09-08 13:10:30,170,5999
2026-09-08 13:11:30,166,5906
2026-09-08 13:12:30,168,6005
2026-09-08 13:13:30,166,5900
2026-09-08 13:14:30,184,6004
2026-09-08 13:15:30,280,6104
2026-09-08 13:16:31,310,5846
2026-09-08 13:17:30,166,5883
2026-09-08 13:18:30,162,5803
2026-09-08 13:19:30,170,6003
2026-09-08 13:20:30,167,6103
2026-09-08 13:21:30,167,5903
2026-09-08 13:22:31,164,6005
2026-09-08 13:23:30,165,5803
2026-09-08 13:24:30,167,6095
2026-09-08 13:25:30,167,6003
2026-09-08 13:26:30,167,6005
2026-09-08 13:27:30,167,5904
2026-09-08 13:28:31,164,6005
2026-09-08 13:29:30,167,6004
2026-09-08 13:30:30,168,6005
2026-09-08 13:31:30,167,6005
2026-09-08 13:32:30,289,5905
2026-09-08 13:33:30,308,5905
2026-09-08 13:34:30,167,6005
2026-09-08 13:35:30,167,5999
2026-09-08 13:36:30,172,6006
2026-09-08 13:37:30,178,5899
2026-09-08 13:38:30,178,5902
2026-09-08 13:39:31,181,6003
2026-09-08 13:40:30,181,6001
2026-09-08 13:41:30,181,6001
2026-09-08 13:42:30,178,5902
2026-09-08 13:43:30,173,5902
2026-09-08 13:44:30,173,6002
2026-09-08 13:45:31,181,5998
2026-09-08 13:46:30,182,6103
2026-09-08 13:47:30,166,5905
2026-09-08 13:48:30,165,5903
2026-09-08 13:49:30,169,5999
2026-09-08 13:50:30,169,6005
2026-09-08 13:51:30,171,6001
2026-09-08 13:52:31,167,5804
2026-09-08 13:53:30,291,6003
2026-09-08 13:54:30,400,6001
2026-09-08 13:55:30,789,6004
2026-09-08 13:56:30,813,6003
2026-09-08 13:57:30,866,5903
2026-09-08 13:58:30,954,5903
2026-09-08 13:59:31,1161,6002
2026-09-08 14:00:30,1178,6001
2026-09-08 14:01:30,1213,5987
2026-09-08 14:02:30,1132,5497
2026-09-08 14:03:30,1280,5801
2026-09-08 14:04:31,1331,6003
2026-09-08 14:05:30,1358,3560
2026-09-08 14:06:30,1484,1828
2026-09-08 14:07:30,1505,2450
2026-09-08 14:08:30,1391,1807
2026-09-08 14:09:30,1418,2260
2026-09-08 14:10:31,1419,5717
2026-09-08 14:11:30,1436,4591
2026-09-08 14:12:30,1470,2996
2026-09-08 14:13:30,1443,2366
2026-09-08 14:14:30,1468,1903
2026-09-08 14:15:30,1463,1790
2026-09-08 14:16:30,1457,1777
2026-09-08 14:17:30,1454,1875
2026-09-08 14:18:30,1391,1892
2026-09-08 14:19:30,1375,2044
2026-09-08 14:20:30,1370,2310
2026-09-08 14:21:30,1370,2509
2026-09-08 14:22:31,1371,2518
2026-09-08 14:23:30,1391,2477
2026-09-08 14:24:30,1447,2494
2026-09-08 14:25:30,684,2457
2026-09-08 14:26:30,280,2489
2026-09-08 14:27:30,210,4816
2026-09-08 14:28:30,325,5909
2026-09-08 14:29:30,590,6009
2026-09-08 14:30:30,922,6005
2026-09-08 14:31:30,2776,5999
2026-09-08 14:32:30,2681,5894
2026-09-08 14:33:30,2621,5191
2026-09-08 14:34:30,2660,5134
2026-09-08 14:35:31,2707,6000
2026-09-08 14:36:30,1997,5978
2026-09-08 14:37:30,1019,5984
2026-09-08 14:38:30,581,5906
2026-09-08 14:39:30,589,6006
2026-09-08 14:40:30,603,6007
2026-09-08 14:41:30,765,6007
2026-09-08 14:42:30,925,5905
2026-09-08 14:43:30,559,3573
2026-09-08 14:44:30,572,4546
2026-09-08 14:45:30,568,2643
2026-09-08 14:46:31,573,4715
2026-09-08 14:47:30,596,6002
2026-09-08 14:48:30,2026,5899
2026-09-08 14:49:30,2685,5999
2026-09-08 14:50:30,2689,5999
2026-09-08 14:51:30,2669,6001
2026-09-08 14:52:30,2644,5903
2026-09-08 14:53:31,2635,5902
2026-09-08 14:54:30,2674,6004
2026-09-08 14:55:30,650,5907
2026-09-08 14:56:30,546,6007
2026-09-08 14:57:30,1702,5903
2026-09-08 14:58:30,2662,5996
2026-09-08 14:59:31,2667,5999
2026-09-08 15:00:30,2031,6000
2026-09-08 15:01:30,586,4676
2026-09-08 15:02:30,572,6002
2026-09-08 15:03:30,2495,6098
2026-09-08 15:04:30,2903,5998
2026-09-08 15:05:31,3111,5900
2026-09-08 15:06:30,3166,5999
2026-09-08 15:07:30,3112,5800
2026-09-08 15:08:30,1818,6002
2026-09-08 15:09:30,1230,6006
2026-09-08 15:10:30,1202,6006
2026-09-08 15:11:30,1255,6006
2026-09-08 15:12:31,1773,5740
2026-09-08 15:13:30,3409,6002
2026-09-08 15:14:30,2645,3654
2026-09-08 15:15:30,1424,2074
2026-09-08 15:16:30,1381,2851
2026-09-08 15:17:30,1382,5774
2026-09-08 15:18:31,1411,5486
2026-09-08 15:19:30,1428,5940
2026-09-08 15:20:30,1466,5987
2026-09-08 15:21:30,1476,5971
2026-09-08 15:22:30,1220,5895
2026-09-08 15:23:30,1143,6002
2026-09-08 15:24:31,1126,4746
2026-09-08 15:25:30,1121,6006
2026-09-08 15:26:30,1139,6007
2026-09-08 15:27:30,1172,5802
2026-09-08 15:28:30,1267,5947
2026-09-08 15:29:30,1124,5939
2026-09-08 15:30:31,1109,5906
2026-09-08 15:31:30,1126,5373
2026-09-08 15:32:30,1069,5641
2026-09-08 15:33:30,1118,5834
2026-09-08 15:34:30,1126,5794
2026-09-08 15:35:30,1130,5788
2026-09-08 15:36:31,1140,5746
2026-09-08 15:37:30,1084,4184
2026-09-08 15:38:30,1143,5608
2026-09-08 15:39:30,1130,5124
2026-09-08 15:40:30,1157,5378
2026-09-08 15:41:30,1122,5339
2026-09-08 15:42:31,1073,5191
2026-09-08 15:43:30,1136,5376
2026-09-08 15:44:30,1134,5399
2026-09-08 15:45:30,1117,5407
2026-09-08 15:46:30,1142,5336
2026-09-08 15:47:30,1081,5235
2026-09-08 15:48:31,1120,5430
2026-09-08 15:49:30,1122,4544
2026-09-08 15:50:30,1138,4229
2026-09-08 15:51:30,1119,3095
2026-09-08 15:52:30,1084,2690
2026-09-08 15:53:30,1126,4514
2026-09-08 15:54:30,1121,3833
2026-09-08 15:55:31,1137,4870
2026-09-08 15:56:30,1119,4085
2026-09-08 15:57:30,1117,2210
2026-09-08 15:58:30,1112,1598
2026-09-08 15:59:30,1171,1577
2026-09-08 16:00:30,1190,1864
2026-09-08 16:01:31,1196,3187
2026-09-08 16:02:30,1146,4100
2026-09-08 16:03:30,1160,2982
2026-09-08 16:04:30,1057,2572
2026-09-08 16:05:30,1027,2125
2026-09-08 16:06:30,997,2034
2026-09-08 16:07:30,1022,2041
2026-09-08 16:08:30,1004,2081
2026-09-08 16:09:31,988,2116
2026-09-08 16:10:30,955,2197
2026-09-08 16:11:30,844,2336
2026-09-08 16:12:30,804,2269
2026-09-08 16:13:30,819,4389
2026-09-08 16:14:30,823,4942
2026-09-08 16:15:31,829,4759
2026-09-08 16:16:30,819,3571
2026-09-08 16:17:30,800,4043
2026-09-08 16:18:30,819,4838
2026-09-08 16:19:30,827,4740
2026-09-08 16:20:30,826,2957
2026-09-08 16:21:31,824,4757
2026-09-08 16:22:30,913,3260
2026-09-08 16:23:30,945,3850
2026-09-08 16:24:30,828,3160
2026-09-08 16:25:30,830,2127
2026-09-08 16:26:30,825,1655
2026-09-08 16:27:31,796,1496
2026-09-08 16:28:30,931,2358
2026-09-08 16:29:30,949,2058
2026-09-08 16:30:30,842,2919
2026-09-08 16:31:30,838,1939
2026-09-08 16:32:30,822,1934
2026-09-08 16:33:30,835,1842
2026-09-08 16:34:31,836,1920
2026-09-08 16:35:30,840,1916
2026-09-08 16:36:30,859,2212
2026-09-08 16:37:30,837,1953
2026-09-08 16:38:30,847,1819
2026-09-08 16:39:30,844,1713
2026-09-08 16:40:31,824,1500
2026-09-08 16:41:30,824,1316
2026-09-08 16:42:30,829,1172
2026-09-08 16:43:30,853,1123
2026-09-08 16:44:30,862,1072
2026-09-08 16:45:31,847,1018
2026-09-08 16:46:30,836,983
2026-09-08 16:47:30,891,891
2026-09-08 16:48:30,1004,866
2026-09-08 16:49:30,994,836
2026-09-08 16:50:30,980,817
2026-09-08 16:51:31,982,794
2026-09-08 16:52:30,955,766
2026-09-08 16:53:30,994,795
2026-09-08 16:54:30,955,782
2026-09-08 16:55:30,945,745
2026-09-08 16:56:30,957,706
2026-09-08 16:57:31,983,659
2026-09-08 16:58:30,1106,665
2026-09-08 16:59:30,1124,672
2026-09-08 17:00:30,1123,695
2026-09-08 17:01:30,1132,733
2026-09-08 17:02:30,1099,763
2026-09-08 17:03:30,1133,860
2026-09-08 17:04:31,1132,949
2026-09-08 17:05:30,1126,1060
2026-09-08 17:06:30,1118,1205
2026-09-08 17:07:30,1073,1417
2026-09-08 17:08:30,1110,2044
2026-09-08 17:09:30,1072,2660
2026-09-08 17:10:31,1054,2596
2026-09-08 17:11:30,1068,3169
2026-09-08 17:12:30,905,3743
2026-09-08 17:13:30,934,3110
2026-09-08 17:14:30,1000,3413
2026-09-08 17:15:30,1058,3993
2026-09-08 17:16:31,989,3965
2026-09-08 17:17:30,902,3750
2026-09-08 17:18:30,919,3762
2026-09-08 17:19:30,920,3669
2026-09-08 17:20:30,1111,2676
2026-09-08 17:21:30,1387,1763
2026-09-08 17:22:30,1413,2660
2026-09-08 17:23:31,1428,3286
2026-09-08 17:24:30,1451,3231
2026-09-08 17:25:30,1456,3191
2026-09-08 17:26:30,1579,3144
2026-09-08 17:27:30,1590,3025
2026-09-08 17:28:30,1486,3027
2026-09-08 17:29:31,1488,3002
2026-09-08 17:30:30,1469,2909
2026-09-08 17:31:30,1519,2926
2026-09-08 17:32:30,1469,2705
2026-09-08 17:33:30,1511,2716
2026-09-08 17:34:31,1511,2662
2026-09-08 17:35:30,1511,2611
2026-09-08 17:36:30,1504,2558
2026-09-08 17:37:30,1444,2425
2026-09-08 17:38:30,1490,2450
2026-09-08 17:39:30,1466,2370
2026-09-08 17:40:31,1513,2364
2026-09-08 17:41:30,1504,2302
2026-09-08 17:42:30,1458,2201
2026-09-08 17:43:30,1555,2280
2026-09-08 17:44:30,1628,1627
2026-09-08 17:45:30,1579,1014
2026-09-08 17:46:30,1504,1250
2026-09-08 17:47:31,1459,1967
2026-09-08 17:48:30,1530,2014
2026-09-08 17:49:30,1676,2021
2026-09-08 17:50:30,1637,2015
2026-09-08 17:51:30,1592,1997
2026-09-08 17:52:30,1270,1900
2026-09-08 17:53:31,1295,1921
2026-09-08 17:54:30,1325,1868
2026-09-08 17:55:30,1358,1841
2026-09-08 17:56:30,1238,1816
2026-09-08 17:57:30,1095,1729
2026-09-08 17:58:30,1069,1759
2026-09-08 17:59:30,1063,1712
2026-09-08 18:00:30,1073,1639
2026-09-08 18:01:30,1069,1613
2026-09-08 18:02:30,1045,1571
2026-09-08 18:03:30,1076,1622
2026-09-08 18:04:30,1072,1599
2026-09-08 18:05:31,1071,1529
2026-09-08 18:06:30,1076,1066
2026-09-08 18:07:30,1051,1382
2026-09-08 18:08:30,1085,1367
2026-09-08 18:09:30,1096,1414
2026-09-08 18:10:30,1213,1412
2026-09-08 18:11:30,1093,1390
2026-09-08 18:12:30,1069,1348
2026-09-08 18:13:30,1091,1317
2026-09-08 18:14:30,1086,801
2026-09-08 18:15:31,1082,708
2026-09-08 18:16:30,1078,703
2026-09-08 18:17:30,1043,881
2026-09-08 18:18:30,1080,1109
2026-09-08 18:19:30,1083,1169
2026-09-08 18:20:30,1087,1162
2026-09-08 18:21:31,1088,1135
2026-09-08 18:22:30,1045,1065
2026-09-08 18:23:30,1079,1082
2026-09-08 18:24:30,1082,1034
2026-09-08 18:25:30,1067,959
2026-09-08 18:26:30,1082,916
2026-09-08 18:27:30,1045,835
2026-09-08 18:28:30,1081,823
2026-09-08 18:29:30,1081,856
2026-09-08 18:30:30,1167,901
2026-09-08 18:31:30,1114,890
2026-09-08 18:32:30,1073,847
2026-09-08 18:33:31,1111,856
2026-09-08 18:34:30,1112,829
2026-09-08 18:35:30,1106,798
2026-09-08 18:36:30,1108,780
2026-09-08 18:37:30,1147,751
2026-09-08 18:38:31,1220,743
2026-09-08 18:39:30,1165,706
2026-09-08 18:40:30,1105,678
2026-09-08 18:41:30,1136,656
2026-09-08 18:42:30,1174,623
2026-09-08 18:43:30,1202,643
2026-09-08 18:44:31,1119,634
2026-09-08 18:45:30,1103,616
2026-09-08 18:46:30,1128,594
2026-09-08 18:47:30,1081,557
2026-09-08 18:48:30,1115,560
2026-09-08 18:49:30,1114,542
2026-09-08 18:50:30,1207,530
2026-09-08 18:51:31,1226,519
2026-09-08 18:52:30,1092,491
2026-09-08 18:53:30,1111,498
2026-09-08 18:54:30,1107,496
2026-09-08 18:55:30,1110,499
2026-09-08 18:56:30,1106,492
2026-09-08 18:57:30,1085,461
2026-09-08 18:58:31,1097,436
2026-09-08 18:59:30,1094,398
2026-09-08 19:00:30,1090,372
2026-09-08 19:01:30,1088,370
2026-09-08 19:02:30,1048,349
2026-09-08 19:03:30,1081,353
2026-09-08 19:04:31,1081,335
2026-09-08 19:05:30,857,319
2026-09-08 19:06:30,549,313
2026-09-08 19:07:30,527,290
2026-09-08 19:08:30,549,290
2026-09-08 19:09:30,547,278
2026-09-08 19:10:30,658,259
2026-09-08 19:11:31,679,237
2026-09-08 19:12:30,641,203
2026-09-08 19:13:30,666,188
2026-09-08 19:14:30,545,172
2026-09-08 19:15:30,545,158
2026-09-08 19:16:30,520,148
2026-09-08 19:17:31,544,137
2026-09-08 19:18:30,544,127
2026-09-08 19:19:30,521,119
2026-09-08 19:20:30,543,111
2026-09-08 19:21:30,556,103
2026-09-08 19:22:30,532,91
2026-09-08 19:23:30,538,87
2026-09-08 19:24:31,540,80
2026-09-08 19:25:30,541,74
2026-09-08 19:26:30,707,70
2026-09-08 19:27:30,958,59
2026-09-08 19:28:30,1030,52
2026-09-08 19:29:30,1153,41
2026-09-08 19:30:31,1157,34
2026-09-08 19:31:30,1105,26
2026-09-08 19:32:30,1033,19
2026-09-08 19:33:30,1069,16
2026-09-08 19:34:30,1072,13
2026-09-08 19:35:30,1150,10
2026-09-08 19:36:31,1185,10
2026-09-08 19:37:30,1160,9
2026-09-08 19:38:30,1269,8
2026-09-08 19:39:30,1283,8
2026-09-08 19:40:30,1456,9
2026-09-08 19:41:30,1499,8
2026-09-08 19:42:31,1567,7
2026-09-08 19:43:30,1616,6
2026-09-08 19:44:30,1624,5
2026-09-08 19:45:30,1622,2
2026-09-08 19:46:30,1677,0
2026-09-08 19:47:30,1921,0
2026-09-08 19:48:30,3055,0
2026-09-08 19:49:31,3038,0
2026-09-08 19:50:30,3059,1
2026-09-08 19:51:30,2226,2
2026-09-08 19:52:30,2708,0
2026-09-08 19:53:30,2297,0
2026-09-08 19:54:30,2438,0
2026-09-08 19:55:31,2674,0
2026-09-08 19:56:30,2057,0
2026-09-08 19:57:30,2899,0
2026-09-08 19:58:30,1754,0
2026-09-08 19:59:30,1769,3
2026-09-08 20:00:30,1774,2
2026-09-08 20:01:31,1775,1
2026-09-08 20:02:30,1591,0
2026-09-08 20:03:30,1690,0
2026-09-08 20:04:30,1661,0
2026-09-08 20:05:30,1735,0
2026-09-08 20:06:30,1759,0
2026-09-08 20:07:31,1694,0
2026-09-08 20:08:30,1655,0
2026-09-08 20:09:30,1663,0
2026-09-08 20:10:30,1795,0
2026-09-08 20:11:30,1848,0
2026-09-08 20:12:30,1625,0
2026-09-08 20:13:31,1678,0
2026-09-08 20:14:30,1561,0
2026-09-08 20:15:30,1568,0
2026-09-08 20:16:30,1516,0
2026-09-08 20:17:30,1344,0
2026-09-08 20:18:30,1231,0
2026-09-08 20:19:31,1155,0
2026-09-08 20:20:30,1113,0
2026-09-08 20:21:30,1064,0
2026-09-08 20:22:30,968,0
2026-09-08 20:23:30,977,0
2026-09-08 20:24:30,941,0
2026-09-08 20:25:30,925,0
2026-09-08 20:26:30,904,0
2026-09-08 20:27:30,853,0
2026-09-08 20:28:30,853,0
2026-09-08 20:29:30,830,0
2026-09-08 20:30:30,801,0
2026-09-08 20:31:30,790,0
2026-09-08 20:32:31,763,0
2026-09-08 20:33:30,778,0
2026-09-08 20:34:30,776,0
2026-09-08 20:35:30,776,0
2026-09-08 20:36:30,776,0
2026-09-08 20:37:30,761,0
2026-09-08 20:38:31,778,0
2026-09-08 20:39:30,776,0
2026-09-08 20:40:30,773,0
2026-09-08 20:41:30,772,0
2026-09-08 20:42:30,760,0
2026-09-08 20:43:30,773,0
2026-09-08 20:44:31,773,0
2026-09-08 20:45:30,772,0
2026-09-08 20:46:30,774,0
2026-09-08 20:47:30,761,0
2026-09-08 20:48:30,772,0
2026-09-08 20:49:30,773,0
2026-09-08 20:50:31,773,0
2026-09-08 20:51:30,773,0
2026-09-08 20:52:30,748,0
2026-09-08 20:53:30,772,0
2026-09-08 20:54:30,773,0
2026-09-08 20:55:30,772,0
2026-09-08 20:56:30,769,0
2026-09-08 20:57:30,743,0
2026-09-08 20:58:30,769,0
2026-09-08 20:59:30,793,0
2026-09-08 21:00:31,785,0
2026-09-08 21:01:30,786,0
2026-09-08 21:02:30,760,0
2026-09-08 21:03:30,784,0
2026-09-08 21:04:30,783,0
2026-09-08 21:05:30,782,0
2026-09-08 21:06:31,782,0
2026-09-08 21:07:30,755,0
2026-09-08 21:08:30,782,0
2026-09-08 21:09:30,790,0
2026-09-08 21:10:30,792,0
2026-09-08 21:11:30,791,0
2026-09-08 21:12:31,777,0
2026-09-08 21:13:30,797,0
2026-09-08 21:14:30,794,0
2026-09-08 21:15:30,796,0
2026-09-08 21:16:30,799,0
2026-09-08 21:17:30,785,0
2026-09-08 21:18:31,812,0
2026-09-08 21:19:30,898,0
2026-09-08 21:20:30,905,0
2026-09-08 21:21:30,902,0
2026-09-08 21:22:30,909,0
2026-09-08 21:23:31,919,0
2026-09-08 21:24:30,929,0
2026-09-08 21:25:30,935,0
2026-09-08 21:26:30,957,0
2026-09-08 21:27:30,979,0
2026-09-08 21:28:30,967,0
2026-09-08 21:29:31,944,0
2026-09-08 21:30:30,952,0
2026-09-08 21:31:30,946,0
2026-09-08 21:32:30,1132,0
2026-09-08 21:33:30,2885,0
2026-09-08 21:34:30,2923,0
2026-09-08 21:35:31,2955,0
2026-09-08 21:36:30,2958,0
2026-09-08 21:37:30,2849,0
2026-09-08 21:38:30,2867,0
2026-09-08 21:39:30,2956,0
2026-09-08 21:40:30,3070,1
2026-09-08 21:41:31,4585,1
2026-09-08 21:42:30,4443,1
2026-09-08 21:43:30,3707,1
2026-09-08 21:44:30,3266,0
2026-09-08 21:45:30,1775,0
2026-09-08 21:46:30,1174,0
2026-09-08 21:47:31,1241,0
2026-09-08 21:48:30,882,0
2026-09-08 21:49:30,1188,0
2026-09-08 21:50:30,880,0
2026-09-08 21:51:30,1241,0
2026-09-08 21:52:30,881,0
2026-09-08 21:53:31,1257,0
2026-09-08 21:54:30,1141,0
2026-09-08 21:55:30,2115,0
2026-09-08 21:56:30,1589,0
2026-09-08 21:57:30,2121,0
2026-09-08 21:58:30,2273,0
2026-09-08 21:59:30,2384,0
2026-09-08 22:00:31,2301,0
2026-09-08 22:01:30,1792,0
2026-09-08 22:02:30,1646,0
2026-09-08 22:03:30,1882,0
2026-09-08 22:04:30,2099,0
2026-09-08 22:05:30,2321,0
2026-09-08 22:06:31,1757,0
2026-09-08 22:07:30,1764,0
2026-09-08 22:08:30,2210,0
2026-09-08 22:09:30,1619,0
2026-09-08 22:10:30,2110,0
2026-09-08 22:11:30,2858,0
2026-09-08 22:12:31,2934,0
2026-09-08 22:13:30,2337,0
2026-09-08 22:14:30,2314,0
2026-09-08 22:15:30,2372,0
2026-09-08 22:16:30,2905,0
2026-09-08 22:17:30,2458,0
2026-09-08 22:18:31,2385,0
2026-09-08 22:19:30,2169,0
2026-09-08 22:20:30,2230,0
2026-09-08 22:21:30,2484,0
2026-09-08 22:22:30,2066,0
2026-09-08 22:23:30,2263,0
2026-09-08 22:24:31,2324,0
2026-09-08 22:25:30,2618,0
2026-09-08 22:26:30,2256,0
2026-09-08 22:27:30,2019,0
2026-09-08 22:28:30,1900,0
2026-09-08 22:29:30,2069,0
2026-09-08 22:30:31,1882,0
2026-09-08 22:31:30,2477,0
2026-09-08 22:32:30,2368,0
2026-09-08 22:33:30,2606,0
2026-09-08 22:34:30,2635,0
2026-09-08 22:35:30,1389,0
2026-09-08 22:36:31,1391,0
2026-09-08 22:37:30,1195,0
2026-09-08 22:38:30,881,0
2026-09-08 22:39:30,967,0
2026-09-08 22:40:30,1050,0
2026-09-08 22:41:30,854,0
2026-09-08 22:42:31,722,0
2026-09-08 22:43:30,846,0
2026-09-08 22:44:30,862,0
2026-09-08 22:45:30,749,0
2026-09-08 22:46:30,747,0
2026-09-08 22:47:30,725,0
2026-09-08 22:48:31,837,0
2026-09-08 22:49:30,1774,0
2026-09-08 22:50:30,2143,0
2026-09-08 22:51:30,1424,0
2026-09-08 22:52:30,1191,0
2026-09-08 22:53:30,1237,0
2026-09-08 22:54:31,1221,0
2026-09-08 22:55:30,1579,0
2026-09-08 22:56:30,1749,0
2026-09-08 22:57:30,1741,0
2026-09-08 22:58:30,1752,0
2026-09-08 22:59:30,1759,0
2026-09-08 23:00:31,1635,0
2026-09-08 23:01:30,1589,0
2026-09-08 23:02:30,1489,0
2026-09-08 23:03:30,736,0
2026-09-08 23:04:30,326,0
2026-09-08 23:05:31,314,0
2026-09-08 23:06:30,313,0
2026-09-08 23:07:30,500,0
2026-09-08 23:08:30,630,0
2026-09-08 23:09:30,1308,0
2026-09-08 23:10:30,1269,0
2026-09-08 23:11:31,1040,0
2026-09-08 23:12:30,1036,0
2026-09-08 23:13:30,1042,0
2026-09-08 23:14:30,914,0
2026-09-08 23:15:30,896,0
2026-09-08 23:16:31,839,0
2026-09-08 23:17:30,809,0
2026-09-08 23:18:30,818,0
2026-09-08 23:19:30,818,0
2026-09-08 23:20:30,736,0
2026-09-08 23:21:30,363,0
2026-09-08 23:22:31,368,0
2026-09-08 23:23:30,521,0
2026-09-08 23:24:30,578,0
2026-09-08 23:25:30,567,0
2026-09-08 23:26:30,656,0
2026-09-08 23:27:30,1194,0
2026-09-08 23:28:31,1055,0
2026-09-08 23:29:30,930,0
2026-09-08 23:30:30,1062,0
2026-09-08 23:31:30,1084,0
2026-09-08 23:32:30,940,0
2026-09-08 23:33:30,749,0
2026-09-08 23:34:31,751,0
2026-09-08 23:35:30,384,0
2026-09-08 23:36:30,289,0
2026-09-08 23:37:30,331,0
2026-09-08 23:38:30,379,0
2026-09-08 23:39:31,382,0
2026-09-08 23:40:30,697,0
2026-09-08 23:41:30,1211,0
2026-09-08 23:42:30,1029,0
2026-09-08 23:43:30,950,0
2026-09-08 23:44:30,955,0
2026-09-08 23:45:31,958,0
2026-09-08 23:46:30,868,0
2026-09-08 23:47:30,696,0
2026-09-08 23:48:30,443,0
2026-09-08 23:49:30,235,0
2026-09-08 23:50:30,230,0
2026-09-08 23:51:31,238,0
2026-09-08 23:52:30,229,0
2026-09-08 23:53:30,234,0
2026-09-08 23:54:30,558,0
2026-09-08 23:55:30,1092,0
2026-09-08 23:56:30,768,0
2026-09-08 23:57:31,428,0
2026-09-08 23:58:30,421,0
2026-09-08 23:59:30,427,0
2026-09-09 00:00:30,421,0
2026-09-09 00:01:30,281,0
2026-09-09 00:02:30,238,0
2026-09-09 00:03:30,187,0
2026-09-09 00:04:31,187,0
2026-09-09 00:05:30,187,0
2026-09-09 00:06:30,186,0
2026-09-09 00:07:30,181,0
2026-09-09 00:08:30,186,0
2026-09-09 00:09:30,343,0
2026-09-09 00:10:31,440,0
2026-09-09 00:11:30,433,0
2026-09-09 00:12:30,404,0
2026-09-09 00:13:30,411,0
2026-09-09 00:14:30,411,0
2026-09-09 00:15:30,401,0
2026-09-09 00:16:31,223,0
2026-09-09 00:17:30,177,0
2026-09-09 00:18:30,185,0
2026-09-09 00:19:30,187,0
2026-09-09 00:20:30,188,0
2026-09-09 00:21:30,185,0
2026-09-09 00:22:31,179,0
2026-09-09 00:23:30,187,0
2026-09-09 00:24:30,472,0
2026-09-09 00:25:30,427,0
2026-09-09 00:26:30,424,0
2026-09-09 00:27:30,392,0
2026-09-09 00:28:31,412,0
2026-09-09 00:29:30,412,0
2026-09-09 00:30:30,239,0
2026-09-09 00:31:30,190,0
2026-09-09 00:32:30,181,0
2026-09-09 00:33:30,188,0
2026-09-09 00:34:30,188,0
2026-09-09 00:35:30,187,0
2026-09-09 00:36:30,186,0
2026-09-09 00:37:30,182,0
2026-09-09 00:38:30,347,0
2026-09-09 00:39:31,431,0
2026-09-09 00:40:30,426,0
2026-09-09 00:41:30,405,0
2026-09-09 00:42:30,402,0
2026-09-09 00:43:30,417,0
2026-09-09 00:44:30,344,0
2026-09-09 00:45:31,224,0
2026-09-09 00:46:30,186,0
2026-09-09 00:47:30,182,0
2026-09-09 00:48:30,186,0
2026-09-09 00:49:30,186,0
2026-09-09 00:50:30,187,0
2026-09-09 00:51:31,187,0
2026-09-09 00:52:30,181,0
2026-09-09 00:53:30,266,0
2026-09-09 00:54:30,449,0
2026-09-09 00:55:30,420,0
2026-09-09 00:56:30,409,0
2026-09-09 00:57:31,396,0
2026-09-09 00:58:30,404,0
2026-09-09 00:59:30,404,0
2026-09-09 01:00:30,187,0
2026-09-09 01:01:30,182,0
2026-09-09 01:02:30,182,0
2026-09-09 01:03:31,185,0
2026-09-09 01:04:30,185,0
2026-09-09 01:05:30,185,0
2026-09-09 01:06:30,182,0
2026-09-09 01:07:30,180,0
2026-09-09 01:08:30,138,0
2026-09-09 01:09:30,321,0
2026-09-09 01:10:31,382,0
2026-09-09 01:11:30,378,0
2026-09-09 01:12:30,359,0
2026-09-09 01:13:30,358,0
2026-09-09 01:14:30,359,0
2026-09-09 01:15:30,339,0
2026-09-09 01:16:31,203,0
2026-09-09 01:17:30,135,0
2026-09-09 01:18:30,138,0
2026-09-09 01:19:30,137,0
2026-09-09 01:20:30,138,0
2026-09-09 01:21:30,135,0
2026-09-09 01:22:31,134,0
2026-09-09 01:23:30,137,0
2026-09-09 01:24:30,136,0
2026-09-09 01:25:30,137,0
2026-09-09 01:26:30,455,0
2026-09-09 01:27:30,415,0
2026-09-09 01:28:31,410,0
2026-09-09 01:29:30,398,0
2026-09-09 01:30:30,401,0
2026-09-09 01:31:30,368,0
2026-09-09 01:32:30,206,0
2026-09-09 01:33:31,182,0
2026-09-09 01:34:30,181,0
2026-09-09 01:35:30,181,0
2026-09-09 01:36:30,178,0
2026-09-09 01:37:30,176,0
2026-09-09 01:38:30,179,0
2026-09-09 01:39:30,178,0
2026-09-09 01:40:30,178,0
2026-09-09 01:41:30,187,0
2026-09-09 01:42:30,457,0
2026-09-09 01:43:30,422,0
2026-09-09 01:44:30,407,0
2026-09-09 01:45:30,388,0
2026-09-09 01:46:31,384,0
2026-09-09 01:47:30,304,0
2026-09-09 01:48:30,175,0
2026-09-09 01:49:30,175,0
2026-09-09 01:50:30,175,0
2026-09-09 01:51:30,171,0
2026-09-09 01:52:31,171,0
2026-09-09 01:53:30,173,0
2026-09-09 01:54:30,169,0
2026-09-09 01:55:30,168,0
2026-09-09 01:56:30,379,0
2026-09-09 01:57:31,383,0
2026-09-09 01:58:30,373,0
2026-09-09 01:59:30,374,0
2026-09-09 02:00:30,348,0
2026-09-09 02:01:30,402,0
2026-09-09 02:02:30,319,0
2026-09-09 02:03:31,313,0
2026-09-09 02:04:30,398,0
2026-09-09 02:05:30,451,0
2026-09-09 02:06:30,452,0
2026-09-09 02:07:30,289,0
2026-09-09 02:08:31,239,0
2026-09-09 02:09:30,152,0
2026-09-09 02:10:30,137,0
2026-09-09 02:11:30,137,0
2026-09-09 02:12:30,135,0
2026-09-09 02:13:30,136,0
2026-09-09 02:14:31,169,0
2026-09-09 02:15:30,184,0
2026-09-09 02:16:30,183,0
2026-09-09 02:17:30,184,0
2026-09-09 02:18:30,186,0
2026-09-09 02:19:30,185,0
2026-09-09 02:20:31,185,0
2026-09-09 02:21:30,181,0
2026-09-09 02:22:30,181,0
2026-09-09 02:23:30,184,0
2026-09-09 02:24:30,184,0
2026-09-09 02:25:30,182,0
2026-09-09 02:26:31,179,0
2026-09-09 02:27:30,179,0
2026-09-09 02:28:30,182,0
2026-09-09 02:29:30,184,0
2026-09-09 02:30:30,182,0
2026-09-09 02:31:30,177,0
2026-09-09 02:32:31,176,0
2026-09-09 02:33:30,179,0
2026-09-09 02:34:30,178,0
2026-09-09 02:35:30,175,0
2026-09-09 02:36:30,170,0
2026-09-09 02:37:31,167,0
2026-09-09 02:38:30,168,0
2026-09-09 02:39:30,169,0
2026-09-09 02:40:30,167,0
2026-09-09 02:41:30,151,0
2026-09-09 02:42:31,123,0
2026-09-09 02:43:30,125,0
2026-09-09 02:44:30,125,0
2026-09-09 02:45:30,125,0
2026-09-09 02:46:30,125,0
2026-09-09 02:47:30,121,0
2026-09-09 02:48:31,123,0
2026-09-09 02:49:30,121,0
2026-09-09 02:50:30,118,0
2026-09-09 02:51:30,119,0
2026-09-09 02:52:30,118,0
2026-09-09 02:53:30,119,0
2026-09-09 02:54:31,119,0
2026-09-09 02:55:30,117,0
2026-09-09 02:56:30,120,0
2026-09-09 02:57:30,116,0
2026-09-09 02:58:30,118,0
2026-09-09 02:59:30,144,0
2026-09-09 03:00:31,162,0
2026-09-09 03:01:30,170,0
2026-09-09 03:02:30,170,0
2026-09-09 03:03:31,172,0
2026-09-09 03:04:30,172,0
2026-09-09 03:05:30,167,0
2026-09-09 03:06:30,170,0
2026-09-09 03:07:30,168,0
2026-09-09 03:08:31,170,0
2026-09-09 03:09:30,168,0
2026-09-09 03:10:30,165,0
2026-09-09 03:11:30,167,0
2026-09-09 03:12:30,164,0
2026-09-09 03:13:30,163,0
2026-09-09 03:14:31,163,0
2026-09-09 03:15:30,160,0
2026-09-09 03:16:30,163,0
2026-09-09 03:17:30,157,0
2026-09-09 03:18:30,158,0
2026-09-09 03:19:30,158,0
2026-09-09 03:20:31,156,0
2026-09-09 03:21:30,156,0
2026-09-09 03:22:30,151,0
2026-09-09 03:23:30,152,0
2026-09-09 03:24:30,152,0
2026-09-09 03:25:30,149,0
2026-09-09 03:26:31,152,0
2026-09-09 03:27:30,149,0
2026-09-09 03:28:30,127,0
2026-09-09 03:29:30,199,0
2026-09-09 03:30:30,265,0
2026-09-09 03:31:30,265,0
2026-09-09 03:32:30,256,0
2026-09-09 03:33:31,265,0
2026-09-09 03:34:30,260,0
2026-09-09 03:35:30,265,0
2026-09-09 03:36:30,264,0
2026-09-09 03:37:30,259,0
2026-09-09 03:38:30,263,0
2026-09-09 03:39:31,260,0
2026-09-09 03:40:30,278,0
2026-09-09 03:41:30,277,0
2026-09-09 03:42:30,271,0
2026-09-09 03:43:30,308,0
2026-09-09 03:44:31,353,0
2026-09-09 03:45:30,265,0
2026-09-09 03:46:30,265,0
2026-09-09 03:47:30,168,0
2026-09-09 03:48:30,112,0
2026-09-09 03:49:30,110,0
2026-09-09 03:50:30,130,0
2026-09-09 03:51:31,160,0
2026-09-09 03:52:30,154,0
2026-09-09 03:53:30,158,0
2026-09-09 03:54:30,157,0
2026-09-09 03:55:30,161,0
2026-09-09 03:56:30,167,0
2026-09-09 03:57:31,170,0
2026-09-09 03:58:30,171,0
2026-09-09 03:59:30,172,0
2026-09-09 04:00:30,171,0
2026-09-09 04:01:30,171,0
2026-09-09 04:02:30,168,0
2026-09-09 04:03:31,170,0
2026-09-09 04:04:30,169,0
2026-09-09 04:05:30,169,0
2026-09-09 04:06:30,168,0
2026-09-09 04:07:30,164,0
2026-09-09 04:08:30,164,0
2026-09-09 04:09:31,166,0
2026-09-09 04:10:30,166,0
2026-09-09 04:11:30,165,0
2026-09-09 04:12:30,161,0
2026-09-09 04:13:30,162,0
2026-09-09 04:14:30,164,0
2026-09-09 04:15:30,164,0
2026-09-09 04:16:30,163,0
2026-09-09 04:17:30,160,0
2026-09-09 04:18:30,160,0
2026-09-09 04:19:30,156,0
2026-09-09 04:20:30,160,0
2026-09-09 04:21:30,163,0
2026-09-09 04:22:30,161,0
2026-09-09 04:23:30,165,0
2026-09-09 04:24:30,164,0
2026-09-09 04:25:30,163,0
2026-09-09 04:26:31,163,0
2026-09-09 04:27:30,157,0
2026-09-09 04:28:30,162,0
2026-09-09 04:29:30,161,0
2026-09-09 04:30:30,162,0
2026-09-09 04:31:30,161,0
2026-09-09 04:32:31,158,0
2026-09-09 04:33:30,161,0
2026-09-09 04:34:30,161,0
2026-09-09 04:35:30,160,0
2026-09-09 04:36:30,161,0
2026-09-09 04:37:31,157,0
2026-09-09 04:38:30,160,0
2026-09-09 04:39:30,160,0
2026-09-09 04:40:30,160,0
2026-09-09 04:41:30,160,0
2026-09-09 04:42:30,164,0
2026-09-09 04:43:31,163,0
2026-09-09 04:44:30,160,0
2026-09-09 04:45:30,160,0
2026-09-09 04:46:30,160,0
2026-09-09 04:47:30,154,0
2026-09-09 04:48:30,160,0
2026-09-09 04:49:31,160,0
2026-09-09 04:50:30,159,0
2026-09-09 04:51:30,160,0
2026-09-09 04:52:30,154,0
2026-09-09 04:53:30,158,0
2026-09-09 04:54:30,159,0
2026-09-09 04:55:31,159,0
2026-09-09 04:56:30,159,0
2026-09-09 04:57:30,161,0
2026-09-09 04:58:30,169,0
2026-09-09 04:59:30,161,0
2026-09-09 05:00:30,161,0
2026-09-09 05:01:31,161,0
2026-09-09 05:02:30,155,0
2026-09-09 05:03:30,160,0
2026-09-09 05:04:30,160,0
2026-09-09 05:05:30,159,0
2026-09-09 05:06:30,113,0
2026-09-09 05:07:31,107,0
2026-09-09 05:08:30,109,0
2026-09-09 05:09:30,109,0
2026-09-09 05:10:30,109,0
2026-09-09 05:11:30,109,0
2026-09-09 05:12:31,105,0
2026-09-09 05:13:30,109,0
2026-09-09 05:14:30,109,0
2026-09-09 05:15:30,109,0
2026-09-09 05:16:30,109,0
2026-09-09 05:17:30,105,0
2026-09-09 05:18:31,109,0
2026-09-09 05:19:30,109,0
2026-09-09 05:20:30,109,0
2026-09-09 05:21:30,109,0
2026-09-09 05:22:30,106,0
2026-09-09 05:23:30,109,0
2026-09-09 05:24:31,149,0
2026-09-09 05:25:30,157,0
2026-09-09 05:26:30,160,0
2026-09-09 05:27:30,158,0
2026-09-09 05:28:30,161,0
2026-09-09 05:29:31,160,0
2026-09-09 05:30:30,160,0
2026-09-09 05:31:30,160,0
2026-09-09 05:32:30,158,0
2026-09-09 05:33:30,163,0
2026-09-09 05:34:31,163,0
2026-09-09 05:35:30,163,0
2026-09-09 05:36:30,163,0
2026-09-09 05:37:30,157,0
2026-09-09 05:38:30,163,0
2026-09-09 05:39:30,162,0
2026-09-09 05:40:31,162,0
2026-09-09 05:41:30,161,0
2026-09-09 05:42:30,156,0
2026-09-09 05:43:30,158,0
2026-09-09 05:44:30,157,0
2026-09-09 05:45:30,156,0
2026-09-09 05:46:30,156,0
2026-09-09 05:47:30,149,0
2026-09-09 05:48:30,155,0
2026-09-09 05:49:30,155,0
2026-09-09 05:50:30,154,0
2026-09-09 05:51:31,154,0
2026-09-09 05:52:30,144,0
2026-09-09 05:53:30,112,0
2026-09-09 05:54:30,111,0
2026-09-09 05:55:30,112,0
2026-09-09 05:56:30,111,0
2026-09-09 05:57:31,107,0
2026-09-09 05:58:30,118,0
2026-09-09 05:59:30,110,0
2026-09-09 06:00:30,110,0
2026-09-09 06:01:30,112,0
2026-09-09 06:02:30,107,0
2026-09-09 06:03:31,110,0
2026-09-09 06:04:30,112,0
2026-09-09 06:05:30,111,0
2026-09-09 06:06:30,112,0
2026-09-09 06:07:30,107,0
2026-09-09 06:08:30,111,0
2026-09-09 06:09:30,111,0
2026-09-09 06:10:30,111,0
2026-09-09 06:11:30,111,0
2026-09-09 06:12:30,107,0
2026-09-09 06:13:30,112,0
2026-09-09 06:14:30,159,0
2026-09-09 06:15:30,160,0
2026-09-09 06:16:31,163,0
2026-09-09 06:17:30,157,0
2026-09-09 06:18:30,162,0
2026-09-09 06:19:30,162,0
2026-09-09 06:20:30,161,0
2026-09-09 06:21:31,161,0
2026-09-09 06:22:30,155,0
2026-09-09 06:23:30,161,0
2026-09-09 06:24:30,161,0
2026-09-09 06:25:30,160,0
2026-09-09 06:26:30,160,0
2026-09-09 06:27:30,157,0
2026-09-09 06:28:31,159,0
2026-09-09 06:29:30,160,0
2026-09-09 06:30:30,159,0
2026-09-09 06:31:30,159,0
2026-09-09 06:32:30,154,0
2026-09-09 06:33:31,158,0
2026-09-09 06:34:30,157,0
2026-09-09 06:35:30,154,0
2026-09-09 06:36:30,154,0
2026-09-09 06:37:30,148,0
2026-09-09 06:38:30,154,0
2026-09-09 06:39:31,153,0
2026-09-09 06:40:30,153,0
2026-09-09 06:41:30,152,0
2026-09-09 06:42:30,148,0
2026-09-09 06:43:30,185,0
2026-09-09 06:44:30,236,0
2026-09-09 06:45:30,196,0
2026-09-09 06:46:31,110,0
2026-09-09 06:47:30,106,0
2026-09-09 06:48:30,109,0
2026-09-09 06:49:30,109,0
2026-09-09 06:50:30,135,0
2026-09-09 06:51:30,245,0
2026-09-09 06:52:31,245,0
2026-09-09 06:53:30,253,0
2026-09-09 06:54:30,287,0
2026-09-09 06:55:30,362,0
2026-09-09 06:56:30,684,1
2026-09-09 06:57:30,2216,4
2026-09-09 06:58:31,1972,4
2026-09-09 06:59:30,357,0
2026-09-09 07:00:30,356,0
2026-09-09 07:01:30,359,0
2026-09-09 07:02:30,323,0
2026-09-09 07:03:30,319,0
2026-09-09 07:04:31,337,1
2026-09-09 07:05:30,320,0
2026-09-09 07:06:30,239,1
2026-09-09 07:07:30,231,4
2026-09-09 07:08:30,272,7
2026-09-09 07:09:30,490,11
2026-09-09 07:10:31,1117,19
2026-09-09 07:11:30,851,27
2026-09-09 07:12:30,1678,37
2026-09-09 07:13:30,1393,44
2026-09-09 07:14:30,1351,52
2026-09-09 07:15:30,593,58
2026-09-09 07:16:31,337,68
2026-09-09 07:17:30,259,76
2026-09-09 07:18:30,195,89
2026-09-09 07:19:30,381,100
2026-09-09 07:20:30,203,109
2026-09-09 07:21:30,271,120
2026-09-09 07:22:31,452,125
2026-09-09 07:23:30,332,139
2026-09-09 07:24:30,248,151
2026-09-09 07:25:30,296,166
2026-09-09 07:26:30,493,187
2026-09-09 07:27:30,317,206
2026-09-09 07:28:30,1008,235
2026-09-09 07:29:31,2341,254
2026-09-09 07:30:30,2512,265
2026-09-09 07:31:30,2290,283
2026-09-09 07:32:30,1861,292
2026-09-09 07:33:31,314,321
2026-09-09 07:34:30,344,341
2026-09-09 07:35:30,320,358
2026-09-09 07:36:30,296,376
2026-09-09 07:37:30,241,386
2026-09-09 07:38:30,247,425
2026-09-09 07:39:30,282,441
2026-09-09 07:40:31,281,446
2026-09-09 07:41:30,283,444
2026-09-09 07:42:30,272,436
2026-09-09 07:43:30,260,433
2026-09-09 07:44:30,271,422
2026-09-09 07:45:30,284,408
2026-09-09 07:46:31,289,396
2026-09-09 07:47:30,295,376
2026-09-09 07:48:30,259,353
2026-09-09 07:49:30,263,307
2026-09-09 07:50:30,268,269
2026-09-09 07:51:30,307,260
2026-09-09 07:52:31,318,256
2026-09-09 07:53:30,287,261
2026-09-09 07:54:30,263,263
2026-09-09 07:55:30,263,269
2026-09-09 07:56:30,273,277
2026-09-09 07:57:30,278,273
2026-09-09 07:58:30,286,283
2026-09-09 07:59:30,311,275
2026-09-09 08:00:30,305,258
2026-09-09 08:01:30,310,238
2026-09-09 08:02:30,288,200
2026-09-09 08:03:30,321,213
2026-09-09 08:04:30,323,209
2026-09-09 08:05:31,304,211
2026-09-09 08:06:30,292,223
2026-09-09 08:07:30,283,242
2026-09-09 08:08:30,326,277
2026-09-09 08:09:30,251,316
2026-09-09 08:10:31,284,353
2026-09-09 08:11:30,268,378
2026-09-09 08:12:30,236,377
2026-09-09 08:13:30,260,399
2026-09-09 08:14:30,268,414
2026-09-09 08:15:30,272,436
2026-09-09 08:16:31,306,468
2026-09-09 08:17:30,379,487
2026-09-09 08:18:30,292,538
2026-09-09 08:19:30,240,556
2026-09-09 08:20:30,283,560
2026-09-09 08:21:31,335,550
2026-09-09 08:22:30,342,523
2026-09-09 08:23:30,359,535
2026-09-09 08:24:30,368,532
2026-09-09 08:25:30,360,533
2026-09-09 08:26:30,354,533
2026-09-09 08:27:30,299,522
2026-09-09 08:28:30,279,526
2026-09-09 08:29:30,260,518
2026-09-09 08:30:30,263,509
2026-09-09 08:31:30,275,498
2026-09-09 08:32:30,260,487
2026-09-09 08:33:30,307,496
2026-09-09 08:34:31,328,497
2026-09-09 08:35:30,346,499
2026-09-09 08:36:30,406,505
2026-09-09 08:37:30,361,506
2026-09-09 08:38:30,270,530
2026-09-09 08:39:30,308,551
2026-09-09 08:40:31,332,575
2026-09-09 08:41:30,396,596
2026-09-09 08:42:30,383,601
2026-09-09 08:43:30,401,643
2026-09-09 08:44:30,383,663
2026-09-09 08:45:30,376,683
2026-09-09 08:46:31,1673,705
2026-09-09 08:47:30,272,700
2026-09-09 08:48:30,241,741
2026-09-09 08:49:30,225,752
2026-09-09 08:50:30,220,759
2026-09-09 08:51:30,232,766
2026-09-09 08:52:31,228,754
2026-09-09 08:53:30,267,803
2026-09-09 08:54:30,316,829
2026-09-09 08:55:30,291,855
2026-09-09 08:56:30,194,880
2026-09-09 08:57:30,223,871
2026-09-09 08:58:31,270,913
2026-09-09 08:59:30,385,920
2026-09-09 09:00:30,434,937
2026-09-09 09:01:30,360,959
2026-09-09 09:02:30,310,956
2026-09-09 09:03:31,337,1025
2026-09-09 09:04:30,324,1062
2026-09-09 09:05:30,251,1090
2026-09-09 09:06:30,236,1104
2026-09-09 09:07:31,233,1085
2026-09-09 09:08:30,241,1156
2026-09-09 09:09:30,254,1184
2026-09-09 09:10:30,291,1190
2026-09-09 09:11:30,302,1189
2026-09-09 09:12:31,421,1201
2026-09-09 09:13:30,303,1277
2026-09-09 09:14:30,382,1307
2026-09-09 09:15:30,416,1310
2026-09-09 09:16:30,461,1330
2026-09-09 09:17:30,439,1279
2026-09-09 09:18:31,436,1266
2026-09-09 09:19:30,437,1188
2026-09-09 09:20:30,439,1093
2026-09-09 09:21:30,442,993
2026-09-09 09:22:30,398,885
2026-09-09 09:23:30,363,864
2026-09-09 09:24:31,318,818
2026-09-09 09:25:30,289,787
2026-09-09 09:26:30,328,773
2026-09-09 09:27:30,318,806
2026-09-09 09:28:30,355,787
2026-09-09 09:29:30,404,744
2026-09-09 09:30:31,478,718
2026-09-09 09:31:30,405,698
2026-09-09 09:32:30,338,650
2026-09-09 09:33:30,344,636
2026-09-09 09:34:30,336,581
2026-09-09 09:35:30,320,528
2026-09-09 09:36:31,311,504
2026-09-09 09:37:30,293,505
2026-09-09 09:38:30,302,586
2026-09-09 09:39:30,299,692
2026-09-09 09:40:30,289,866
2026-09-09 09:41:30,214,1227
2026-09-09 09:42:31,535,1916
2026-09-09 09:43:30,1484,1789
2026-09-09 09:44:30,218,1924
2026-09-09 09:45:30,217,2194
2026-09-09 09:46:30,216,2567
2026-09-09 09:47:30,218,2384
2026-09-09 09:48:31,222,2342
2026-09-09 09:49:30,214,2427
2026-09-09 09:50:30,208,2360
2026-09-09 09:51:30,206,2317
2026-09-09 09:52:30,199,2005
2026-09-09 09:53:30,206,1934
2026-09-09 09:54:31,207,1905
2026-09-09 09:55:30,207,1922
2026-09-09 09:56:30,283,2033
2026-09-09 09:57:30,297,2065
2026-09-09 09:58:30,307,1799
2026-09-09 09:59:31,306,1706
2026-09-09 10:00:30,308,1602
2026-09-09 10:01:30,343,1483
2026-09-09 10:02:30,419,1336
2026-09-09 10:03:30,389,1330
2026-09-09 10:04:30,281,1300
2026-09-09 10:05:31,269,1194
2026-09-09 10:06:30,285,1207
2026-09-09 10:07:30,277,1114
2026-09-09 10:08:30,284,1088
2026-09-09 10:09:30,287,1012
2026-09-09 10:10:30,284,939
2026-09-09 10:11:30,286,882
2026-09-09 10:12:30,278,818
2026-09-09 10:13:30,286,830
2026-09-09 10:14:30,288,828
2026-09-09 10:15:30,284,829
2026-09-09 10:16:30,286,835
2026-09-09 10:17:31,283,826
2026-09-09 10:18:30,284,848
2026-09-09 10:19:30,285,865
2026-09-09 10:20:30,285,899
2026-09-09 10:21:30,284,956
2026-09-09 10:22:30,278,1011
2026-09-09 10:23:31,284,1104
2026-09-09 10:24:30,307,1157
2026-09-09 10:25:30,328,1184
2026-09-09 10:26:30,333,1199
2026-09-09 10:27:30,323,1177
2026-09-09 10:28:30,346,1250
2026-09-09 10:29:31,340,1300
2026-09-09 10:30:30,336,1351
2026-09-09 10:31:30,332,1402
2026-09-09 10:32:30,330,1394
2026-09-09 10:33:30,349,1423
2026-09-09 10:34:30,364,1394
2026-09-09 10:35:30,390,1327
2026-09-09 10:36:30,2428,1241
2026-09-09 10:37:31,2362,1096
2026-09-09 10:38:30,2396,1015
2026-09-09 10:39:30,2383,899
2026-09-09 10:40:30,2380,796
2026-09-09 10:41:30,2378,713
2026-09-09 10:42:30,2267,626
2026-09-09 10:43:30,2332,602
2026-09-09 10:44:31,701,571
2026-09-09 10:45:30,382,539
2026-09-09 10:46:30,375,500
2026-09-09 10:47:30,359,447
2026-09-09 10:48:30,368,419
2026-09-09 10:49:30,379,371
2026-09-09 10:50:30,385,325
2026-09-09 10:51:31,521,292
2026-09-09 10:52:30,764,265
2026-09-09 10:53:30,1820,265
2026-09-09 10:54:30,2752,265
2026-09-09 10:55:30,2731,265
2026-09-09 10:56:30,2732,266
2026-09-09 10:57:31,2696,263
2026-09-09 10:58:30,2753,275
2026-09-09 10:59:30,2735,287
2026-09-09 11:00:30,2752,299
2026-09-09 11:01:30,984,301
2026-09-09 11:02:30,800,286
2026-09-09 11:03:31,1907,284
2026-09-09 11:04:30,2789,268
2026-09-09 11:05:30,2777,248
2026-09-09 11:06:30,2214,220
2026-09-09 11:07:30,813,178
2026-09-09 11:08:31,856,154
2026-09-09 11:09:30,2602,142
2026-09-09 11:10:30,2795,137
2026-09-09 11:11:30,2774,137
2026-09-09 11:12:30,2696,131
2026-09-09 11:13:30,2739,125
2026-09-09 11:14:31,2780,103
2026-09-09 11:15:30,1462,77
2026-09-09 11:16:30,889,52
2026-09-09 11:17:30,884,34
2026-09-09 11:18:30,1487,26
2026-09-09 11:19:30,2885,29
2026-09-09 11:20:31,1939,51
2026-09-09 11:21:30,977,113
2026-09-09 11:22:30,873,199
2026-09-09 11:23:30,886,255
2026-09-09 11:24:30,869,300
2026-09-09 11:25:30,874,346
2026-09-09 11:26:31,874,365
2026-09-09 11:27:30,857,332
2026-09-09 11:28:30,931,312
2026-09-09 11:29:30,935,299
2026-09-09 11:30:30,936,305
2026-09-09 11:31:30,946,314
2026-09-09 11:32:31,908,314
2026-09-09 11:33:30,944,344
2026-09-09 11:34:30,944,374
2026-09-09 11:35:30,949,418
2026-09-09 11:36:30,931,460
2026-09-09 11:37:30,935,515
2026-09-09 11:38:30,947,583
2026-09-09 11:39:31,949,647
2026-09-09 11:40:30,949,715
2026-09-09 11:41:30,951,784
2026-09-09 11:42:30,949,842
2026-09-09 11:43:30,956,929
2026-09-09 11:44:30,958,1005
2026-09-09 11:45:31,958,1097
2026-09-09 11:46:30,957,1200
2026-09-09 11:47:30,928,1273
2026-09-09 11:48:30,951,1437
2026-09-09 11:49:30,957,1562
2026-09-09 11:50:30,955,1685
2026-09-09 11:51:31,961,1803
2026-09-09 11:52:30,934,1861
2026-09-09 11:53:30,968,2050
2026-09-09 11:54:30,967,2174
2026-09-09 11:55:30,963,2338
2026-09-09 11:56:30,965,2555
2026-09-09 11:57:31,941,3399
2026-09-09 11:58:30,989,4976
2026-09-09 11:59:30,967,4238
2026-09-09 12:00:30,952,5432
2026-09-09 12:01:30,977,6015
2026-09-09 12:02:30,934,5818
2026-09-09 12:03:31,960,6017
2026-09-09 12:04:30,943,6010
2026-09-09 12:05:30,958,5997
2026-09-09 12:06:30,969,5984
2026-09-09 12:07:30,865,5664
2026-09-09 12:08:30,895,6018
2026-09-09 12:09:31,893,6008
2026-09-09 12:10:30,893,5929
2026-09-09 12:11:30,884,5227
2026-09-09 12:12:30,872,4514
2026-09-09 12:13:30,866,3667
2026-09-09 12:14:30,865,3370
2026-09-09 12:15:31,844,3081
2026-09-09 12:16:30,825,2858
2026-09-09 12:17:30,809,2854
2026-09-09 12:18:30,823,2834
2026-09-09 12:19:30,821,2878
2026-09-09 12:20:30,818,2882
2026-09-09 12:21:31,809,2860
2026-09-09 12:22:30,758,2710
2026-09-09 12:23:30,791,2784
2026-09-09 12:24:30,794,2744
2026-09-09 12:25:30,810,2695
2026-09-09 12:26:30,840,2679
2026-09-09 12:27:30,2365,2668
2026-09-09 12:28:31,907,2848
2026-09-09 12:29:30,847,3046
2026-09-09 12:30:30,836,3367
2026-09-09 12:31:30,822,3418
2026-09-09 12:32:30,824,3766
2026-09-09 12:33:30,838,3872
2026-09-09 12:34:31,838,3879
2026-09-09 12:35:30,833,3701
2026-09-09 12:36:30,1314,3538
2026-09-09 12:37:30,807,3357
2026-09-09 12:38:30,837,3439
2026-09-09 12:39:30,843,3480
2026-09-09 12:40:30,1106,3658
2026-09-09 12:41:31,579,3891
2026-09-09 12:42:30,272,4053
2026-09-09 12:43:30,281,4364
2026-09-09 12:44:30,307,4709
2026-09-09 12:45:30,251,4781
2026-09-09 12:46:30,272,4723
2026-09-09 12:47:31,291,4664
2026-09-09 12:48:30,251,5169
2026-09-09 12:49:30,251,5232
2026-09-09 12:50:30,509,5518
2026-09-09 12:51:30,250,4701
2026-09-09 12:52:30,247,4591
2026-09-09 12:53:30,367,5018
2026-09-09 12:54:31,248,4807
2026-09-09 12:55:30,233,5215
2026-09-09 12:56:30,248,5159
2026-09-09 12:57:30,271,5390
2026-09-09 12:58:30,2410,5793
2026-09-09 12:59:30,2558,5176
2026-09-09 13:00:31,2479,5222
2026-09-09 13:01:30,2480,5810
2026-09-09 13:02:30,1459,4975
2026-09-09 13:03:30,271,5534
2026-09-09 13:04:30,251,5605
2026-09-09 13:05:30,254,5642
2026-09-09 13:06:31,247,5710
2026-09-09 13:07:30,243,5426
2026-09-09 13:08:30,245,6010
2026-09-09 13:09:30,247,6005
2026-09-09 13:10:30,242,6012
2026-09-09 13:11:30,242,6013
2026-09-09 13:12:31,233,5810
2026-09-09 13:13:30,244,6010
2026-09-09 13:14:30,248,6010
2026-09-09 13:15:30,972,6105
2026-09-09 13:16:30,2338,5908
2026-09-09 13:17:30,2302,4903
2026-09-09 13:18:31,2365,3310
2026-09-09 13:19:30,2450,3196
2026-09-09 13:20:30,2420,2684
2026-09-09 13:21:30,1106,2466
2026-09-09 13:22:30,286,2310
2026-09-09 13:23:30,313,2283
2026-09-09 13:24:31,310,2132
2026-09-09 13:25:30,312,2048
2026-09-09 13:26:30,308,2075
2026-09-09 13:27:30,296,1925
2026-09-09 13:28:30,309,1890
2026-09-09 13:29:30,2196,1814
2026-09-09 13:30:30,2385,1847
2026-09-09 13:31:31,2359,1904
2026-09-09 13:32:30,1055,1978
2026-09-09 13:33:30,349,2057
2026-09-09 13:34:30,851,2183
2026-09-09 13:35:30,2412,2326
2026-09-09 13:36:30,2390,3949
2026-09-09 13:37:31,2339,5522
2026-09-09 13:38:30,2390,6008
2026-09-09 13:39:30,2356,6008
2026-09-09 13:40:30,2395,6008
2026-09-09 13:41:30,2167,6010
2026-09-09 13:42:30,314,5309
2026-09-09 13:43:30,357,6013
2026-09-09 13:44:31,1529,6011
2026-09-09 13:45:30,1874,6009
2026-09-09 13:46:30,253,3914
2026-09-09 13:47:30,250,3116
2026-09-09 13:48:30,241,3097
2026-09-09 13:49:30,240,2658
2026-09-09 13:50:31,230,2337
2026-09-09 13:51:30,205,2239
2026-09-09 13:52:30,191,2049
2026-09-09 13:53:30,200,2033
2026-09-09 13:54:30,198,3220
2026-09-09 13:55:30,196,5965
2026-09-09 13:56:30,196,6012
2026-09-09 13:57:31,188,5814
2026-09-09 13:58:30,190,6014
2026-09-09 13:59:30,191,6014
2026-09-09 14:00:30,190,6004
2026-09-09 14:01:30,190,6011
2026-09-09 14:02:30,170,5409
2026-09-09 14:03:30,189,4405
2026-09-09 14:04:30,256,6012
2026-09-09 14:05:30,187,6012
2026-09-09 14:06:30,190,5997
2026-09-09 14:07:30,183,5852
2026-09-09 14:08:30,183,4280
2026-09-09 14:09:30,190,2888
2026-09-09 14:10:31,191,3549
2026-09-09 14:11:30,196,2569
2026-09-09 14:12:30,235,3104
2026-09-09 14:13:30,238,4612
2026-09-09 14:14:30,236,4640
2026-09-09 14:15:30,224,4487
2026-09-09 14:16:30,195,4516
2026-09-09 14:17:31,194,3485
2026-09-09 14:18:30,199,2765
2026-09-09 14:19:30,199,2707
2026-09-09 14:20:30,204,2889
2026-09-09 14:21:30,198,2958
2026-09-09 14:22:30,192,2824
2026-09-09 14:23:31,198,2920
2026-09-09 14:24:30,196,3010
2026-09-09 14:25:30,196,3110
2026-09-09 14:26:30,187,3353
2026-09-09 14:27:30,137,3007
2026-09-09 14:28:30,143,2985
2026-09-09 14:29:31,143,2834
2026-09-09 14:30:30,143,2471
2026-09-09 14:31:30,134,2233
2026-09-09 14:32:30,124,2078
2026-09-09 14:33:30,129,2228
2026-09-09 14:34:30,237,2506
2026-09-09 14:35:30,262,3028
2026-09-09 14:36:30,148,3863
2026-09-09 14:37:30,146,5192
2026-09-09 14:38:31,149,6010
2026-09-09 14:39:30,166,6016
2026-09-09 14:40:30,164,6016
2026-09-09 14:41:30,167,5893
2026-09-09 14:42:30,173,5762
2026-09-09 14:43:30,211,5815
2026-09-09 14:44:30,213,5941
2026-09-09 14:45:31,212,5170
2026-09-09 14:46:30,219,5553
2026-09-09 14:47:30,214,4526
2026-09-09 14:48:30,217,4531
2026-09-09 14:49:30,234,4476
2026-09-09 14:50:30,221,3396
2026-09-09 14:51:30,218,3412
2026-09-09 14:52:30,305,4013
2026-09-09 14:53:31,345,4042
2026-09-09 14:54:30,383,3223
2026-09-09 14:55:30,376,2614
2026-09-09 14:56:30,374,2638
2026-09-09 14:57:30,365,2858
2026-09-09 14:58:30,386,4483
2026-09-09 14:59:30,398,3577
2026-09-09 15:00:30,395,2830
2026-09-09 15:01:31,397,2205
2026-09-09 15:02:30,376,1944
2026-09-09 15:03:30,365,2023
2026-09-09 15:04:30,260,2037
2026-09-09 15:05:30,227,2084
2026-09-09 15:06:30,236,3274
2026-09-09 15:07:30,298,5813
2026-09-09 15:08:31,340,6015
2026-09-09 15:09:30,277,6014
2026-09-09 15:10:30,218,6014
2026-09-09 15:11:30,220,4492
2026-09-09 15:12:30,210,3039
2026-09-09 15:13:30,222,3856
2026-09-09 15:14:30,224,2140
2026-09-09 15:15:31,224,1650
2026-09-09 15:16:30,221,1637
2026-09-09 15:17:30,210,1723
2026-09-09 15:18:30,217,2270
2026-09-09 15:19:30,215,4183
2026-09-09 15:20:30,218,5849
2026-09-09 15:21:31,215,3183
2026-09-09 15:22:30,207,2872
2026-09-09 15:23:30,193,4838
2026-09-09 15:24:30,186,6013
2026-09-09 15:25:30,194,5251
2026-09-09 15:26:30,189,5534
2026-09-09 15:27:31,184,5811
2026-09-09 15:28:30,190,6003
2026-09-09 15:29:30,190,6012
2026-09-09 15:30:30,190,5585
2026-09-09 15:31:30,188,2816
2026-09-09 15:32:30,181,2034
2026-09-09 15:33:31,186,2069
2026-09-09 15:34:30,186,2110
2026-09-09 15:35:30,184,2165
2026-09-09 15:36:30,184,2276
2026-09-09 15:37:30,181,2371
2026-09-09 15:38:30,142,2681
2026-09-09 15:39:30,140,2612
2026-09-09 15:40:31,139,2813
2026-09-09 15:41:30,140,2990
2026-09-09 15:42:30,139,5181
2026-09-09 15:43:30,145,6014
2026-09-09 15:44:30,141,6014
2026-09-09 15:45:30,138,6015
2026-09-09 15:46:30,137,5567
2026-09-09 15:47:30,135,3300
2026-09-09 15:48:30,143,1998
2026-09-09 15:49:30,145,1807
2026-09-09 15:50:30,145,1794
2026-09-09 15:51:30,143,1772
2026-09-09 15:52:30,137,1715
2026-09-09 15:53:31,143,1806
2026-09-09 15:54:30,142,1854
2026-09-09 15:55:30,142,1914
2026-09-09 15:56:30,142,1937
2026-09-09 15:57:30,137,1907
2026-09-09 15:58:30,142,2057
2026-09-09 15:59:30,143,2124
2026-09-09 16:00:31,143,2165
2026-09-09 16:01:30,142,2047
2026-09-09 16:02:30,187,1868
2026-09-09 16:03:30,188,1808
2026-09-09 16:04:30,203,1808
2026-09-09 16:05:30,205,1871
2026-09-09 16:06:31,205,1869
2026-09-09 16:07:30,200,1806
2026-09-09 16:08:30,202,1880
2026-09-09 16:09:30,191,1936
2026-09-09 16:10:30,179,2047
2026-09-09 16:11:30,178,2471
2026-09-09 16:12:31,167,2607
2026-09-09 16:13:30,170,2579
2026-09-09 16:14:30,169,3974
2026-09-09 16:15:30,167,2579
2026-09-09 16:16:30,167,2248
2026-09-09 16:17:30,164,2110
2026-09-09 16:18:31,169,2365
2026-09-09 16:19:30,179,2723
2026-09-09 16:20:30,190,2509
2026-09-09 16:21:30,193,4602
2026-09-09 16:22:30,187,4831
2026-09-09 16:23:30,188,5077
2026-09-09 16:24:31,187,2316
2026-09-09 16:25:30,186,2159
2026-09-09 16:26:30,185,2373
2026-09-09 16:27:30,178,2195
2026-09-09 16:28:30,184,2641
2026-09-09 16:29:30,183,3112
2026-09-09 16:30:30,182,3259
2026-09-09 16:31:31,184,1854
2026-09-09 16:32:30,177,1713
2026-09-09 16:33:30,184,1919
2026-09-09 16:34:30,181,1950
2026-09-09 16:35:30,156,1829
2026-09-09 16:36:30,139,3026
2026-09-09 16:37:31,136,2318
2026-09-09 16:38:30,139,2010
2026-09-09 16:39:30,139,1953
2026-09-09 16:40:30,139,1882
2026-09-09 16:41:30,140,1689
2026-09-09 16:42:30,145,1610
2026-09-09 16:43:30,139,1603
2026-09-09 16:44:31,141,1563
2026-09-09 16:45:30,141,1617
2026-09-09 16:46:30,140,1516
2026-09-09 16:47:30,137,1750
2026-09-09 16:48:30,143,1604
2026-09-09 16:49:30,143,1401
2026-09-09 16:50:30,142,1407
2026-09-09 16:51:31,141,1368
2026-09-09 16:52:30,136,1254
2026-09-09 16:53:30,143,1232
2026-09-09 16:54:30,142,1196
2026-09-09 16:55:30,142,1175
2026-09-09 16:56:31,142,1166
2026-09-09 16:57:30,137,1143
2026-09-09 16:58:30,146,1210
2026-09-09 16:59:30,174,1235
2026-09-09 17:00:30,189,1243
2026-09-09 17:01:30,192,1254
2026-09-09 17:02:30,185,1249
2026-09-09 17:03:30,192,1414
2026-09-09 17:04:31,191,1630
2026-09-09 17:05:30,191,1795
2026-09-09 17:06:30,191,2053
2026-09-09 17:07:30,183,2441
2026-09-09 17:08:30,192,2428
2026-09-09 17:09:31,200,3113
2026-09-09 17:10:30,288,3135
2026-09-09 17:11:30,239,1860
2026-09-09 17:12:30,276,1661
2026-09-09 17:13:30,238,1520
2026-09-09 17:14:30,191,1449
2026-09-09 17:15:30,188,1438
2026-09-09 17:16:31,200,1490
2026-09-09 17:17:30,227,1568
2026-09-09 17:18:30,236,1546
2026-09-09 17:19:30,265,1540
2026-09-09 17:20:30,277,1652
2026-09-09 17:21:31,268,2371
2026-09-09 17:22:30,266,2915
2026-09-09 17:23:30,256,3045
2026-09-09 17:24:30,245,3074
2026-09-09 17:25:30,268,3088
2026-09-09 17:26:30,261,3070
2026-09-09 17:27:30,260,2888
2026-09-09 17:28:31,266,2678
2026-09-09 17:29:30,230,2742
2026-09-09 17:30:30,220,2662
2026-09-09 17:31:30,223,2785
2026-09-09 17:32:30,195,2630
2026-09-09 17:33:30,174,2647
2026-09-09 17:34:30,172,2639
2026-09-09 17:35:30,176,2598
2026-09-09 17:36:31,180,2343
2026-09-09 17:37:30,168,2280
2026-09-09 17:38:30,290,2192
2026-09-09 17:39:30,298,2185
2026-09-09 17:40:30,180,2203
2026-09-09 17:41:30,170,1880
2026-09-09 17:42:30,197,1790
2026-09-09 17:43:30,159,1969
2026-09-09 17:44:31,145,1519
2026-09-09 17:45:30,148,1121
2026-09-09 17:46:30,143,874
2026-09-09 17:47:30,113,791
2026-09-09 17:48:30,143,809
2026-09-09 17:49:30,158,832
2026-09-09 17:50:30,162,878
2026-09-09 17:51:30,162,936
2026-09-09 17:52:30,161,872
2026-09-09 17:53:30,164,854
2026-09-09 17:54:30,163,837
2026-09-09 17:55:30,163,864
2026-09-09 17:56:30,160,875
2026-09-09 17:57:30,154,976
2026-09-09 17:58:31,142,1038
2026-09-09 17:59:30,141,1138
2026-09-09 18:00:30,142,1063
2026-09-09 18:01:30,139,949
2026-09-09 18:02:30,139,973
2026-09-09 18:03:30,140,925
2026-09-09 18:04:30,154,854
2026-09-09 18:05:30,175,764
2026-09-09 18:06:30,245,679
2026-09-09 18:07:30,260,613
2026-09-09 18:08:30,175,592
2026-09-09 18:09:30,142,598
2026-09-09 18:10:30,141,615
2026-09-09 18:11:31,141,631
2026-09-09 18:12:30,136,628
2026-09-09 18:13:30,136,627
2026-09-09 18:14:30,136,613
2026-09-09 18:15:30,134,598
2026-09-09 18:16:30,134,589
2026-09-09 18:17:30,248,584
2026-09-09 18:18:31,251,586
2026-09-09 18:19:30,134,568
2026-09-09 18:20:30,136,524
2026-09-09 18:21:30,145,469
2026-09-09 18:22:30,158,432
2026-09-09 18:23:30,165,421
2026-09-09 18:24:31,163,420
2026-09-09 18:25:30,163,418
2026-09-09 18:26:30,154,418
2026-09-09 18:27:30,175,435
2026-09-09 18:28:30,185,462
2026-09-09 18:29:30,175,482
2026-09-09 18:30:30,269,502
2026-09-09 18:31:30,263,502
2026-09-09 18:32:31,244,497
2026-09-09 18:33:30,142,460
2026-09-09 18:34:30,158,377
2026-09-09 18:35:30,122,292
2026-09-09 18:36:30,119,248
2026-09-09 18:37:30,118,227
2026-09-09 18:38:30,122,228
2026-09-09 18:39:30,122,230
2026-09-09 18:40:31,121,228
2026-09-09 18:41:30,119,216
2026-09-09 18:42:30,119,199
2026-09-09 18:43:30,121,179
2026-09-09 18:44:30,122,163
2026-09-09 18:45:30,121,152
2026-09-09 18:46:30,121,135
2026-09-09 18:47:30,119,116
2026-09-09 18:48:30,121,110
2026-09-09 18:49:30,121,116
2026-09-09 18:50:30,121,123
2026-09-09 18:51:31,119,126
2026-09-09 18:52:30,119,131
2026-09-09 18:53:30,121,127
2026-09-09 18:54:30,104,115
2026-09-09 18:55:30,115,116
2026-09-09 18:56:30,182,130
2026-09-09 18:57:31,140,152
2026-09-09 18:58:30,72,173
2026-09-09 18:59:30,72,182
2026-09-09 19:00:30,72,185
2026-09-09 19:01:30,70,184
2026-09-09 19:02:30,71,178
2026-09-09 19:03:30,72,169
2026-09-09 19:04:30,72,154
2026-09-09 19:05:31,72,143
2026-09-09 19:06:30,71,130
2026-09-09 19:07:30,71,118
2026-09-09 19:08:30,72,110
2026-09-09 19:09:30,86,98
2026-09-09 19:10:30,205,86
2026-09-09 19:11:30,210,75
2026-09-09 19:12:30,91,59
2026-09-09 19:13:30,92,44
2026-09-09 19:14:30,92,32
2026-09-09 19:15:30,93,25
2026-09-09 19:16:30,91,20
2026-09-09 19:17:30,92,19
2026-09-09 19:18:30,92,17
2026-09-09 19:19:30,92,17
2026-09-09 19:20:30,92,16
2026-09-09 19:21:30,89,14
2026-09-09 19:22:30,199,14
2026-09-09 19:23:30,269,14
2026-09-09 19:24:30,173,13
2026-09-09 19:25:31,194,13
2026-09-09 19:26:30,194,10
2026-09-09 19:27:30,190,8
2026-09-09 19:28:30,200,5
2026-09-09 19:29:30,221,2
2026-09-09 19:30:30,219,0
2026-09-09 19:31:30,175,0
2026-09-09 19:32:30,179,0
2026-09-09 19:33:31,179,0
2026-09-09 19:34:30,179,0
2026-09-09 19:35:30,176,2
2026-09-09 19:36:30,175,0
2026-09-09 19:37:30,179,0
2026-09-09 19:38:30,178,0
2026-09-09 19:39:30,212,0
2026-09-09 19:40:31,289,0
2026-09-09 19:41:30,312,0
2026-09-09 19:42:30,290,0
2026-09-09 19:43:30,224,0
2026-09-09 19:44:30,199,0
2026-09-09 19:45:30,184,0
2026-09-09 19:46:30,184,0
2026-09-09 19:47:30,187,0
2026-09-09 19:48:30,186,0
2026-09-09 19:49:30,191,0
2026-09-09 19:50:30,178,0
2026-09-09 19:51:30,176,0
2026-09-09 19:52:30,583,0
2026-09-09 19:53:30,178,0
2026-09-09 19:54:30,197,0
2026-09-09 19:55:30,204,0
2026-09-09 19:56:30,206,0
2026-09-09 19:57:30,219,0
2026-09-09 19:58:30,223,0
2026-09-09 19:59:30,281,0
2026-09-09 20:00:31,771,0
2026-09-09 20:01:30,248,0
2026-09-09 20:02:30,272,0
2026-09-09 20:03:30,265,0
2026-09-09 20:04:30,287,0
2026-09-09 20:05:30,260,0
2026-09-09 20:06:31,1132,0
2026-09-09 20:07:30,2194,0
2026-09-09 20:08:30,2200,0
2026-09-09 20:09:30,1949,0
2026-09-09 20:10:30,1687,0
2026-09-09 20:11:31,1573,0
2026-09-09 20:12:30,535,0
2026-09-09 20:13:30,1204,0
2026-09-09 20:14:30,820,0
2026-09-09 20:15:30,739,0
2026-09-09 20:16:30,1135,0
2026-09-09 20:17:31,394,0
2026-09-09 20:18:30,1258,0
2026-09-09 20:19:30,255,0
2026-09-09 20:20:30,1240,0
2026-09-09 20:21:30,355,0
2026-09-09 20:22:30,375,0
2026-09-09 20:23:30,256,0
2026-09-09 20:24:31,255,0
2026-09-09 20:25:30,255,0
2026-09-09 20:26:30,1354,0
2026-09-09 20:27:30,1310,0
2026-09-09 20:28:30,537,0
2026-09-09 20:29:30,1030,0
2026-09-09 20:30:30,268,0
2026-09-09 20:31:31,256,0
2026-09-09 20:32:30,268,0
2026-09-09 20:33:30,295,0
2026-09-09 20:34:30,303,0
2026-09-09 20:35:30,253,0
2026-09-09 20:36:30,269,0
2026-09-09 20:37:30,272,0
2026-09-09 20:38:31,259,0
2026-09-09 20:39:30,253,0
2026-09-09 20:40:30,253,0
2026-09-09 20:41:30,257,0
2026-09-09 20:42:30,256,0
2026-09-09 20:43:30,252,0
2026-09-09 20:44:30,268,0
2026-09-09 20:45:31,259,0
2026-09-09 20:46:30,315,0
2026-09-09 20:47:30,310,0
2026-09-09 20:48:30,239,0
2026-09-09 20:49:30,274,0
2026-09-09 20:50:30,255,0
2026-09-09 20:51:31,259,0
2026-09-09 20:52:30,257,0
2026-09-09 20:53:30,257,0
2026-09-09 20:54:30,253,0
2026-09-09 20:55:30,252,0
2026-09-09 20:56:30,260,0
2026-09-09 20:57:30,266,0
2026-09-09 20:58:30,280,0
2026-09-09 20:59:30,257,0
2026-09-09 21:00:30,301,0
2026-09-09 21:01:30,313,0
2026-09-09 21:02:31,235,0
2026-09-09 21:03:30,274,0
2026-09-09 21:04:30,277,0
2026-09-09 21:05:30,254,0
2026-09-09 21:06:30,258,0
2026-09-09 21:07:30,257,0
2026-09-09 21:08:31,256,0
2026-09-09 21:09:30,252,0
2026-09-09 21:10:30,250,0
2026-09-09 21:11:30,270,0
2026-09-09 21:12:30,259,0
2026-09-09 21:13:30,291,0
2026-09-09 21:14:30,416,0
2026-09-09 21:15:31,425,0
2026-09-09 21:16:30,319,0
2026-09-09 21:17:30,258,0
2026-09-09 21:18:30,268,0
2026-09-09 21:19:30,294,0
2026-09-09 21:20:30,250,0
2026-09-09 21:21:31,254,0
2026-09-09 21:22:30,254,0
2026-09-09 21:23:30,293,0
2026-09-09 21:24:30,300,0
2026-09-09 21:25:30,300,0
2026-09-09 21:26:30,305,0
2026-09-09 21:27:30,300,0
2026-09-09 21:28:30,296,0
2026-09-09 21:29:30,289,0
2026-09-09 21:30:30,283,0
2026-09-09 21:31:30,277,0
2026-09-09 21:32:31,277,0
2026-09-09 21:33:30,277,0
2026-09-09 21:34:30,272,0
2026-09-09 21:35:30,353,0
2026-09-09 21:36:30,2336,0
2026-09-09 21:37:30,2092,0
2026-09-09 21:38:30,986,0
2026-09-09 21:39:30,706,0
2026-09-09 21:40:30,556,0
2026-09-09 21:41:30,739,0
2026-09-09 21:42:30,745,0
2026-09-09 21:43:30,437,0
2026-09-09 21:44:30,378,0
2026-09-09 21:45:30,763,0
2026-09-09 21:46:30,381,0
2026-09-09 21:47:30,755,0
2026-09-09 21:48:31,380,0
2026-09-09 21:49:30,463,0
2026-09-09 21:50:30,1480,0
2026-09-09 21:51:30,2024,0
2026-09-09 21:52:30,1498,0
2026-09-09 21:53:30,1354,0
2026-09-09 21:54:31,1979,0
2026-09-09 21:55:30,1666,0
2026-09-09 21:56:30,1237,0
2026-09-09 21:57:30,1234,0
2026-09-09 21:58:30,1797,0
2026-09-09 21:59:30,1078,0
2026-09-09 22:00:31,1082,0
2026-09-09 22:01:30,1434,0
2026-09-09 22:02:30,1556,0
2026-09-09 22:03:30,1225,0
2026-09-09 22:04:30,1039,0
2026-09-09 22:05:30,854,0
2026-09-09 22:06:31,1042,0
2026-09-09 22:07:30,1195,0
2026-09-09 22:08:30,1144,0
2026-09-09 22:09:30,840,0
2026-09-09 22:10:30,715,0
2026-09-09 22:11:30,967,0
2026-09-09 22:12:30,1124,0
2026-09-09 22:13:30,311,0
2026-09-09 22:14:30,428,0
2026-09-09 22:15:30,350,0
2026-09-09 22:16:30,360,0
2026-09-09 22:17:31,332,0
2026-09-09 22:18:30,274,0
2026-09-09 22:19:30,269,0
2026-09-09 22:20:30,268,0
2026-09-09 22:21:30,382,0
2026-09-09 22:22:30,396,0
2026-09-09 22:23:30,272,0
2026-09-09 22:24:30,266,0
2026-09-09 22:25:30,266,0
2026-09-09 22:26:30,271,0
2026-09-09 22:27:30,271,0
2026-09-09 22:28:31,271,0
2026-09-09 22:29:30,285,0
2026-09-09 22:30:30,284,0
2026-09-09 22:31:30,290,0
2026-09-09 22:32:30,283,0
2026-09-09 22:33:30,284,0
2026-09-09 22:34:31,280,0
2026-09-09 22:35:30,273,0
2026-09-09 22:36:30,277,0
2026-09-09 22:37:30,291,0
2026-09-09 22:38:30,317,0
2026-09-09 22:39:30,341,0
2026-09-09 22:40:31,335,0
2026-09-09 22:41:30,1234,0
2026-09-09 22:42:30,1762,0
2026-09-09 22:43:30,487,0
2026-09-09 22:44:30,305,0
2026-09-09 22:45:30,319,0
2026-09-09 22:46:31,581,0
2026-09-09 22:47:30,1760,0
2026-09-09 22:48:30,1862,0
2026-09-09 22:49:30,1847,0
2026-09-09 22:50:30,1707,0
2026-09-09 22:51:30,1741,0
2026-09-09 22:52:31,1004,0
2026-09-09 22:53:30,286,0
2026-09-09 22:54:30,253,0
2026-09-09 22:55:30,284,0
2026-09-09 22:56:30,293,0
2026-09-09 22:57:31,277,0
2026-09-09 22:58:30,347,0
2026-09-09 22:59:30,286,0
2026-09-09 23:00:30,217,0
2026-09-09 23:01:30,234,0
2026-09-09 23:02:30,266,0
2026-09-09 23:03:30,235,0
2026-09-09 23:04:30,199,0
2026-09-09 23:05:30,194,0
2026-09-09 23:06:30,197,0
2026-09-09 23:07:30,197,0
2026-09-09 23:08:30,304,0
2026-09-09 23:09:31,194,0
2026-09-09 23:10:30,234,0
2026-09-09 23:11:30,278,0
2026-09-09 23:12:30,197,0
2026-09-09 23:13:30,197,0
2026-09-09 23:14:30,194,0
2026-09-09 23:15:30,193,0
2026-09-09 23:16:30,197,0
2026-09-09 23:17:30,197,0
2026-09-09 23:18:30,196,0
2026-09-09 23:19:30,193,0
2026-09-09 23:20:31,193,0
2026-09-09 23:21:30,196,0
2026-09-09 23:22:30,197,0
2026-09-09 23:23:30,196,0
2026-09-09 23:24:30,194,0
2026-09-09 23:25:30,193,0
2026-09-09 23:26:31,197,0
2026-09-09 23:27:30,196,0
2026-09-09 23:28:30,196,0
2026-09-09 23:29:30,197,0
2026-09-09 23:30:30,193,0
2026-09-09 23:31:30,194,0
2026-09-09 23:32:30,191,0
2026-09-09 23:33:31,188,0
2026-09-09 23:34:30,187,0
2026-09-09 23:35:30,187,0
2026-09-09 23:36:30,190,0
2026-09-09 23:37:30,190,0
2026-09-09 23:38:30,189,0
2026-09-09 23:39:31,189,0
2026-09-09 23:40:30,186,0
2026-09-09 23:41:30,154,0
2026-09-09 23:42:30,147,0
2026-09-09 23:43:30,146,0
2026-09-09 23:44:30,145,0
2026-09-09 23:45:30,144,0
2026-09-09 23:46:30,146,0
2026-09-09 23:47:30,147,0
2026-09-09 23:48:30,163,0
2026-09-09 23:49:30,188,0
2026-09-09 23:50:31,193,0
2026-09-09 23:51:30,199,0
2026-09-09 23:52:30,199,0
2026-09-09 23:53:30,198,0
2026-09-09 23:54:30,195,0
2026-09-09 23:55:30,194,0
2026-09-09 23:56:30,198,0
2026-09-09 23:57:30,197,0
2026-09-09 23:58:30,197,0
2026-09-09 23:59:30,193,0
2026-09-10 00:00:30,193,0
2026-09-10 00:01:31,196,0
2026-09-10 00:02:30,196,0
2026-09-10 00:03:30,201,0
2026-09-10 00:04:30,170,0
2026-09-10 00:05:30,170,0
2026-09-10 00:06:30,174,0
2026-09-10 00:07:31,173,0
2026-09-10 00:08:30,173,0
2026-09-10 00:09:30,170,0
2026-09-10 00:10:30,169,0
2026-09-10 00:11:30,179,0
2026-09-10 00:12:30,173,0
2026-09-10 00:13:30,170,0
2026-09-10 00:14:31,164,0
2026-09-10 00:15:30,163,0
2026-09-10 00:16:30,167,0
2026-09-10 00:17:30,166,0
2026-09-10 00:18:30,165,0
2026-09-10 00:19:30,165,0
2026-09-10 00:20:30,161,0
2026-09-10 00:21:30,163,0
2026-09-10 00:22:30,124,0
2026-09-10 00:23:31,124,0
2026-09-10 00:24:30,123,0
2026-09-10 00:25:30,121,0
2026-09-10 00:26:30,123,0
2026-09-10 00:27:30,123,0
2026-09-10 00:28:30,123,0
2026-09-10 00:29:31,120,0
2026-09-10 00:30:30,121,0
2026-09-10 00:31:30,124,0
2026-09-10 00:32:30,122,0
2026-09-10 00:33:30,124,0
2026-09-10 00:34:30,121,0
2026-09-10 00:35:31,121,0
2026-09-10 00:36:30,123,0
2026-09-10 00:37:30,126,0
2026-09-10 00:38:30,155,0
2026-09-10 00:39:30,174,0
2026-09-10 00:40:30,178,0
2026-09-10 00:41:31,184,0
2026-09-10 00:42:30,182,0
2026-09-10 00:43:30,180,0
2026-09-10 00:44:30,176,0
2026-09-10 00:45:30,176,0
2026-09-10 00:46:30,179,0
2026-09-10 00:47:31,179,0
2026-09-10 00:48:30,179,0
2026-09-10 00:49:30,175,0
2026-09-10 00:50:30,175,0
2026-09-10 00:51:30,178,0
2026-09-10 00:52:30,177,0
2026-09-10 00:53:31,177,0
2026-09-10 00:54:30,173,0
2026-09-10 00:55:30,173,0
2026-09-10 00:56:30,176,0
2026-09-10 00:57:30,175,0
2026-09-10 00:58:31,175,0
2026-09-10 00:59:30,174,0
2026-09-10 01:00:30,172,0
2026-09-10 01:01:30,174,0
2026-09-10 01:02:30,173,0
2026-09-10 01:03:30,168,0
2026-09-10 01:04:31,168,0
2026-09-10 01:05:30,164,0
2026-09-10 01:06:30,163,0
2026-09-10 01:07:30,166,0
2026-09-10 01:08:30,166,0
2026-09-10 01:09:30,164,0
2026-09-10 01:10:31,162,0
2026-09-10 01:11:30,172,0
2026-09-10 01:12:30,164,0
2026-09-10 01:13:30,134,0
2026-09-10 01:14:30,124,0
2026-09-10 01:15:30,119,0
2026-09-10 01:16:30,119,0
2026-09-10 01:17:31,121,0
2026-09-10 01:18:30,119,0
2026-09-10 01:19:30,121,0
2026-09-10 01:20:30,117,0
2026-09-10 01:21:30,120,0
2026-09-10 01:22:30,121,0
2026-09-10 01:23:31,119,0
2026-09-10 01:24:30,121,0
2026-09-10 01:25:30,119,0
2026-09-10 01:26:30,121,0
2026-09-10 01:27:30,121,0
2026-09-10 01:28:30,149,0
2026-09-10 01:29:30,167,0
2026-09-10 01:30:30,169,0
2026-09-10 01:31:30,173,0
2026-09-10 01:32:30,173,0
2026-09-10 01:33:30,172,0
2026-09-10 01:34:30,172,0
2026-09-10 01:35:31,169,0
2026-09-10 01:36:30,172,0
2026-09-10 01:37:30,171,0
2026-09-10 01:38:30,168,0
2026-09-10 01:39:30,171,0
2026-09-10 01:40:31,167,0
2026-09-10 01:41:30,170,0
2026-09-10 01:42:30,170,0
2026-09-10 01:43:30,167,0
2026-09-10 01:44:30,170,0
2026-09-10 01:45:30,167,0
2026-09-10 01:46:31,170,0
2026-09-10 01:47:30,170,0
2026-09-10 01:48:30,165,0
2026-09-10 01:49:30,165,0
2026-09-10 01:50:30,161,0
2026-09-10 01:51:30,163,0
2026-09-10 01:52:31,163,0
2026-09-10 01:53:30,160,0
2026-09-10 01:54:30,162,0
2026-09-10 01:55:30,159,0
2026-09-10 01:56:30,162,0
2026-09-10 01:57:31,161,0
2026-09-10 01:58:30,159,0
2026-09-10 01:59:30,161,0
2026-09-10 02:00:30,122,0
2026-09-10 02:01:30,120,0
2026-09-10 02:02:30,113,0
2026-09-10 02:03:31,118,0
2026-09-10 02:04:30,119,0
2026-09-10 02:05:30,115,0
2026-09-10 02:06:30,119,0
2026-09-10 02:07:30,119,0
2026-09-10 02:08:30,119,0
2026-09-10 02:09:31,119,0
2026-09-10 02:10:30,116,0
2026-09-10 02:11:30,125,0
2026-09-10 02:12:30,118,0
2026-09-10 02:13:30,116,0
2026-09-10 02:14:30,119,0
2026-09-10 02:15:31,116,0
2026-09-10 02:16:30,135,0
2026-09-10 02:17:30,160,0
2026-09-10 02:18:30,167,0
2026-09-10 02:19:30,171,0
2026-09-10 02:20:30,167,0
2026-09-10 02:21:31,170,0
2026-09-10 02:22:30,167,0
2026-09-10 02:23:30,169,0
2026-09-10 02:24:30,170,0
2026-09-10 02:25:30,166,0
2026-09-10 02:26:30,169,0
2026-09-10 02:27:31,166,0
2026-09-10 02:28:30,169,0
2026-09-10 02:29:30,168,0
2026-09-10 02:30:30,166,0
2026-09-10 02:31:30,168,0
2026-09-10 02:32:30,165,0
2026-09-10 02:33:30,168,0
2026-09-10 02:34:31,168,0
2026-09-10 02:35:30,164,0
2026-09-10 02:36:30,167,0
2026-09-10 02:37:30,161,0
2026-09-10 02:38:30,163,0
2026-09-10 02:39:30,161,0
2026-09-10 02:40:31,158,0
2026-09-10 02:41:30,161,0
2026-09-10 02:42:30,161,0
2026-09-10 02:43:30,160,0
2026-09-10 02:44:30,160,0
2026-09-10 02:45:31,157,0
2026-09-10 02:46:30,160,0
2026-09-10 02:47:30,166,0
2026-09-10 02:48:30,138,0
2026-09-10 02:49:30,119,0
2026-09-10 02:50:30,117,0
2026-09-10 02:51:30,119,0
2026-09-10 02:52:30,116,0
2026-09-10 02:53:30,118,0
2026-09-10 02:54:30,118,0
2026-09-10 02:55:30,116,0
2026-09-10 02:56:30,118,0
2026-09-10 02:57:31,115,0
2026-09-10 02:58:30,117,0
2026-09-10 02:59:30,117,0
2026-09-10 03:00:30,115,0
2026-09-10 03:01:30,115,0
2026-09-10 03:02:30,115,0
2026-09-10 03:03:31,118,0
2026-09-10 03:04:30,117,0
2026-09-10 03:05:30,114,0
2026-09-10 03:06:30,139,0
2026-09-10 03:07:30,159,0
2026-09-10 03:08:30,166,0
2026-09-10 03:09:31,168,0
2026-09-10 03:10:30,165,0
2026-09-10 03:11:30,175,0
2026-09-10 03:12:30,164,0
2026-09-10 03:13:30,167,0
2026-09-10 03:14:30,166,0
2026-09-10 03:15:31,163,0
2026-09-10 03:16:30,167,0
2026-09-10 03:17:30,164,0
2026-09-10 03:18:30,167,0
2026-09-10 03:19:30,167,0
2026-09-10 03:20:30,163,0
2026-09-10 03:21:30,166,0
2026-09-10 03:22:31,163,0
2026-09-10 03:23:30,166,0
2026-09-10 03:24:30,166,0
2026-09-10 03:25:30,163,0
2026-09-10 03:26:30,166,0
2026-09-10 03:27:30,163,0
2026-09-10 03:28:31,163,0
2026-09-10 03:29:30,161,0
2026-09-10 03:30:30,157,0
2026-09-10 03:31:30,159,0
2026-09-10 03:32:30,156,0
2026-09-10 03:33:30,158,0
2026-09-10 03:34:30,158,0
2026-09-10 03:35:30,155,0
2026-09-10 03:36:30,157,0
2026-09-10 03:37:30,153,0
2026-09-10 03:38:30,127,0
2026-09-10 03:39:30,114,0
2026-09-10 03:40:30,112,0
2026-09-10 03:41:31,113,0
2026-09-10 03:42:30,112,0
2026-09-10 03:43:30,113,0
2026-09-10 03:44:30,113,0
2026-09-10 03:45:30,112,0
2026-09-10 03:46:30,114,0
2026-09-10 03:47:31,111,0
2026-09-10 03:48:30,113,0
2026-09-10 03:49:30,113,0
2026-09-10 03:50:30,112,0
2026-09-10 03:51:30,113,0
2026-09-10 03:52:30,112,0
2026-09-10 03:53:31,113,0
2026-09-10 03:54:30,112,0
2026-09-10 03:55:30,112,0
2026-09-10 03:56:30,112,0
2026-09-10 03:57:30,110,0
2026-09-10 03:58:30,112,0
2026-09-10 03:59:31,112,0
2026-09-10 04:00:30,110,0
2026-09-10 04:01:30,110,0
2026-09-10 04:02:30,109,0
2026-09-10 04:03:30,115,0
2026-09-10 04:04:30,158,0
2026-09-10 04:05:31,157,0
2026-09-10 04:06:30,163,0
2026-09-10 04:07:30,159,0
2026-09-10 04:08:30,163,0
2026-09-10 04:09:30,163,0
2026-09-10 04:10:30,159,0
2026-09-10 04:11:30,169,0
2026-09-10 04:12:30,158,0
2026-09-10 04:13:30,161,0
2026-09-10 04:14:30,161,0
2026-09-10 04:15:31,158,0
2026-09-10 04:16:30,161,0
2026-09-10 04:17:30,157,0
2026-09-10 04:18:30,175,0
2026-09-10 04:19:30,178,0
2026-09-10 04:20:30,175,0
2026-09-10 04:21:31,177,0
2026-09-10 04:22:30,174,0
2026-09-10 04:23:30,177,0
2026-09-10 04:24:30,177,0
2026-09-10 04:25:30,173,0
2026-09-10 04:26:30,173,0
2026-09-10 04:27:31,169,0
2026-09-10 04:28:30,171,0
2026-09-10 04:29:30,170,0
2026-09-10 04:30:30,167,0
2026-09-10 04:31:30,170,0
2026-09-10 04:32:30,167,0
2026-09-10 04:33:31,170,0
2026-09-10 04:34:30,169,0
2026-09-10 04:35:30,167,0
2026-09-10 04:36:30,169,0
2026-09-10 04:37:30,166,0
2026-09-10 04:38:30,155,0
2026-09-10 04:39:31,125,0
2026-09-10 04:40:30,125,0
2026-09-10 04:41:30,127,0
2026-09-10 04:42:30,127,0
2026-09-10 04:43:30,127,0
2026-09-10 04:44:30,127,0
2026-09-10 04:45:31,125,0
2026-09-10 04:46:30,127,0
2026-09-10 04:47:30,125,0
2026-09-10 04:48:30,127,0
2026-09-10 04:49:30,127,0
2026-09-10 04:50:30,125,0
2026-09-10 04:51:31,127,0
2026-09-10 04:52:30,125,0
2026-09-10 04:53:30,127,0
2026-09-10 04:54:30,127,0
2026-09-10 04:55:30,125,0
2026-09-10 04:56:30,127,0
2026-09-10 04:57:31,125,0
2026-09-10 04:58:30,127,0
2026-09-10 04:59:30,127,0
2026-09-10 05:00:30,125,0
2026-09-10 05:01:30,163,0
2026-09-10 05:02:30,172,0
2026-09-10 05:03:31,178,0
2026-09-10 05:04:30,179,0
2026-09-10 05:05:30,176,0
2026-09-10 05:06:30,179,0
2026-09-10 05:07:30,176,0
2026-09-10 05:08:30,179,0
2026-09-10 05:09:31,179,0
2026-09-10 05:10:30,175,0
2026-09-10 05:11:30,185,0
2026-09-10 05:12:30,177,0
2026-09-10 05:13:30,178,0
2026-09-10 05:14:30,177,0
2026-09-10 05:15:30,174,0
2026-09-10 05:16:31,177,0
2026-09-10 05:17:30,174,0
2026-09-10 05:18:30,176,0
2026-09-10 05:19:30,177,0
2026-09-10 05:20:30,173,0
2026-09-10 05:21:30,175,0
2026-09-10 05:22:31,169,0
2026-09-10 05:23:30,171,0
2026-09-10 05:24:30,170,0
2026-09-10 05:25:30,167,0
2026-09-10 05:26:30,170,0
2026-09-10 05:27:30,172,0
2026-09-10 05:28:30,171,0
2026-09-10 05:29:31,170,0
2026-09-10 05:30:30,167,0
2026-09-10 05:31:30,170,0
2026-09-10 05:32:30,167,0
2026-09-10 05:33:30,130,0
2026-09-10 05:34:30,128,0
2026-09-10 05:35:31,127,0
2026-09-10 05:36:30,129,0
2026-09-10 05:37:30,126,0
2026-09-10 05:38:30,128,0
2026-09-10 05:39:30,128,0
2026-09-10 05:40:30,127,0
2026-09-10 05:41:31,128,0
2026-09-10 05:42:30,127,0
2026-09-10 05:43:30,128,0
2026-09-10 05:44:30,128,0
2026-09-10 05:45:30,126,0
2026-09-10 05:46:31,128,0
2026-09-10 05:47:30,126,0
2026-09-10 05:48:30,128,0
2026-09-10 05:49:30,129,0
2026-09-10 05:50:30,126,0
2026-09-10 05:51:30,128,0
2026-09-10 05:52:30,128,0
2026-09-10 05:53:31,128,0
2026-09-10 05:54:30,129,0
2026-09-10 05:55:30,126,0
2026-09-10 05:56:30,128,0
2026-09-10 05:57:30,169,0
2026-09-10 05:58:30,176,0
2026-09-10 05:59:31,179,0
2026-09-10 06:00:30,178,0
2026-09-10 06:01:30,181,0
2026-09-10 06:02:30,177,0
2026-09-10 06:03:30,179,0
2026-09-10 06:04:30,179,0
2026-09-10 06:05:31,175,0
2026-09-10 06:06:30,178,0
2026-09-10 06:07:30,175,0
2026-09-10 06:08:30,178,0
2026-09-10 06:09:30,178,0
2026-09-10 06:10:30,182,0
2026-09-10 06:11:31,178,0
2026-09-10 06:12:30,175,0
2026-09-10 06:13:30,175,0
2026-09-10 06:14:30,177,0
2026-09-10 06:15:30,174,0
2026-09-10 06:16:31,173,0
2026-09-10 06:17:30,169,0
2026-09-10 06:18:30,171,0
2026-09-10 06:19:30,172,0
2026-09-10 06:20:30,167,0
2026-09-10 06:21:30,171,0
2026-09-10 06:22:30,167,0
2026-09-10 06:23:31,170,0
2026-09-10 06:24:30,170,0
2026-09-10 06:25:30,256,0
2026-09-10 06:26:30,271,0
2026-09-10 06:27:30,207,0
2026-09-10 06:28:30,164,0
2026-09-10 06:29:30,128,0
2026-09-10 06:30:30,125,0
2026-09-10 06:31:30,127,0
2026-09-10 06:32:31,125,0
2026-09-10 06:33:30,130,0
2026-09-10 06:34:30,127,0
2026-09-10 06:35:30,125,0
2026-09-10 06:36:30,127,0
2026-09-10 06:37:30,125,0
2026-09-10 06:38:30,127,0
2026-09-10 06:39:31,127,0
2026-09-10 06:40:30,125,0
2026-09-10 06:41:30,128,0
2026-09-10 06:42:30,214,0
2026-09-10 06:43:30,160,0
2026-09-10 06:44:30,159,0
2026-09-10 06:45:31,175,0
2026-09-10 06:46:30,191,0
2026-09-10 06:47:30,784,0
2026-09-10 06:48:30,802,0
2026-09-10 06:49:30,819,0
2026-09-10 06:50:30,264,0
2026-09-10 06:51:30,199,0
2026-09-10 06:52:31,383,0
2026-09-10 06:53:30,246,0
2026-09-10 06:54:30,251,0
2026-09-10 06:55:30,254,0
2026-09-10 06:56:30,426,0
2026-09-10 06:57:30,251,0
2026-09-10 06:58:31,240,0
2026-09-10 06:59:30,397,0
2026-09-10 07:00:30,254,0
2026-09-10 07:01:30,235,0
2026-09-10 07:02:30,233,0
2026-09-10 07:03:31,233,0
2026-09-10 07:04:30,233,0
2026-09-10 07:05:30,224,0
2026-09-10 07:06:30,232,1
2026-09-10 07:07:30,233,0
2026-09-10 07:08:30,216,2
2026-09-10 07:09:30,210,4
2026-09-10 07:10:31,209,4
2026-09-10 07:11:30,197,8
2026-09-10 07:12:30,195,12
2026-09-10 07:13:30,199,16
2026-09-10 07:14:30,244,19
2026-09-10 07:15:30,291,22
2026-09-10 07:16:31,249,25
2026-09-10 07:17:30,182,28
2026-09-10 07:18:30,181,32
2026-09-10 07:19:30,184,35
2026-09-10 07:20:30,299,39
2026-09-10 07:21:31,323,43
2026-09-10 07:22:30,2354,50
2026-09-10 07:23:30,2201,55
2026-09-10 07:24:30,863,61
2026-09-10 07:25:30,218,67
2026-09-10 07:26:30,253,80
2026-09-10 07:27:31,241,94
2026-09-10 07:28:30,167,109
2026-09-10 07:29:30,185,124
2026-09-10 07:30:30,169,136
2026-09-10 07:31:30,182,155
2026-09-10 07:32:30,179,157
2026-09-10 07:33:31,172,161
2026-09-10 07:34:30,196,168
2026-09-10 07:35:30,155,170
2026-09-10 07:36:30,177,179
2026-09-10 07:37:30,161,181
2026-09-10 07:38:30,175,184
2026-09-10 07:39:30,149,185
2026-09-10 07:40:31,175,181
2026-09-10 07:41:30,211,182
2026-09-10 07:42:30,205,178
2026-09-10 07:43:30,139,176
2026-09-10 07:44:30,168,171
2026-09-10 07:45:30,990,166
2026-09-10 07:46:31,2125,170
2026-09-10 07:47:30,761,174
2026-09-10 07:48:30,183,182
2026-09-10 07:49:30,158,193
2026-09-10 07:50:30,336,197
2026-09-10 07:51:30,361,218
2026-09-10 07:52:31,130,239
2026-09-10 07:53:30,193,272
2026-09-10 07:54:30,197,311
2026-09-10 07:55:30,188,335
2026-09-10 07:56:30,191,376
2026-09-10 07:57:31,206,398
2026-09-10 07:58:30,195,419
2026-09-10 07:59:30,185,442
2026-09-10 08:00:30,191,450
2026-09-10 08:01:30,202,486
2026-09-10 08:02:30,196,472
2026-09-10 08:03:30,227,529
2026-09-10 08:04:30,239,548
2026-09-10 08:05:30,346,524
2026-09-10 08:06:30,268,579
2026-09-10 08:07:31,175,583
2026-09-10 08:08:30,172,598
2026-09-10 08:09:30,198,618
2026-09-10 08:10:30,290,614
2026-09-10 08:11:30,277,658
2026-09-10 08:12:30,187,681
2026-09-10 08:13:31,194,718
2026-09-10 08:14:30,254,668
2026-09-10 08:15:30,253,647
2026-09-10 08:16:30,265,645
2026-09-10 08:17:30,264,632
2026-09-10 08:18:30,1954,623
2026-09-10 08:19:30,2200,632
2026-09-10 08:20:30,2156,689
2026-09-10 08:21:30,2195,682
2026-09-10 08:22:30,2161,722
2026-09-10 08:23:30,2159,806
2026-09-10 08:24:30,2200,1301
2026-09-10 08:25:30,2137,1486
2026-09-10 08:26:30,2222,1278
2026-09-10 08:27:30,2191,923
2026-09-10 08:28:30,2173,891
2026-09-10 08:29:30,2168,812
2026-09-10 08:30:31,2121,798
2026-09-10 08:31:30,2160,791
2026-09-10 08:32:30,2154,850
2026-09-10 08:33:30,2158,1205
2026-09-10 08:34:30,2140,901
2026-09-10 08:35:31,1685,1732
2026-09-10 08:36:30,204,2252
2026-09-10 08:37:30,216,2267
2026-09-10 08:38:30,217,2350
2026-09-10 08:39:30,212,2287
2026-09-10 08:40:30,191,2007
2026-09-10 08:41:30,193,2019
2026-09-10 08:42:30,232,2131
2026-09-10 08:43:30,232,2716
2026-09-10 08:44:30,226,2737
2026-09-10 08:45:30,203,2484
2026-09-10 08:46:30,196,2714
2026-09-10 08:47:30,209,2729
2026-09-10 08:48:31,220,2726
2026-09-10 08:49:30,228,2719
2026-09-10 08:50:30,224,2614
2026-09-10 08:51:30,197,2684
2026-09-10 08:52:30,197,2676
2026-09-10 08:53:30,207,2666
2026-09-10 08:54:30,233,2685
2026-09-10 08:55:31,227,2615
2026-09-10 08:56:30,250,2734
2026-09-10 08:57:30,246,2766
2026-09-10 08:58:30,252,2806
2026-09-10 08:59:30,265,2840
2026-09-10 09:00:30,266,2775
2026-09-10 09:01:30,282,2896
2026-09-10 09:02:31,271,2927
2026-09-10 09:03:30,254,2951
2026-09-10 09:04:30,233,2996
2026-09-10 09:05:30,257,2983
2026-09-10 09:06:30,268,3068
2026-09-10 09:07:31,271,3102
2026-09-10 09:08:30,251,3137
2026-09-10 09:09:30,227,3167
2026-09-10 09:10:30,217,3097
2026-09-10 09:11:30,271,3252
2026-09-10 09:12:30,262,3296
2026-09-10 09:13:30,258,3322
2026-09-10 09:14:31,248,3389
2026-09-10 09:15:30,218,3361
2026-09-10 09:16:30,264,3537
2026-09-10 09:17:30,309,3586
2026-09-10 09:18:30,335,3630
2026-09-10 09:19:31,253,3680
2026-09-10 09:20:30,292,3622
2026-09-10 09:21:30,274,3823
2026-09-10 09:22:30,284,3334
2026-09-10 09:23:30,287,1462
2026-09-10 09:24:31,288,1007
2026-09-10 09:25:30,280,1109
2026-09-10 09:26:30,278,1059
2026-09-10 09:27:30,261,1118
2026-09-10 09:28:30,233,1212
2026-09-10 09:29:30,235,1294
2026-09-10 09:30:30,222,1374
2026-09-10 09:31:31,233,1326
2026-09-10 09:32:30,258,1391
2026-09-10 09:33:30,328,2042
2026-09-10 09:34:30,240,1686
2026-09-10 09:35:30,189,1862
2026-09-10 09:36:30,231,1938
2026-09-10 09:37:30,301,2120
2026-09-10 09:38:31,314,2218
2026-09-10 09:39:30,317,2361
2026-09-10 09:40:30,266,2417
2026-09-10 09:41:30,221,2654
2026-09-10 09:42:30,233,2787
2026-09-10 09:43:30,203,3009
2026-09-10 09:44:30,216,3077
2026-09-10 09:45:31,212,3204
2026-09-10 09:46:30,238,3101
2026-09-10 09:47:30,237,2590
2026-09-10 09:48:30,242,2354
2026-09-10 09:49:30,227,2090
2026-09-10 09:50:30,235,2025
2026-09-10 09:51:31,242,1962
2026-09-10 09:52:30,234,1947
2026-09-10 09:53:30,251,2024
2026-09-10 09:54:30,306,2468
2026-09-10 09:55:30,328,3713
2026-09-10 09:56:30,415,4075
2026-09-10 09:57:30,269,3149
2026-09-10 09:58:31,270,2608
2026-09-10 09:59:30,307,2370
2026-09-10 10:00:30,365,2383
2026-09-10 10:01:30,387,2363
2026-09-10 10:02:30,389,2389
2026-09-10 10:03:30,356,2381
2026-09-10 10:04:30,272,2304
2026-09-10 10:05:30,272,2353
2026-09-10 10:06:31,285,2286
2026-09-10 10:07:30,338,2409
2026-09-10 10:08:30,380,2488
2026-09-10 10:09:30,406,2563
2026-09-10 10:10:30,298,2647
2026-09-10 10:11:30,2216,2755
2026-09-10 10:12:30,2470,3001
2026-09-10 10:13:31,2501,3569
2026-09-10 10:14:30,2405,3098
2026-09-10 10:15:30,2483,2900
2026-09-10 10:16:30,2425,2751
2026-09-10 10:17:30,2351,2669
2026-09-10 10:18:30,1636,2593
2026-09-10 10:19:30,321,2414
2026-09-10 10:20:31,314,2416
2026-09-10 10:21:30,323,2361
2026-09-10 10:22:30,323,2350
2026-09-10 10:23:30,345,2359
2026-09-10 10:24:30,313,2286
2026-09-10 10:25:30,327,2383
2026-09-10 10:26:30,344,2404
2026-09-10 10:27:31,450,2443
2026-09-10 10:28:30,1196,2515
2026-09-10 10:29:30,2224,2561
2026-09-10 10:30:30,2273,2843
2026-09-10 10:31:30,2258,2908
2026-09-10 10:32:30,2242,2819
2026-09-10 10:33:30,2237,2790
2026-09-10 10:34:31,2143,2758
2026-09-10 10:35:30,1811,2704
2026-09-10 10:36:30,490,2604
2026-09-10 10:37:30,689,2531
2026-09-10 10:38:30,2427,2488
2026-09-10 10:39:30,2590,2407
2026-09-10 10:40:31,2663,2532
2026-09-10 10:41:30,1454,2607
2026-09-10 10:42:30,706,2704
2026-09-10 10:43:30,1113,2785
2026-09-10 10:44:30,2690,2795
2026-09-10 10:45:30,2683,2895
2026-09-10 10:46:30,2675,2951
2026-09-10 10:47:31,2670,3038
2026-09-10 10:48:30,2672,3093
2026-09-10 10:49:30,2652,2819
2026-09-10 10:50:30,1865,2857
2026-09-10 10:51:30,805,3176
2026-09-10 10:52:30,829,3656
2026-09-10 10:53:30,1840,3619
2026-09-10 10:54:31,2680,3277
2026-09-10 10:55:30,1141,4880
2026-09-10 10:56:30,830,6008
2026-09-10 10:57:30,826,6011
2026-09-10 10:58:30,826,6011
2026-09-10 10:59:30,801,5812
2026-09-10 11:00:31,885,6008
2026-09-10 11:01:30,898,6016
2026-09-10 11:02:30,849,5577
2026-09-10 11:03:30,844,4430
2026-09-10 11:04:30,817,4147
2026-09-10 11:05:30,845,4490
2026-09-10 11:06:30,845,4326
2026-09-10 11:07:31,845,4137
2026-09-10 11:08:30,843,3437
2026-09-10 11:09:30,815,3349
2026-09-10 11:10:30,841,3589
2026-09-10 11:11:30,854,3384
2026-09-10 11:12:30,842,3240
2026-09-10 11:13:30,846,3281
2026-09-10 11:14:30,818,3210
2026-09-10 11:15:30,850,3356
2026-09-10 11:16:30,883,3481
2026-09-10 11:17:30,878,3352
2026-09-10 11:18:30,857,3224
2026-09-10 11:19:30,829,3228
2026-09-10 11:20:30,850,3446
2026-09-10 11:21:30,850,3604
2026-09-10 11:22:30,851,4004
2026-09-10 11:23:30,857,4430
2026-09-10 11:24:31,830,4572
2026-09-10 11:25:30,863,4646
2026-09-10 11:26:30,863,5139
2026-09-10 11:27:30,874,6007
2026-09-10 11:28:30,872,6011
2026-09-10 11:29:30,862,5909
2026-09-10 11:30:30,875,6011
2026-09-10 11:31:30,878,5980
2026-09-10 11:32:30,872,5627
2026-09-10 11:33:31,870,5551
2026-09-10 11:34:30,809,5507
2026-09-10 11:35:30,841,5963
2026-09-10 11:36:30,853,5780
2026-09-10 11:37:30,846,5959
2026-09-10 11:38:30,836,4727
2026-09-10 11:39:30,799,3544
2026-09-10 11:40:30,835,4922
2026-09-10 11:41:30,842,5735
2026-09-10 11:42:31,835,4750
2026-09-10 11:43:30,843,5846
2026-09-10 11:44:30,806,5195
2026-09-10 11:45:30,823,3920
2026-09-10 11:46:30,831,5071
2026-09-10 11:47:30,841,5680
2026-09-10 11:48:30,846,6008
2026-09-10 11:49:30,815,5807
2026-09-10 11:50:30,839,6008
2026-09-10 11:51:30,838,6010
2026-09-10 11:52:30,880,6008
2026-09-10 11:53:30,881,5397
2026-09-10 11:54:30,863,4119
2026-09-10 11:55:31,878,4661
2026-09-10 11:56:30,878,4913
2026-09-10 11:57:30,879,4117
2026-09-10 11:58:30,880,4309
2026-09-10 11:59:30,844,2834
2026-09-10 12:00:30,868,2538
2026-09-10 12:01:30,883,5113
2026-09-10 12:02:30,882,6003
2026-09-10 12:03:31,878,6004
2026-09-10 12:04:30,847,5689
2026-09-10 12:05:30,873,4791
2026-09-10 12:06:30,884,5410
2026-09-10 12:07:30,877,4287
2026-09-10 12:08:30,862,2559
2026-09-10 12:09:30,847,5068
2026-09-10 12:10:30,866,4668
2026-09-10 12:11:31,866,4302
2026-09-10 12:12:30,863,5003
2026-09-10 12:13:30,895,5782
2026-09-10 12:14:30,946,2709
2026-09-10 12:15:30,984,4537
2026-09-10 12:16:30,845,2538
2026-09-10 12:17:30,857,2755
2026-09-10 12:18:30,856,3409
2026-09-10 12:19:30,823,2897
2026-09-10 12:20:31,846,3730
2026-09-10 12:21:30,855,4318
2026-09-10 12:22:30,838,3907
2026-09-10 12:23:30,934,3817
2026-09-10 12:24:30,884,3295
2026-09-10 12:25:30,795,3292
2026-09-10 12:26:30,794,3344
2026-09-10 12:27:30,800,3887
2026-09-10 12:28:31,789,2945
2026-09-10 12:29:30,760,3172
2026-09-10 12:30:30,2932,2961
2026-09-10 12:31:30,3232,2980
2026-09-10 12:32:30,3236,3379
2026-09-10 12:33:30,3161,4039
2026-09-10 12:34:31,3076,4790
2026-09-10 12:35:30,2845,5934
2026-09-10 12:36:30,2597,4739
2026-09-10 12:37:30,2613,4414
2026-09-10 12:38:30,2614,4223
2026-09-10 12:39:30,2518,3838
2026-09-10 12:40:30,1511,3709
2026-09-10 12:41:31,1052,3502
2026-09-10 12:42:30,2571,3396
2026-09-10 12:43:30,477,3385
2026-09-10 12:44:30,1748,3358
2026-09-10 12:45:30,244,3577
2026-09-10 12:46:30,235,3685
2026-09-10 12:47:30,234,4257
2026-09-10 12:48:30,233,5485
2026-09-10 12:49:30,226,5191
2026-09-10 12:50:30,233,4582
2026-09-10 12:51:30,233,5266
2026-09-10 12:52:30,232,6006
2026-09-10 12:53:30,232,5895
2026-09-10 12:54:31,228,5776
2026-09-10 12:55:30,232,6005
2026-09-10 12:56:30,231,6008
2026-09-10 12:57:30,232,6007
2026-09-10 12:58:30,230,5906
2026-09-10 12:59:30,227,5908
2026-09-10 13:00:30,232,6007
2026-09-10 13:01:30,707,6008
2026-09-10 13:02:30,232,6010
2026-09-10 13:03:30,227,5902
2026-09-10 13:04:30,234,4570
2026-09-10 13:05:31,274,3305
2026-09-10 13:06:30,232,3388
2026-09-10 13:07:30,290,4594
2026-09-10 13:08:30,251,5909
2026-09-10 13:09:30,235,5910
2026-09-10 13:10:30,245,6011
2026-09-10 13:11:31,250,6010
2026-09-10 13:12:30,243,6010
2026-09-10 13:13:30,233,5911
2026-09-10 13:14:30,251,5909
2026-09-10 13:15:30,232,6011
2026-09-10 13:16:30,247,5415
2026-09-10 13:17:31,242,3709
2026-09-10 13:18:30,246,3476
2026-09-10 13:19:30,262,3663
2026-09-10 13:20:30,243,3283
2026-09-10 13:21:30,271,3686
2026-09-10 13:22:30,277,3505
2026-09-10 13:23:30,794,3089
2026-09-10 13:24:31,2397,3094
2026-09-10 13:25:30,2426,3229
2026-09-10 13:26:30,2380,3293
2026-09-10 13:27:30,2378,3369
2026-09-10 13:28:30,2366,3611
2026-09-10 13:29:30,2383,4382
2026-09-10 13:30:31,766,5141
2026-09-10 13:31:30,285,6010
2026-09-10 13:32:30,269,4037
2026-09-10 13:33:30,294,4310
2026-09-10 13:34:30,260,5340
2026-09-10 13:35:30,295,4547
2026-09-10 13:36:31,266,3827
2026-09-10 13:37:30,298,5932
2026-09-10 13:38:30,262,5911
2026-09-10 13:39:30,259,5911
2026-09-10 13:40:30,286,6008
2026-09-10 13:41:30,1994,5985
2026-09-10 13:42:30,2412,4918
2026-09-10 13:43:31,2362,5876
2026-09-10 13:44:30,2368,5905
2026-09-10 13:45:30,2403,5938
2026-09-10 13:46:30,2422,5914
2026-09-10 13:47:30,2133,5897
2026-09-10 13:48:30,296,5031
2026-09-10 13:49:30,282,5317
2026-09-10 13:50:31,1944,5774
2026-09-10 13:51:30,2394,4708
2026-09-10 13:52:30,2375,4163
2026-09-10 13:53:30,1257,3937
2026-09-10 13:54:30,292,3915
2026-09-10 13:55:30,465,3845
2026-09-10 13:56:30,2390,3775
2026-09-10 13:57:30,2350,3722
2026-09-10 13:58:30,2223,3517
2026-09-10 13:59:30,2293,3570
2026-09-10 14:00:30,2285,3611
2026-09-10 14:01:30,1090,3473
2026-09-10 14:02:30,308,3245
2026-09-10 14:03:31,305,3470
2026-09-10 14:04:30,313,3159
2026-09-10 14:05:30,1110,2998
2026-09-10 14:06:30,2279,2936
2026-09-10 14:07:30,1192,2893
2026-09-10 14:08:30,280,2695
2026-09-10 14:09:30,263,2760
2026-09-10 14:10:31,282,2775
2026-09-10 14:11:30,271,2837
2026-09-10 14:12:30,332,2960
2026-09-10 14:13:30,394,3101
2026-09-10 14:14:30,421,3602
2026-09-10 14:15:30,287,3622
2026-09-10 14:16:31,289,3788
2026-09-10 14:17:30,261,3935
2026-09-10 14:18:30,281,4187
2026-09-10 14:19:30,263,4296
2026-09-10 14:20:30,283,4208
2026-09-10 14:21:31,263,4244
2026-09-10 14:22:30,275,4578
2026-09-10 14:23:30,278,5912
2026-09-10 14:24:30,269,5809
2026-09-10 14:25:30,278,4525
2026-09-10 14:26:30,268,4450
2026-09-10 14:27:30,208,4152
2026-09-10 14:28:31,224,3890
2026-09-10 14:29:30,209,4149
2026-09-10 14:30:30,230,3804
2026-09-10 14:31:30,237,3683
2026-09-10 14:32:30,254,3551
2026-09-10 14:33:30,250,3463
2026-09-10 14:34:31,260,3641
2026-09-10 14:35:30,260,3372
2026-09-10 14:36:30,259,3343
2026-09-10 14:37:30,259,4063
2026-09-10 14:38:30,254,3417
2026-09-10 14:39:30,259,3337
2026-09-10 14:40:31,258,3200
2026-09-10 14:41:30,259,3120
2026-09-10 14:42:30,258,3028
2026-09-10 14:43:30,250,2822
2026-09-10 14:44:30,259,2815
2026-09-10 14:45:30,347,2737
2026-09-10 14:46:31,290,2734
2026-09-10 14:47:30,284,3463
2026-09-10 14:48:30,859,3543
2026-09-10 14:49:30,1741,2671
2026-09-10 14:50:30,304,2679
2026-09-10 14:51:31,282,2706
2026-09-10 14:52:30,271,2662
2026-09-10 14:53:30,280,2462
2026-09-10 14:54:30,286,2429
2026-09-10 14:55:30,428,2339
2026-09-10 14:56:30,314,2252
2026-09-10 14:57:31,298,2289
2026-09-10 14:58:30,278,4115
2026-09-10 14:59:30,283,6010
2026-09-10 15:00:30,687,6009
2026-09-10 15:01:30,286,6009
2026-09-10 15:02:30,285,6011
2026-09-10 15:03:30,272,2414
2026-09-10 15:04:31,288,1393
2026-09-10 15:05:30,337,1553
2026-09-10 15:06:30,336,1485
2026-09-10 15:07:30,256,5590
2026-09-10 15:08:30,247,5813
2026-09-10 15:09:30,251,6016
2026-09-10 15:10:30,237,6015
2026-09-10 15:11:30,209,6016
2026-09-10 15:12:30,208,6014
2026-09-10 15:13:30,201,5813
2026-09-10 15:14:30,206,6013
2026-09-10 15:15:30,206,6014
2026-09-10 15:16:31,206,6012
2026-09-10 15:17:30,206,6009
2026-09-10 15:18:30,199,5811
2026-09-10 15:19:30,207,6012
2026-09-10 15:20:30,207,6013
2026-09-10 15:21:30,206,6011
2026-09-10 15:22:31,205,6008
2026-09-10 15:23:30,197,5809
2026-09-10 15:24:30,210,6008
2026-09-10 15:25:30,200,6007
2026-09-10 15:26:30,199,6007
2026-09-10 15:27:30,200,6009
2026-09-10 15:28:31,191,5810
2026-09-10 15:29:30,200,6010
2026-09-10 15:30:30,199,6006
2026-09-10 15:31:30,200,6008
2026-09-10 15:32:30,199,6007
2026-09-10 15:33:30,189,5804
2026-09-10 15:34:31,195,6008
2026-09-10 15:35:30,193,6002
2026-09-10 15:36:30,194,6004
2026-09-10 15:37:30,190,5990
2026-09-10 15:38:30,193,5908
2026-09-10 15:39:30,203,6005
2026-09-10 15:40:31,203,5986
2026-09-10 15:41:30,202,3713
2026-09-10 15:42:30,245,6011
2026-09-10 15:43:30,240,5792
2026-09-10 15:44:30,199,5938
2026-09-10 15:45:30,191,5921
2026-09-10 15:46:31,235,5971
2026-09-10 15:47:30,188,5977
2026-09-10 15:48:30,182,5794
2026-09-10 15:49:30,188,5996
2026-09-10 15:50:30,193,5989
2026-09-10 15:51:30,197,5953
2026-09-10 15:52:30,223,5903
2026-09-10 15:53:31,263,5640
2026-09-10 15:54:30,272,5778
2026-09-10 15:55:30,331,5731
2026-09-10 15:56:30,379,5725
2026-09-10 15:57:30,388,5717
2026-09-10 15:58:30,392,5561
2026-09-10 15:59:30,401,5760
2026-09-10 16:00:31,398,5732
2026-09-10 16:01:30,1946,5747
2026-09-10 16:02:30,2533,5772
2026-09-10 16:03:30,2483,5551
2026-09-10 16:04:30,2534,5906
2026-09-10 16:05:30,2514,5971
2026-09-10 16:06:30,1432,6004
2026-09-10 16:07:31,404,6007
2026-09-10 16:08:30,367,5806
2026-09-10 16:09:30,396,6006
2026-09-10 16:10:30,421,6007
2026-09-10 16:11:30,386,6007
2026-09-10 16:12:30,382,5960
2026-09-10 16:13:31,318,5820
2026-09-10 16:14:30,311,6007
2026-09-10 16:15:30,425,6006
2026-09-10 16:16:30,442,5765
2026-09-10 16:17:30,310,5965
2026-09-10 16:18:30,309,5905
2026-09-10 16:19:31,312,6002
2026-09-10 16:20:30,278,4469
2026-09-10 16:21:30,313,5102
2026-09-10 16:22:30,302,6004
2026-09-10 16:23:30,295,5808
2026-09-10 16:24:30,313,6008
2026-09-10 16:25:30,308,5999
2026-09-10 16:26:31,306,6008
2026-09-10 16:27:30,311,5910
2026-09-10 16:28:30,293,5599
2026-09-10 16:29:30,316,5740
2026-09-10 16:30:30,305,5705
2026-09-10 16:31:30,304,5649
2026-09-10 16:32:31,316,5572
2026-09-10 16:33:30,298,5318
2026-09-10 16:34:30,286,5436
2026-09-10 16:35:30,313,5440
2026-09-10 16:36:30,311,5512
2026-09-10 16:37:30,307,5618
2026-09-10 16:38:31,305,5500
2026-09-10 16:39:30,263,5705
2026-09-10 16:40:30,202,5781
2026-09-10 16:41:30,229,5426
2026-09-10 16:42:31,262,2409
2026-09-10 16:43:30,282,1808
2026-09-10 16:44:30,282,1748
2026-09-10 16:45:30,185,1742
2026-09-10 16:46:30,248,1762
2026-09-10 16:47:30,310,1680
2026-09-10 16:48:30,307,1451
2026-09-10 16:49:31,324,1293
2026-09-10 16:50:30,313,1157
2026-09-10 16:51:30,326,1634
2026-09-10 16:52:30,316,3881
2026-09-10 16:53:30,222,2128
2026-09-10 16:54:31,307,1482
2026-09-10 16:55:30,368,1229
2026-09-10 16:56:30,229,1123
2026-09-10 16:57:30,254,1103
2026-09-10 16:58:30,128,1063
2026-09-10 16:59:30,157,1056
2026-09-10 17:00:30,245,1019
2026-09-10 17:01:30,261,1007
2026-09-10 17:02:30,250,990
2026-09-10 17:03:30,249,1124
2026-09-10 17:04:30,248,1588
2026-09-10 17:05:30,253,935
2026-09-10 17:06:31,200,867
2026-09-10 17:07:30,131,915
2026-09-10 17:08:30,209,888
2026-09-10 17:09:30,193,869
2026-09-10 17:10:30,268,801
2026-09-10 17:11:30,149,733
2026-09-10 17:12:31,154,671
2026-09-10 17:13:30,221,602
2026-09-10 17:14:30,276,590
2026-09-10 17:15:30,405,598
2026-09-10 17:16:30,424,616
2026-09-10 17:17:30,293,626
2026-09-10 17:18:30,421,665
2026-09-10 17:19:31,362,716
2026-09-10 17:20:30,217,764
2026-09-10 17:21:30,194,833
2026-09-10 17:22:30,233,873
2026-09-10 17:23:30,242,959
2026-09-10 17:24:30,331,1129
2026-09-10 17:25:31,269,1218
2026-09-10 17:26:30,293,1942
2026-09-10 17:27:30,250,1229
2026-09-10 17:28:30,258,1184
2026-09-10 17:29:30,292,1208
2026-09-10 17:30:31,280,1152
2026-09-10 17:31:30,287,1066
2026-09-10 17:32:30,289,980
2026-09-10 17:33:30,259,916
2026-09-10 17:34:30,200,924
2026-09-10 17:35:30,311,917
2026-09-10 17:36:30,317,907
2026-09-10 17:37:31,192,918
2026-09-10 17:38:30,189,920
2026-09-10 17:39:30,199,928
2026-09-10 17:40:30,219,967
2026-09-10 17:41:30,216,1003
2026-09-10 17:42:30,248,1076
2026-09-10 17:43:30,425,1090
2026-09-10 17:44:30,337,1148
2026-09-10 17:45:30,179,1180
2026-09-10 17:46:30,206,1196
2026-09-10 17:47:30,188,1247
2026-09-10 17:48:30,308,1211
2026-09-10 17:49:31,311,1178
2026-09-10 17:50:30,175,1118
2026-09-10 17:51:30,171,1037
2026-09-10 17:52:30,174,998
2026-09-10 17:53:30,171,970
2026-09-10 17:54:30,174,968
2026-09-10 17:55:30,158,953
2026-09-10 17:56:30,163,917
2026-09-10 17:57:31,157,895
2026-09-10 17:58:30,172,859
2026-09-10 17:59:30,180,875
2026-09-10 18:00:30,185,860
2026-09-10 18:01:30,353,788
2026-09-10 18:02:30,614,682
2026-09-10 18:03:31,605,590
2026-09-10 18:04:30,616,543
2026-09-10 18:05:30,639,473
2026-09-10 18:06:30,661,422
2026-09-10 18:07:30,682,391
2026-09-10 18:08:30,678,360
2026-09-10 18:09:30,695,344
2026-09-10 18:10:31,803,329
2026-09-10 18:11:30,821,286
2026-09-10 18:12:30,704,268
2026-09-10 18:13:30,696,251
2026-09-10 18:14:30,711,246
2026-09-10 18:15:30,817,241
2026-09-10 18:16:31,821,236
2026-09-10 18:17:30,763,237
2026-09-10 18:18:30,788,227
2026-09-10 18:19:30,766,232
2026-09-10 18:20:30,746,228
2026-09-10 18:21:30,753,230
2026-09-10 18:22:31,758,240
2026-09-10 18:23:30,737,236
2026-09-10 18:24:30,763,256
2026-09-10 18:25:30,766,262
2026-09-10 18:26:30,816,253
2026-09-10 18:27:30,1044,235
2026-09-10 18:28:30,1046,207
2026-09-10 18:29:30,966,192
2026-09-10 18:30:30,922,180
2026-09-10 18:31:30,913,170
2026-09-10 18:32:30,845,166
2026-09-10 18:33:31,933,158
2026-09-10 18:34:30,955,158
2026-09-10 18:35:30,915,153
2026-09-10 18:36:30,899,147
2026-09-10 18:37:30,857,135
2026-09-10 18:38:31,779,121
2026-09-10 18:39:30,793,109
2026-09-10 18:40:30,755,101
2026-09-10 18:41:30,765,92
2026-09-10 18:42:30,756,86
2026-09-10 18:43:31,746,78
2026-09-10 18:44:30,760,73
2026-09-10 18:45:30,762,70
2026-09-10 18:46:30,758,66
2026-09-10 18:47:30,753,61
2026-09-10 18:48:30,740,56
2026-09-10 18:49:31,756,55
2026-09-10 18:50:30,744,55
2026-09-10 18:51:30,719,58
2026-09-10 18:52:30,755,59
2026-09-10 18:53:30,751,61
2026-09-10 18:54:30,761,62
2026-09-10 18:55:31,731,68
2026-09-10 18:56:30,717,76
2026-09-10 18:57:30,820,86
2026-09-10 18:58:30,752,94
2026-09-10 18:59:30,770,104
2026-09-10 19:00:30,756,113
2026-09-10 19:01:31,844,125
2026-09-10 19:02:30,785,136
2026-09-10 19:03:30,865,150
2026-09-10 19:04:30,890,167
2026-09-10 19:05:30,758,182
2026-09-10 19:06:30,770,206
2026-09-10 19:07:30,778,227
2026-09-10 19:08:30,757,244
2026-09-10 19:09:30,793,265
2026-09-10 19:10:30,758,281
2026-09-10 19:11:30,810,309
2026-09-10 19:12:31,830,323
2026-09-10 19:13:30,807,313
2026-09-10 19:14:30,828,317
2026-09-10 19:15:30,870,314
2026-09-10 19:16:30,815,323
2026-09-10 19:17:30,809,328
2026-09-10 19:18:31,868,330
2026-09-10 19:19:30,792,342
2026-09-10 19:20:30,307,337
2026-09-10 19:21:30,239,340
2026-09-10 19:22:30,209,334
2026-09-10 19:23:30,198,325
2026-09-10 19:24:31,198,322
2026-09-10 19:25:30,202,316
2026-09-10 19:26:30,175,308
2026-09-10 19:27:30,182,298
2026-09-10 19:28:30,313,291
2026-09-10 19:29:30,298,301
2026-09-10 19:30:31,179,306
2026-09-10 19:31:30,182,323
2026-09-10 19:32:30,182,329
2026-09-10 19:33:30,178,323
2026-09-10 19:34:30,186,326
2026-09-10 19:35:30,190,313
2026-09-10 19:36:30,176,309
2026-09-10 19:37:31,182,294
2026-09-10 19:38:30,179,271
2026-09-10 19:39:30,182,260
2026-09-10 19:40:30,179,244
2026-09-10 19:41:30,182,239
2026-09-10 19:42:30,271,230
2026-09-10 19:43:31,1107,213
2026-09-10 19:44:30,1732,203
2026-09-10 19:45:30,1634,181
2026-09-10 19:46:30,674,163
2026-09-10 19:47:30,1142,142
2026-09-10 19:48:31,1110,122
2026-09-10 19:49:30,562,110
2026-09-10 19:50:30,1459,100
2026-09-10 19:51:30,817,92
2026-09-10 19:52:30,928,83
2026-09-10 19:53:30,1282,75
2026-09-10 19:54:31,443,68
2026-09-10 19:55:30,1240,60
2026-09-10 19:56:30,830,53
2026-09-10 19:57:30,762,43
2026-09-10 19:58:30,1313,31
2026-09-10 19:59:30,339,17
2026-09-10 20:00:30,1235,5
2026-09-10 20:01:31,633,0
2026-09-10 20:02:30,235,0
2026-09-10 20:03:30,255,0
2026-09-10 20:04:30,1436,0
2026-09-10 20:05:30,677,0
2026-09-10 20:06:30,1120,2
2026-09-10 20:07:31,234,0
2026-09-10 20:08:30,230,0
2026-09-10 20:09:30,234,0
2026-09-10 20:10:30,233,0
2026-09-10 20:11:30,233,0
2026-09-10 20:12:30,233,0
2026-09-10 20:13:31,229,0
2026-09-10 20:14:30,233,0
2026-09-10 20:15:30,233,0
2026-09-10 20:16:30,233,0
2026-09-10 20:17:30,233,0
2026-09-10 20:18:30,228,0
2026-09-10 20:19:31,232,0
2026-09-10 20:20:30,228,0
2026-09-10 20:21:30,232,0
2026-09-10 20:22:30,232,0
2026-09-10 20:23:30,227,0
2026-09-10 20:24:30,232,0
2026-09-10 20:25:31,227,0
2026-09-10 20:26:30,232,0
2026-09-10 20:27:30,232,0
2026-09-10 20:28:30,231,0
2026-09-10 20:29:30,230,0
2026-09-10 20:30:30,231,0
2026-09-10 20:31:30,229,0
2026-09-10 20:32:30,229,0
2026-09-10 20:33:30,226,0
2026-09-10 20:34:30,230,0
2026-09-10 20:35:30,225,0
2026-09-10 20:36:30,229,0
2026-09-10 20:37:30,229,0
2026-09-10 20:38:31,225,0
2026-09-10 20:39:30,229,0
2026-09-10 20:40:30,225,0
2026-09-10 20:41:30,228,0
2026-09-10 20:42:30,229,0
2026-09-10 20:43:30,224,0
2026-09-10 20:44:31,229,0
2026-09-10 20:45:30,224,0
2026-09-10 20:46:30,228,0
2026-09-10 20:47:30,229,0
2026-09-10 20:48:30,224,0
2026-09-10 20:49:30,227,0
2026-09-10 20:50:31,224,0
2026-09-10 20:51:30,750,0
2026-09-10 20:52:30,2266,0
2026-09-10 20:53:30,1762,0
2026-09-10 20:54:30,689,0
2026-09-10 20:55:30,673,0
2026-09-10 20:56:31,496,0
2026-09-10 20:57:30,628,0
2026-09-10 20:58:30,466,0
2026-09-10 20:59:30,485,0
2026-09-10 21:00:30,388,0
2026-09-10 21:01:31,707,0
2026-09-10 21:02:30,1479,0
2026-09-10 21:03:30,648,0
2026-09-10 21:04:30,968,0
2026-09-10 21:05:30,883,0
2026-09-10 21:06:30,654,0
2026-09-10 21:07:31,463,0
2026-09-10 21:08:30,933,0
2026-09-10 21:09:30,604,0
2026-09-10 21:10:30,591,0
2026-09-10 21:11:30,612,0
2026-09-10 21:12:30,736,0
2026-09-10 21:13:30,799,0
2026-09-10 21:14:30,633,0
2026-09-10 21:15:30,473,0
2026-09-10 21:16:30,892,0
2026-09-10 21:17:30,959,0
2026-09-10 21:18:31,1189,0
2026-09-10 21:19:30,1261,0
2026-09-10 21:20:30,1155,0
2026-09-10 21:21:30,1409,0
2026-09-10 21:22:30,1104,0
2026-09-10 21:23:30,1290,0
2026-09-10 21:24:31,889,0
2026-09-10 21:25:30,1422,0
2026-09-10 21:26:30,976,0
2026-09-10 21:27:30,1612,0
2026-09-10 21:28:30,862,0
2026-09-10 21:29:30,930,0
2026-09-10 21:30:31,1162,0
2026-09-10 21:31:30,1139,0
2026-09-10 21:32:30,997,0
2026-09-10 21:33:30,1516,0
2026-09-10 21:34:30,1463,0
2026-09-10 21:35:30,684,0
2026-09-10 21:36:31,933,0
2026-09-10 21:37:30,975,0
2026-09-10 21:38:30,1241,0
2026-09-10 21:39:30,1094,0
2026-09-10 21:40:30,1231,0
2026-09-10 21:41:31,364,0
2026-09-10 21:42:30,320,0
2026-09-10 21:43:30,314,0
2026-09-10 21:44:30,319,0
2026-09-10 21:45:30,322,0
2026-09-10 21:46:30,334,0
2026-09-10 21:47:31,331,0
2026-09-10 21:48:30,320,0
2026-09-10 21:49:30,304,0
2026-09-10 21:50:30,292,0
2026-09-10 21:51:30,297,0
2026-09-10 21:52:30,293,0
2026-09-10 21:53:30,295,0
2026-09-10 21:54:31,303,0
2026-09-10 21:55:30,292,0
2026-09-10 21:56:30,347,0
2026-09-10 21:57:30,364,0
2026-09-10 21:58:30,371,0
2026-09-10 21:59:30,295,0
2026-09-10 22:00:31,290,0
2026-09-10 22:01:30,295,0
2026-09-10 22:02:30,295,0
2026-09-10 22:03:30,290,0
2026-09-10 22:04:30,294,0
2026-09-10 22:05:30,289,0
2026-09-10 22:06:31,294,0
2026-09-10 22:07:30,293,0
2026-09-10 22:08:30,289,0
2026-09-10 22:09:30,293,0
2026-09-10 22:10:30,367,0
2026-09-10 22:11:30,339,0
2026-09-10 22:12:31,293,0
2026-09-10 22:13:30,289,0
2026-09-10 22:14:30,294,0
2026-09-10 22:15:30,288,0
2026-09-10 22:16:30,293,0
2026-09-10 22:17:30,293,0
2026-09-10 22:18:31,289,0
2026-09-10 22:19:30,293,0
2026-09-10 22:20:30,288,0
2026-09-10 22:21:30,293,0
2026-09-10 22:22:30,292,0
2026-09-10 22:23:30,288,0
2026-09-10 22:24:31,292,0
2026-09-10 22:25:30,286,0
2026-09-10 22:26:30,291,0
2026-09-10 22:27:30,291,0
2026-09-10 22:28:30,286,0
2026-09-10 22:29:30,291,0
2026-09-10 22:30:31,287,0
2026-09-10 22:31:30,291,0
2026-09-10 22:32:30,291,0
2026-09-10 22:33:30,341,0
2026-09-10 22:34:30,406,0
2026-09-10 22:35:30,346,0
2026-09-10 22:36:31,399,0
2026-09-10 22:37:30,415,0
2026-09-10 22:38:30,285,0
2026-09-10 22:39:30,290,0
2026-09-10 22:40:30,285,0
2026-09-10 22:41:30,398,0
2026-09-10 22:42:31,417,0
2026-09-10 22:43:30,318,0
2026-09-10 22:44:30,304,0
2026-09-10 22:45:30,284,0
2026-09-10 22:46:30,306,0
2026-09-10 22:47:30,314,0
2026-09-10 22:48:30,306,0
2026-09-10 22:49:31,312,0
2026-09-10 22:50:30,238,0
2026-09-10 22:51:30,233,0
2026-09-10 22:52:30,218,0
2026-09-10 22:53:30,225,0
2026-09-10 22:54:30,212,0
2026-09-10 22:55:31,181,0
2026-09-10 22:56:30,184,0
2026-09-10 22:57:30,188,0
2026-09-10 22:58:30,183,0
2026-09-10 22:59:31,186,0
2026-09-10 23:00:30,182,0
2026-09-10 23:01:30,184,0
2026-09-10 23:02:30,186,0
2026-09-10 23:03:30,182,0
2026-09-10 23:04:30,186,0
2026-09-10 23:05:31,183,0
2026-09-10 23:06:30,186,0
2026-09-10 23:07:30,193,0
2026-09-10 23:08:30,188,0
2026-09-10 23:09:30,190,0
2026-09-10 23:10:30,185,0
2026-09-10 23:11:30,176,0
2026-09-10 23:12:30,133,0
2026-09-10 23:13:30,134,0
2026-09-10 23:14:30,137,0
2026-09-10 23:15:30,134,0
2026-09-10 23:16:30,137,0
2026-09-10 23:17:30,137,0
2026-09-10 23:18:31,134,0
2026-09-10 23:19:30,136,0
2026-09-10 23:20:30,134,0
2026-09-10 23:21:30,136,0
2026-09-10 23:22:30,136,0
2026-09-10 23:23:30,134,0
2026-09-10 23:24:31,134,0
2026-09-10 23:25:30,120,0
2026-09-10 23:26:30,121,0
2026-09-10 23:27:30,124,0
2026-09-10 23:28:30,124,0
2026-09-10 23:29:31,125,0
2026-09-10 23:30:30,121,0
2026-09-10 23:31:30,152,0
2026-09-10 23:32:30,168,0
2026-09-10 23:33:30,169,0
2026-09-10 23:34:30,172,0
2026-09-10 23:35:31,170,0
2026-09-10 23:36:30,173,0
2026-09-10 23:37:30,172,0
2026-09-10 23:38:30,169,0
2026-09-10 23:39:30,171,0
2026-09-10 23:40:30,168,0
2026-09-10 23:41:31,171,0
2026-09-10 23:42:30,178,0
2026-09-10 23:43:30,168,0
2026-09-10 23:44:30,170,0
2026-09-10 23:45:30,167,0
2026-09-10 23:46:30,171,0
2026-09-10 23:47:30,170,0
2026-09-10 23:48:31,167,0
2026-09-10 23:49:30,170,0
2026-09-10 23:50:30,167,0
2026-09-10 23:51:30,170,0
2026-09-10 23:52:30,170,0
2026-09-10 23:53:30,167,0
2026-09-10 23:54:31,170,0
2026-09-10 23:55:30,167,0
2026-09-10 23:56:30,170,0
2026-09-10 23:57:30,169,0
2026-09-10 23:58:30,163,0
2026-09-10 23:59:30,164,0
2026-09-11 00:00:31,164,0
2026-09-11 00:01:30,164,0
2026-09-11 00:02:30,164,0
2026-09-11 00:03:30,161,0
2026-09-11 00:04:30,148,0
2026-09-11 00:05:30,119,0
2026-09-11 00:06:31,119,0
2026-09-11 00:07:30,122,0
2026-09-11 00:08:30,120,0
2026-09-11 00:09:30,121,0
2026-09-11 00:10:30,122,0
2026-09-11 00:11:31,121,0
2026-09-11 00:12:30,121,0
2026-09-11 00:13:30,119,0
2026-09-11 00:14:30,121,0
2026-09-11 00:15:30,122,0
2026-09-11 00:16:30,122,0
2026-09-11 00:17:30,121,0
2026-09-11 00:18:30,120,0
2026-09-11 00:19:30,121,0
2026-09-11 00:20:30,121,0
2026-09-11 00:21:30,121,0
2026-09-11 00:22:30,122,0
2026-09-11 00:23:30,119,0
2026-09-11 00:24:31,160,0
2026-09-11 00:25:30,166,0
2026-09-11 00:26:30,172,0
2026-09-11 00:27:30,174,0
2026-09-11 00:28:30,188,0
2026-09-11 00:29:30,186,0
2026-09-11 00:30:31,170,0
2026-09-11 00:31:30,174,0
2026-09-11 00:32:30,173,0
2026-09-11 00:33:30,170,0
2026-09-11 00:34:30,173,0
2026-09-11 00:35:31,170,0
2026-09-11 00:36:30,173,0
2026-09-11 00:37:30,172,0
2026-09-11 00:38:30,200,0
2026-09-11 00:39:30,198,0
2026-09-11 00:40:30,184,0
2026-09-11 00:41:31,209,0
2026-09-11 00:42:30,237,0
2026-09-11 00:43:30,236,0
2026-09-11 00:44:30,240,0
2026-09-11 00:45:30,241,0
2026-09-11 00:46:30,242,0
2026-09-11 00:47:30,241,0
2026-09-11 00:48:30,237,0
2026-09-11 00:49:30,224,0
2026-09-11 00:50:30,204,0
2026-09-11 00:51:30,208,0
2026-09-11 00:52:30,207,0
2026-09-11 00:53:31,203,0
2026-09-11 00:54:30,185,0
2026-09-11 00:55:30,164,0
2026-09-11 00:56:30,164,0
2026-09-11 00:57:30,163,0
2026-09-11 00:58:30,160,0
2026-09-11 00:59:31,163,0
2026-09-11 01:00:30,159,0
2026-09-11 01:01:30,161,0
2026-09-11 01:02:30,161,0
2026-09-11 01:03:30,158,0
2026-09-11 01:04:30,161,0
2026-09-11 01:05:30,158,0
2026-09-11 01:06:30,161,0
2026-09-11 01:07:30,161,0
2026-09-11 01:08:30,158,0
2026-09-11 01:09:31,161,0
2026-09-11 01:10:30,158,0
2026-09-11 01:11:30,160,0
2026-09-11 01:12:30,160,0
2026-09-11 01:13:30,157,0
2026-09-11 01:14:30,160,0
2026-09-11 01:15:31,157,0
2026-09-11 01:16:30,159,0
2026-09-11 01:17:30,159,0
2026-09-11 01:18:30,178,0
2026-09-11 01:19:30,204,0
2026-09-11 01:20:31,205,0
2026-09-11 01:21:30,209,0
2026-09-11 01:22:30,175,0
2026-09-11 01:23:30,167,0
2026-09-11 01:24:30,169,0
2026-09-11 01:25:30,167,0
2026-09-11 01:26:31,169,0
2026-09-11 01:27:30,169,0
2026-09-11 01:28:30,165,0
2026-09-11 01:29:30,165,0
2026-09-11 01:30:30,162,0
2026-09-11 01:31:30,164,0
2026-09-11 01:32:31,165,0
2026-09-11 01:33:30,161,0
2026-09-11 01:34:30,164,0
2026-09-11 01:35:30,161,0
2026-09-11 01:36:30,164,0
2026-09-11 01:37:30,163,0
2026-09-11 01:38:30,160,0
2026-09-11 01:39:30,170,0
2026-09-11 01:40:30,160,0
2026-09-11 01:41:30,163,0
2026-09-11 01:42:30,160,0
2026-09-11 01:43:31,155,0
2026-09-11 01:44:30,159,0
2026-09-11 01:45:30,158,0
2026-09-11 01:46:30,160,0
2026-09-11 01:47:30,159,0
2026-09-11 01:48:30,158,0
2026-09-11 01:49:31,158,0
2026-09-11 01:50:30,128,0
2026-09-11 01:51:30,117,0
2026-09-11 01:52:30,118,0
2026-09-11 01:53:30,116,0
2026-09-11 01:54:30,117,0
2026-09-11 01:55:31,116,0
2026-09-11 01:56:30,116,0
2026-09-11 01:57:30,118,0
2026-09-11 01:58:30,115,0
2026-09-11 01:59:30,117,0
2026-09-11 02:00:30,114,0
2026-09-11 02:01:30,116,0
2026-09-11 02:02:31,112,0
2026-09-11 02:03:30,121,0
2026-09-11 02:04:30,124,0
2026-09-11 02:05:30,122,0
2026-09-11 02:06:30,124,0
2026-09-11 02:07:30,124,0
2026-09-11 02:08:31,121,0
2026-09-11 02:09:30,122,0
2026-09-11 02:10:30,124,0
2026-09-11 02:11:30,124,0
2026-09-11 02:12:30,124,0
2026-09-11 02:13:30,121,0
2026-09-11 02:14:31,121,0
2026-09-11 02:15:30,125,0
2026-09-11 02:16:30,171,0
2026-09-11 02:17:30,170,0
2026-09-11 02:18:30,170,0
2026-09-11 02:19:30,173,0
2026-09-11 02:20:31,173,0
2026-09-11 02:21:30,173,0
2026-09-11 02:22:30,173,0
2026-09-11 02:23:30,167,0
2026-09-11 02:24:30,173,0
2026-09-11 02:25:30,173,0
2026-09-11 02:26:30,172,0
2026-09-11 02:27:31,172,0
2026-09-11 02:28:30,168,0
2026-09-11 02:29:30,170,0
2026-09-11 02:30:30,170,0
2026-09-11 02:31:30,170,0
2026-09-11 02:32:30,170,0
2026-09-11 02:33:31,167,0
2026-09-11 02:34:30,170,0
2026-09-11 02:35:30,170,0
2026-09-11 02:36:30,167,0
2026-09-11 02:37:30,169,0
2026-09-11 02:38:30,175,0
2026-09-11 02:39:31,164,0
2026-09-11 02:40:30,157,0
2026-09-11 02:41:30,160,0
2026-09-11 02:42:30,158,0
2026-09-11 02:43:30,152,0
2026-09-11 02:44:30,158,0
2026-09-11 02:45:31,158,0
2026-09-11 02:46:30,158,0
2026-09-11 02:47:30,146,0
2026-09-11 02:48:30,111,0
2026-09-11 02:49:30,115,0
2026-09-11 02:50:30,115,0
2026-09-11 02:51:31,115,0
2026-09-11 02:52:30,115,0
2026-09-11 02:53:30,111,0
2026-09-11 02:54:30,115,0
2026-09-11 02:55:30,115,0
2026-09-11 02:56:30,115,0
2026-09-11 02:57:31,115,0
2026-09-11 02:58:30,111,0
2026-09-11 02:59:30,115,0
2026-09-11 03:00:30,115,0
2026-09-11 03:01:30,115,0
2026-09-11 03:02:30,115,0
2026-09-11 03:03:31,113,0
2026-09-11 03:04:30,117,0
2026-09-11 03:05:30,117,0
2026-09-11 03:06:30,116,0
2026-09-11 03:07:30,117,0
2026-09-11 03:08:30,113,0
2026-09-11 03:09:30,116,0
2026-09-11 03:10:31,115,0
2026-09-11 03:11:30,115,0
2026-09-11 03:12:30,115,0
2026-09-11 03:13:30,111,0
2026-09-11 03:14:30,126,0
2026-09-11 03:15:30,162,0
2026-09-11 03:16:31,163,0
2026-09-11 03:17:30,166,0
2026-09-11 03:18:30,166,0
2026-09-11 03:19:30,166,0
2026-09-11 03:20:30,166,0
2026-09-11 03:21:30,166,0
2026-09-11 03:22:31,166,0
2026-09-11 03:23:30,160,0
2026-09-11 03:24:30,166,0
2026-09-11 03:25:30,165,0
2026-09-11 03:26:30,164,0
2026-09-11 03:27:30,164,0
2026-09-11 03:28:30,160,0
2026-09-11 03:29:30,164,0
2026-09-11 03:30:30,164,0
2026-09-11 03:31:30,164,0
2026-09-11 03:32:30,167,0
2026-09-11 03:33:30,160,0
2026-09-11 03:34:31,165,0
2026-09-11 03:35:30,162,0
2026-09-11 03:36:30,160,0
2026-09-11 03:37:30,160,0
2026-09-11 03:38:30,161,0
2026-09-11 03:39:30,158,0
2026-09-11 03:40:31,158,0
2026-09-11 03:41:30,158,0
2026-09-11 03:42:30,158,0
2026-09-11 03:43:30,152,0
2026-09-11 03:44:30,158,0
2026-09-11 03:45:30,119,0
2026-09-11 03:46:31,116,0
2026-09-11 03:47:30,116,0
2026-09-11 03:48:30,112,0
2026-09-11 03:49:30,116,0
2026-09-11 03:50:30,116,0
2026-09-11 03:51:30,116,0
2026-09-11 03:52:31,116,0
2026-09-11 03:53:30,112,0
2026-09-11 03:54:30,116,0
2026-09-11 03:55:30,115,0
2026-09-11 03:56:30,115,0
2026-09-11 03:57:30,115,0
2026-09-11 03:58:31,110,0
2026-09-11 03:59:30,115,0
2026-09-11 04:00:30,115,0
2026-09-11 04:01:30,119,0
2026-09-11 04:02:30,121,0
2026-09-11 04:03:30,117,0
2026-09-11 04:04:31,121,0
2026-09-11 04:05:30,121,0
2026-09-11 04:06:30,121,0
2026-09-11 04:07:30,121,0
2026-09-11 04:08:30,118,0
2026-09-11 04:09:30,121,0
2026-09-11 04:10:31,137,0
2026-09-11 04:11:30,161,0
2026-09-11 04:12:30,165,0
2026-09-11 04:13:30,162,0
2026-09-11 04:14:30,167,0
2026-09-11 04:15:30,167,0
2026-09-11 04:16:30,167,0
2026-09-11 04:17:30,167,0
2026-09-11 04:18:30,165,0
2026-09-11 04:19:30,167,0
2026-09-11 04:20:30,167,0
2026-09-11 04:21:31,167,0
2026-09-11 04:22:30,166,0
2026-09-11 04:23:30,161,0
2026-09-11 04:24:30,166,0
2026-09-11 04:25:30,166,0
2026-09-11 04:26:30,166,0
2026-09-11 04:27:31,166,0
2026-09-11 04:28:30,160,0
2026-09-11 04:29:30,164,0
2026-09-11 04:30:30,161,0
2026-09-11 04:31:30,160,0
2026-09-11 04:32:30,166,0
2026-09-11 04:33:30,162,0
2026-09-11 04:34:30,169,0
2026-09-11 04:35:30,167,0
2026-09-11 04:36:30,159,0
2026-09-11 04:37:30,158,0
2026-09-11 04:38:31,160,0
2026-09-11 04:39:30,158,0
2026-09-11 04:40:30,155,0
2026-09-11 04:41:30,116,0
2026-09-11 04:42:30,117,0
2026-09-11 04:43:30,113,0
2026-09-11 04:44:30,115,0
2026-09-11 04:45:31,119,0
2026-09-11 04:46:30,120,0
2026-09-11 04:47:30,116,0
2026-09-11 04:48:30,113,0
2026-09-11 04:49:30,116,0
2026-09-11 04:50:30,116,0
2026-09-11 04:51:31,117,0
2026-09-11 04:52:30,116,0
2026-09-11 04:53:30,115,0
2026-09-11 04:54:30,117,0
2026-09-11 04:55:30,115,0
2026-09-11 04:56:30,121,0
2026-09-11 04:57:31,118,0
2026-09-11 04:58:30,116,0
2026-09-11 04:59:30,118,0
2026-09-11 05:00:30,118,0
2026-09-11 05:01:30,118,0
2026-09-11 05:02:30,118,0
2026-09-11 05:03:31,118,0
2026-09-11 05:04:30,118,0
2026-09-11 05:05:30,118,0
2026-09-11 05:06:30,141,0
2026-09-11 05:07:30,164,0
2026-09-11 05:08:30,152,0
2026-09-11 05:09:31,160,0
2026-09-11 05:10:30,159,0
2026-09-11 05:11:30,160,0
2026-09-11 05:12:30,158,0
2026-09-11 05:13:30,153,0
2026-09-11 05:14:30,158,0
2026-09-11 05:15:31,158,0
2026-09-11 05:16:30,157,0
2026-09-11 05:17:30,156,0
2026-09-11 05:18:30,150,0
2026-09-11 05:19:30,155,0
2026-09-11 05:20:30,154,0
2026-09-11 05:21:30,154,0
2026-09-11 05:22:31,154,0
2026-09-11 05:23:30,149,0
2026-09-11 05:24:30,154,0
2026-09-11 05:25:30,154,0
2026-09-11 05:26:30,154,0
2026-09-11 05:27:30,153,0
2026-09-11 05:28:31,150,0
2026-09-11 05:29:30,152,0
2026-09-11 05:30:30,152,0
2026-09-11 05:31:30,151,0
2026-09-11 05:32:30,149,0
2026-09-11 05:33:31,144,0
2026-09-11 05:34:30,148,0
2026-09-11 05:35:30,148,0
2026-09-11 05:36:30,148,0
2026-09-11 05:37:30,147,0
2026-09-11 05:38:30,149,0
2026-09-11 05:39:30,147,0
2026-09-11 05:40:30,146,0
2026-09-11 05:41:30,147,0
2026-09-11 05:42:30,146,0
2026-09-11 05:43:30,144,0
2026-09-11 05:44:30,146,0
2026-09-11 05:45:31,146,0
2026-09-11 05:46:30,146,0
2026-09-11 05:47:30,145,0
2026-09-11 05:48:30,136,0
2026-09-11 05:49:30,113,0
2026-09-11 05:50:30,113,0
2026-09-11 05:51:31,113,0
2026-09-11 05:52:30,112,0
2026-09-11 05:53:30,109,0
2026-09-11 05:54:30,113,0
2026-09-11 05:55:30,112,0
2026-09-11 05:56:31,112,0
2026-09-11 05:57:30,113,0
2026-09-11 05:58:30,108,0
2026-09-11 05:59:30,112,0
2026-09-11 06:00:30,112,0
2026-09-11 06:01:30,113,0
2026-09-11 06:02:31,112,0
2026-09-11 06:03:30,215,0
2026-09-11 06:04:30,221,0
2026-09-11 06:05:30,152,0
2026-09-11 06:06:30,146,0
2026-09-11 06:07:30,149,0
2026-09-11 06:08:30,147,0
2026-09-11 06:09:31,151,0
2026-09-11 06:10:30,151,0
2026-09-11 06:11:30,151,0
2026-09-11 06:12:30,151,0
2026-09-11 06:13:30,146,0
2026-09-11 06:14:31,151,0
2026-09-11 06:15:30,153,0
2026-09-11 06:16:30,151,0
2026-09-11 06:17:30,151,0
2026-09-11 06:18:30,146,0
2026-09-11 06:19:30,151,0
2026-09-11 06:20:30,150,0
2026-09-11 06:21:30,150,0
2026-09-11 06:22:30,151,0
2026-09-11 06:23:30,146,0
2026-09-11 06:24:31,152,0
2026-09-11 06:25:30,151,0
2026-09-11 06:26:30,152,0
2026-09-11 06:27:30,148,0
2026-09-11 06:28:30,143,0
2026-09-11 06:29:30,149,0
2026-09-11 06:30:30,268,0
2026-09-11 06:31:31,256,0
2026-09-11 06:32:30,166,0
2026-09-11 06:33:30,176,0
2026-09-11 06:34:30,194,0
2026-09-11 06:35:30,618,0
2026-09-11 06:36:30,802,0
2026-09-11 06:37:30,802,0
2026-09-11 06:38:31,411,0
2026-09-11 06:39:30,193,0
2026-09-11 06:40:30,193,0
2026-09-11 06:41:30,377,0
2026-09-11 06:42:30,193,0
2026-09-11 06:43:30,166,0
2026-09-11 06:44:31,247,0
2026-09-11 06:45:30,319,0
2026-09-11 06:46:30,169,0
2026-09-11 06:47:30,170,0
2026-09-11 06:48:30,256,0
2026-09-11 06:49:30,240,0
2026-09-11 06:50:31,161,0
2026-09-11 06:51:30,159,0
2026-09-11 06:52:30,159,0
2026-09-11 06:53:30,154,0
2026-09-11 06:54:30,159,0
2026-09-11 06:55:30,161,0
2026-09-11 06:56:31,178,0
2026-09-11 06:57:30,171,0
2026-09-11 06:58:30,174,0
2026-09-11 06:59:30,205,0
2026-09-11 07:00:30,182,1
2026-09-11 07:01:30,171,0
2026-09-11 07:02:31,217,1
2026-09-11 07:03:30,276,5
2026-09-11 07:04:30,243,7
2026-09-11 07:05:30,167,11
2026-09-11 07:06:30,164,16
2026-09-11 07:07:30,163,20
2026-09-11 07:08:31,490,23
2026-09-11 07:09:30,339,27
2026-09-11 07:10:30,181,31
2026-09-11 07:11:30,189,34
2026-09-11 07:12:30,193,39
2026-09-11 07:13:30,197,41
2026-09-11 07:14:31,205,47
2026-09-11 07:15:30,173,50
2026-09-11 07:16:30,296,56
2026-09-11 07:17:30,319,61
2026-09-11 07:18:30,183,65
2026-09-11 07:19:30,182,72
2026-09-11 07:20:30,316,76
2026-09-11 07:21:31,305,81
2026-09-11 07:22:30,201,85
2026-09-11 07:23:30,185,88
2026-09-11 07:24:30,189,91
2026-09-11 07:25:30,172,94
2026-09-11 07:26:30,216,98
2026-09-11 07:27:31,309,105
2026-09-11 07:28:30,280,108
2026-09-11 07:29:30,301,120
2026-09-11 07:30:30,281,128
2026-09-11 07:31:30,304,137
2026-09-11 07:32:30,210,148
2026-09-11 07:33:31,167,158
2026-09-11 07:34:30,142,184
2026-09-11 07:35:30,154,205
2026-09-11 07:36:30,107,225
2026-09-11 07:37:30,123,244
2026-09-11 07:38:30,98,259
2026-09-11 07:39:31,1070,320
2026-09-11 07:40:30,1505,355
2026-09-11 07:41:30,512,379
2026-09-11 07:42:30,103,407
2026-09-11 07:43:30,99,428
2026-09-11 07:44:30,102,482
2026-09-11 07:45:31,101,527
2026-09-11 07:46:30,102,574
2026-09-11 07:47:30,101,614
2026-09-11 07:48:30,95,628
2026-09-11 07:49:30,72,683
2026-09-11 07:50:30,109,718
2026-09-11 07:51:30,220,752
2026-09-11 07:52:30,237,784
2026-09-11 07:53:30,107,794
2026-09-11 07:54:30,111,853
2026-09-11 07:55:30,111,871
2026-09-11 07:56:31,111,872
2026-09-11 07:57:30,111,860
2026-09-11 07:58:30,107,824
2026-09-11 07:59:30,110,835
2026-09-11 08:00:30,110,815
2026-09-11 08:01:30,110,748
2026-09-11 08:02:31,103,620
2026-09-11 08:03:30,104,606
2026-09-11 08:04:30,109,612
2026-09-11 08:05:30,109,584
2026-09-11 08:06:30,109,553
2026-09-11 08:07:30,109,530
2026-09-11 08:08:31,105,499
2026-09-11 08:09:30,109,503
2026-09-11 08:10:30,106,488
2026-09-11 08:11:30,106,337
2026-09-11 08:12:30,108,214
2026-09-11 08:13:30,102,169
2026-09-11 08:14:30,103,182
2026-09-11 08:15:30,105,193
2026-09-11 08:16:30,105,207
2026-09-11 08:17:30,104,220
2026-09-11 08:18:30,101,231
2026-09-11 08:19:31,104,262
2026-09-11 08:20:30,104,299
2026-09-11 08:21:30,104,378
2026-09-11 08:22:30,104,535
2026-09-11 08:23:30,100,733
2026-09-11 08:24:31,103,871
2026-09-11 08:25:30,103,923
2026-09-11 08:26:30,81,953
2026-09-11 08:27:30,70,962
2026-09-11 08:28:30,68,924
2026-09-11 08:29:30,70,865
2026-09-11 08:30:31,70,728
2026-09-11 08:31:30,70,696
2026-09-11 08:32:30,70,725
2026-09-11 08:33:30,68,670
2026-09-11 08:34:30,70,655
2026-09-11 08:35:30,70,646
2026-09-11 08:36:31,70,642
2026-09-11 08:37:30,70,632
2026-09-11 08:38:30,68,601
2026-09-11 08:39:30,70,620
2026-09-11 08:40:30,70,626
2026-09-11 08:41:31,70,623
2026-09-11 08:42:30,70,640
2026-09-11 08:43:30,72,641
2026-09-11 08:44:30,72,587
2026-09-11 08:45:30,71,470
2026-09-11 08:46:30,72,433
2026-09-11 08:47:31,72,406
2026-09-11 08:48:30,70,304
2026-09-11 08:49:30,71,359
2026-09-11 08:50:30,72,385
2026-09-11 08:51:30,74,424
2026-09-11 08:52:31,118,496
2026-09-11 08:53:30,107,553
2026-09-11 08:54:30,111,688
2026-09-11 08:55:30,112,789
2026-09-11 08:56:30,111,866
2026-09-11 08:57:31,111,947
2026-09-11 08:58:30,107,947
2026-09-11 08:59:30,130,975
2026-09-11 09:00:30,140,998
2026-09-11 09:01:30,182,961
2026-09-11 09:02:30,227,824
2026-09-11 09:03:31,226,715
2026-09-11 09:04:30,224,683
2026-09-11 09:05:30,225,714
2026-09-11 09:06:30,185,756
2026-09-11 09:07:30,1206,830
2026-09-11 09:08:31,2122,954
2026-09-11 09:09:30,2158,1015
2026-09-11 09:10:30,2163,1010
2026-09-11 09:11:30,2200,1096
2026-09-11 09:12:30,2125,1138
2026-09-11 09:13:30,2123,1148
2026-09-11 09:14:31,771,1082
2026-09-11 09:15:30,233,956
2026-09-11 09:16:30,240,997
2026-09-11 09:17:30,227,1071
2026-09-11 09:18:30,236,1017
2026-09-11 09:19:31,318,1075
2026-09-11 09:20:30,349,913
2026-09-11 09:21:30,280,953
2026-09-11 09:22:30,229,1256
2026-09-11 09:23:30,227,1394
2026-09-11 09:24:31,245,1445
2026-09-11 09:25:30,236,1482
2026-09-11 09:26:30,242,1549
2026-09-11 09:27:30,244,1534
2026-09-11 09:28:30,183,1538
2026-09-11 09:29:30,204,1451
2026-09-11 09:30:30,217,1096
2026-09-11 09:31:30,201,1076
2026-09-11 09:32:30,206,919
2026-09-11 09:33:30,217,751
2026-09-11 09:34:31,206,822
2026-09-11 09:35:30,215,820
2026-09-11 09:36:30,212,892
2026-09-11 09:37:30,203,957
2026-09-11 09:38:30,221,966
2026-09-11 09:39:30,208,926
2026-09-11 09:40:30,207,893
2026-09-11 09:41:31,218,915
2026-09-11 09:42:30,174,973
2026-09-11 09:43:30,210,1113
2026-09-11 09:44:30,218,1261
2026-09-11 09:45:30,218,1145
2026-09-11 09:46:30,140,948
2026-09-11 09:47:31,107,1010
2026-09-11 09:48:30,98,1233
2026-09-11 09:49:30,118,1622
2026-09-11 09:50:30,112,1754
2026-09-11 09:51:30,110,1718
2026-09-11 09:52:31,131,1586
2026-09-11 09:53:30,144,1532
2026-09-11 09:54:30,149,1584
2026-09-11 09:55:30,163,1441
2026-09-11 09:56:30,181,1239
2026-09-11 09:57:30,208,1086
2026-09-11 09:58:31,335,1025
2026-09-11 09:59:30,1795,1003
2026-09-11 10:00:30,2282,1005
2026-09-11 10:01:30,2290,919
2026-09-11 10:02:30,2323,908
2026-09-11 10:03:30,2390,968
2026-09-11 10:04:31,2399,1085
2026-09-11 10:05:30,2393,1130
2026-09-11 10:06:30,2016,1187
2026-09-11 10:07:30,346,1455
2026-09-11 10:08:30,252,1829
2026-09-11 10:09:30,231,1939
2026-09-11 10:10:31,249,1798
2026-09-11 10:11:30,281,1841
2026-09-11 10:12:30,310,1851
2026-09-11 10:13:30,338,1783
2026-09-11 10:14:30,196,1735
2026-09-11 10:15:30,242,1654
2026-09-11 10:16:31,886,1564
2026-09-11 10:17:30,2347,1341
2026-09-11 10:18:30,2332,971
2026-09-11 10:19:30,2321,857
2026-09-11 10:20:30,2324,857
2026-09-11 10:21:30,2284,964
2026-09-11 10:22:30,2191,1106
2026-09-11 10:23:31,2163,1397
2026-09-11 10:24:30,366,2150
2026-09-11 10:25:30,206,2139
2026-09-11 10:26:30,1285,2239
2026-09-11 10:27:31,2221,3135
2026-09-11 10:28:30,2265,3817
2026-09-11 10:29:30,1713,5389
2026-09-11 10:30:30,164,6023
2026-09-11 10:31:30,174,5926
2026-09-11 10:32:30,2073,5921
2026-09-11 10:33:31,2489,6019
2026-09-11 10:34:30,2521,6017
2026-09-11 10:35:30,2252,6016
2026-09-11 10:36:30,2228,5914
2026-09-11 10:37:30,1431,5913
2026-09-11 10:38:30,401,6015
2026-09-11 10:39:30,359,5672
2026-09-11 10:40:31,356,4297
2026-09-11 10:41:30,782,3534
2026-09-11 10:42:30,2327,3141
2026-09-11 10:43:30,1507,2935
2026-09-11 10:44:30,661,2492
2026-09-11 10:45:30,315,2385
2026-09-11 10:46:30,244,2213
2026-09-11 10:47:31,272,2097
2026-09-11 10:48:30,539,1954
2026-09-11 10:49:30,361,1879
2026-09-11 10:50:30,301,1824
2026-09-11 10:51:30,680,1759
2026-09-11 10:52:30,891,1727
2026-09-11 10:53:31,1042,1726
2026-09-11 10:54:30,1066,1700
2026-09-11 10:55:30,830,1676
2026-09-11 10:56:30,635,1629
2026-09-11 10:57:30,1024,1615
2026-09-11 10:58:30,1026,1637
2026-09-11 10:59:30,893,1639
2026-09-11 11:00:31,676,1648
2026-09-11 11:01:30,233,1648
2026-09-11 11:02:30,312,1685
2026-09-11 11:03:30,350,1769
2026-09-11 11:04:30,274,1900
2026-09-11 11:05:30,292,2574
2026-09-11 11:06:31,332,5693
2026-09-11 11:07:30,372,5833
2026-09-11 11:08:30,254,4374
2026-09-11 11:09:30,275,5769
2026-09-11 11:10:30,263,6015
2026-09-11 11:11:30,236,5609
2026-09-11 11:12:30,212,5906
2026-09-11 11:13:31,236,6016
2026-09-11 11:14:30,215,6014
2026-09-11 11:15:30,246,6014
2026-09-11 11:16:30,212,5918
2026-09-11 11:17:30,223,5918
2026-09-11 11:18:30,224,6020
2026-09-11 11:19:31,241,6019
2026-09-11 11:20:30,212,6017
2026-09-11 11:21:30,210,5472
2026-09-11 11:22:30,223,5208
2026-09-11 11:23:30,217,4175
2026-09-11 11:24:30,217,3632
2026-09-11 11:25:31,230,3343
2026-09-11 11:26:30,246,3748
2026-09-11 11:27:30,242,2625
2026-09-11 11:28:30,215,2063
2026-09-11 11:29:30,236,1871
2026-09-11 11:30:30,214,1803
2026-09-11 11:31:30,232,1765
2026-09-11 11:32:31,233,1773
2026-09-11 11:33:30,214,1804
2026-09-11 11:34:30,221,1883
2026-09-11 11:35:30,317,1930
2026-09-11 11:36:30,317,1947
2026-09-11 11:37:30,194,2000
2026-09-11 11:38:31,233,2082
2026-09-11 11:39:30,193,2126
2026-09-11 11:40:30,202,2170
2026-09-11 11:41:30,237,2183
2026-09-11 11:42:30,265,2233
2026-09-11 11:43:31,260,2314
2026-09-11 11:44:30,260,2372
2026-09-11 11:45:30,251,2425
2026-09-11 11:46:30,263,2423
2026-09-11 11:47:30,239,2468
2026-09-11 11:48:30,305,2594
2026-09-11 11:49:31,244,2701
2026-09-11 11:50:30,681,2810
2026-09-11 11:51:30,275,2905
2026-09-11 11:52:30,304,2948
2026-09-11 11:53:30,333,2967
2026-09-11 11:54:31,305,3239
2026-09-11 11:55:30,327,4019
2026-09-11 11:56:30,287,5026
2026-09-11 11:57:30,279,4403
2026-09-11 11:58:30,326,3531
2026-09-11 11:59:30,371,3575
2026-09-11 12:00:30,430,3307
2026-09-11 12:01:30,390,3016
2026-09-11 12:02:30,324,3209
2026-09-11 12:03:30,304,3272
2026-09-11 12:04:30,326,3411
2026-09-11 12:05:30,304,3935
2026-09-11 12:06:31,289,4993
2026-09-11 12:07:30,257,5461
2026-09-11 12:08:30,286,6018
2026-09-11 12:09:30,263,5947
2026-09-11 12:10:30,283,6006
2026-09-11 12:11:30,257,5916
2026-09-11 12:12:31,278,5915
2026-09-11 12:13:30,261,6013
2026-09-11 12:14:30,283,6013
2026-09-11 12:15:30,302,6013
2026-09-11 12:16:30,946,4621
2026-09-11 12:17:30,347,3106
2026-09-11 12:18:31,298,2868
2026-09-11 12:19:30,298,3088
2026-09-11 12:20:30,296,3307
2026-09-11 12:21:30,294,3230
2026-09-11 12:22:30,293,3157
2026-09-11 12:23:30,274,2961
2026-09-11 12:24:30,265,2884
2026-09-11 12:25:31,261,2833
2026-09-11 12:26:30,265,2852
2026-09-11 12:27:30,261,2815
2026-09-11 12:28:30,265,2912
2026-09-11 12:29:30,265,3027
2026-09-11 12:30:30,266,3121
2026-09-11 12:31:30,265,3333
2026-09-11 12:32:31,260,3871
2026-09-11 12:33:30,263,4952
2026-09-11 12:34:30,315,5936
2026-09-11 12:35:30,889,5312
2026-09-11 12:36:30,922,4972
2026-09-11 12:37:30,535,5768
2026-09-11 12:38:31,236,5967
2026-09-11 12:39:30,743,5921
2026-09-11 12:40:30,760,5597
2026-09-11 12:41:30,230,5947
2026-09-11 12:42:30,125,5825
2026-09-11 12:43:30,122,5956
2026-09-11 12:44:30,121,6012
2026-09-11 12:45:31,119,5912
2026-09-11 12:46:30,121,6014
2026-09-11 12:47:30,119,5914
2026-09-11 12:48:30,121,6015
2026-09-11 12:49:30,215,6014
2026-09-11 12:50:30,349,5915
2026-09-11 12:51:31,160,5999
2026-09-11 12:52:30,163,5884
2026-09-11 12:53:30,829,5934
2026-09-11 12:54:30,827,5789
2026-09-11 12:55:30,812,5670
2026-09-11 12:56:30,403,6013
2026-09-11 12:57:30,158,5798
2026-09-11 12:58:31,161,4243
2026-09-11 12:59:30,161,5658
2026-09-11 13:00:30,157,5911
2026-09-11 13:01:30,168,6011
2026-09-11 13:02:30,157,5912
2026-09-11 13:03:30,159,6012
2026-09-11 13:04:31,160,6012
2026-09-11 13:05:30,154,5814
2026-09-11 13:06:30,159,6013
2026-09-11 13:07:30,156,5914
2026-09-11 13:08:30,159,6014
2026-09-11 13:09:31,158,6013
2026-09-11 13:10:30,156,5911
2026-09-11 13:11:30,157,6011
2026-09-11 13:12:30,153,5905
2026-09-11 13:13:30,155,6010
2026-09-11 13:14:30,155,6011
2026-09-11 13:15:31,151,5908
2026-09-11 13:16:30,154,6011
2026-09-11 13:17:30,152,5912
2026-09-11 13:18:30,154,6012
2026-09-11 13:19:30,154,6011
2026-09-11 13:20:30,151,5910
2026-09-11 13:21:31,153,6010
2026-09-11 13:22:30,151,5908
2026-09-11 13:23:30,153,6005
2026-09-11 13:24:30,153,6009
2026-09-11 13:25:30,151,5909
2026-09-11 13:26:30,154,6010
2026-09-11 13:27:30,151,5910
2026-09-11 13:28:31,136,6007
2026-09-11 13:29:30,121,6008
2026-09-11 13:30:30,119,5907
2026-09-11 13:31:30,121,6009
2026-09-11 13:32:30,128,5910
2026-09-11 13:33:31,121,6013
2026-09-11 13:34:30,121,6014
2026-09-11 13:35:30,119,5909
2026-09-11 13:36:30,206,6007
2026-09-11 13:37:30,229,5908
2026-09-11 13:38:30,386,6008
2026-09-11 13:39:31,210,6008
2026-09-11 13:40:30,119,5908
2026-09-11 13:41:30,121,6001
2026-09-11 13:42:30,118,5905
2026-09-11 13:43:30,158,6006
2026-09-11 13:44:30,238,6005
2026-09-11 13:45:30,189,5907
2026-09-11 13:46:31,103,6010
2026-09-11 13:47:30,147,5908
2026-09-11 13:48:30,197,6008
2026-09-11 13:49:30,221,6010
2026-09-11 13:50:30,215,5909
2026-09-11 13:51:30,183,6010
2026-09-11 13:52:31,1159,5904
2026-09-11 13:53:30,130,6010
2026-09-11 13:54:30,191,6008
2026-09-11 13:55:30,308,6008
2026-09-11 13:56:30,130,6008
2026-09-11 13:57:30,127,5905
2026-09-11 13:58:31,129,6005
2026-09-11 13:59:30,128,6005
2026-09-11 14:00:30,127,5901
2026-09-11 14:01:30,128,6004
2026-09-11 14:02:30,115,5402
2026-09-11 14:03:30,127,6001
2026-09-11 14:04:30,127,6000
2026-09-11 14:05:30,125,5904
2026-09-11 14:06:30,127,6005
2026-09-11 14:07:30,124,5905
2026-09-11 14:08:30,125,6005
2026-09-11 14:09:30,126,6007
2026-09-11 14:10:31,123,5906
2026-09-11 14:11:30,136,6008
2026-09-11 14:12:30,176,5908
2026-09-11 14:13:30,179,6007
2026-09-11 14:14:30,179,6006
2026-09-11 14:15:30,176,5905
2026-09-11 14:16:30,179,6006
2026-09-11 14:17:30,176,5905
2026-09-11 14:18:31,304,6005
2026-09-11 14:19:30,322,6008
2026-09-11 14:20:30,176,5907
2026-09-11 14:21:30,179,6006
2026-09-11 14:22:30,176,5907
2026-09-11 14:23:30,179,6005
2026-09-11 14:24:30,179,6009
2026-09-11 14:25:31,176,5907
2026-09-11 14:26:30,167,6008
2026-09-11 14:27:30,122,5908
2026-09-11 14:28:30,125,6006
2026-09-11 14:29:30,125,6006
2026-09-11 14:30:30,123,5905
2026-09-11 14:31:30,125,6004
2026-09-11 14:32:31,122,5902
2026-09-11 14:33:30,122,6003
2026-09-11 14:34:30,121,6004
2026-09-11 14:35:30,119,5908
2026-09-11 14:36:30,121,6008
2026-09-11 14:37:30,119,5909
2026-09-11 14:38:30,120,6008
2026-09-11 14:39:30,118,5909
2026-09-11 14:40:31,118,5909
2026-09-11 14:41:30,120,6008
2026-09-11 14:42:30,118,5908
2026-09-11 14:43:30,119,6007
2026-09-11 14:44:30,119,6009
2026-09-11 14:45:30,118,5908
2026-09-11 14:46:30,120,6001
2026-09-11 14:47:31,119,6005
2026-09-11 14:48:30,119,6002
2026-09-11 14:49:30,119,6003
2026-09-11 14:50:30,88,5904
2026-09-11 14:51:30,86,6005
2026-09-11 14:52:30,85,5905
2026-09-11 14:53:30,86,6005
2026-09-11 14:54:30,106,6005
2026-09-11 14:55:31,112,5908
2026-09-11 14:56:30,113,6007
2026-09-11 14:57:30,112,5906
2026-09-11 14:58:30,113,6006
2026-09-11 14:59:30,118,6005
2026-09-11 15:00:30,118,5905
2026-09-11 15:01:30,121,6005
2026-09-11 15:02:31,117,5901
2026-09-11 15:03:30,119,6005
2026-09-11 15:04:30,119,6004
2026-09-11 15:05:30,117,5907
2026-09-11 15:06:30,119,6009
2026-09-11 15:07:30,117,5908
2026-09-11 15:08:30,119,6008
2026-09-11 15:09:31,119,6008
2026-09-11 15:10:30,118,5909
2026-09-11 15:11:30,119,6008
2026-09-11 15:12:30,117,5906
2026-09-11 15:13:30,119,6005
2026-09-11 15:14:30,118,6004
2026-09-11 15:15:30,116,5905
2026-09-11 15:16:31,119,6004
2026-09-11 15:17:30,116,5902
2026-09-11 15:18:30,118,6005
2026-09-11 15:19:30,127,6005
2026-09-11 15:20:30,116,5906
2026-09-11 15:21:30,118,6005
2026-09-11 15:22:30,119,6001
2026-09-11 15:23:30,120,6006
2026-09-11 15:24:30,145,6007
2026-09-11 15:25:30,145,5903
2026-09-11 15:26:30,145,6004
2026-09-11 15:27:30,142,5903
2026-09-11 15:28:31,148,6003
2026-09-11 15:29:30,146,6004
2026-09-11 15:30:30,143,5905
2026-09-11 15:31:30,146,6006
2026-09-11 15:32:30,143,5903
2026-09-11 15:33:30,157,6005
2026-09-11 15:34:30,180,5987
2026-09-11 15:35:31,173,5876
2026-09-11 15:36:30,175,5948
2026-09-11 15:37:30,174,5836
2026-09-11 15:38:30,179,5921
2026-09-11 15:39:30,178,5912
2026-09-11 15:40:30,176,5805
2026-09-11 15:41:31,179,5881
2026-09-11 15:42:30,176,5765
2026-09-11 15:43:30,179,5847
2026-09-11 15:44:30,179,5819
2026-09-11 15:45:30,176,5705
2026-09-11 15:46:30,178,5772
2026-09-11 15:47:31,176,5655
2026-09-11 15:48:30,178,5726
2026-09-11 15:49:30,182,5701
2026-09-11 15:50:30,181,5598
2026-09-11 15:51:30,186,5681
2026-09-11 15:52:30,184,5564
2026-09-11 15:53:31,187,5633
2026-09-11 15:54:30,186,5612
2026-09-11 15:55:30,183,5498
2026-09-11 15:56:30,185,5561
2026-09-11 15:57:30,182,5450
2026-09-11 15:58:30,184,5525
2026-09-11 15:59:30,184,5512
2026-09-11 16:00:31,181,5413
2026-09-11 16:01:30,184,5479
2026-09-11 16:02:30,185,5366
2026-09-11 16:03:30,184,5437
2026-09-11 16:04:30,183,5419
2026-09-11 16:05:30,180,5303
2026-09-11 16:06:31,183,5370
2026-09-11 16:07:30,179,5261
2026-09-11 16:08:30,183,5320
2026-09-11 16:09:30,183,5290
2026-09-11 16:10:30,180,5168
2026-09-11 16:11:30,183,5241
2026-09-11 16:12:31,180,5136
2026-09-11 16:13:30,183,5204
2026-09-11 16:14:30,183,5193
2026-09-11 16:15:30,180,5081
2026-09-11 16:16:30,183,5131
2026-09-11 16:17:30,180,5014
2026-09-11 16:18:31,182,5071
2026-09-11 16:19:30,190,5045
2026-09-11 16:20:30,180,4939
2026-09-11 16:21:30,183,4993
2026-09-11 16:22:30,180,4886
2026-09-11 16:23:30,183,4952
2026-09-11 16:24:31,184,4930
2026-09-11 16:25:30,180,4826
2026-09-11 16:26:30,184,4882
2026-09-11 16:27:30,178,4694
2026-09-11 16:28:30,183,4831
2026-09-11 16:29:30,181,4810
2026-09-11 16:30:31,177,4698
2026-09-11 16:31:30,179,4741
2026-09-11 16:32:30,176,4630
2026-09-11 16:33:30,179,4675
2026-09-11 16:34:30,179,4648
2026-09-11 16:35:31,176,4552
2026-09-11 16:36:30,179,4611
2026-09-11 16:37:30,176,4513
2026-09-11 16:38:30,178,4569
2026-09-11 16:39:30,178,4542
2026-09-11 16:40:30,176,4440
2026-09-11 16:41:31,178,4482
2026-09-11 16:42:30,176,4382
2026-09-11 16:43:30,154,4420
2026-09-11 16:44:30,145,4372
2026-09-11 16:45:30,143,4281
2026-09-11 16:46:30,146,4327
2026-09-11 16:47:30,143,4221
2026-09-11 16:48:31,146,4249
2026-09-11 16:49:30,146,4216
2026-09-11 16:50:30,147,4111
2026-09-11 16:51:30,149,4150
2026-09-11 16:52:30,146,4045
2026-09-11 16:53:30,149,4082
2026-09-11 16:54:31,149,4057
2026-09-11 16:55:30,147,3955
2026-09-11 16:56:30,150,3986
2026-09-11 16:57:30,148,3890
2026-09-11 16:58:30,153,3935
2026-09-11 16:59:30,155,3907
2026-09-11 17:00:31,275,3817
2026-09-11 17:01:30,523,3864
2026-09-11 17:02:30,734,3768
2026-09-11 17:03:30,758,3805
2026-09-11 17:04:30,635,3758
2026-09-11 17:05:31,628,3652
2026-09-11 17:06:30,644,3690
2026-09-11 17:07:30,667,3607
2026-09-11 17:08:30,687,3654
2026-09-11 17:09:30,694,3639
2026-09-11 17:10:30,688,3567
2026-09-11 17:11:31,699,3597
2026-09-11 17:12:30,692,3505
2026-09-11 17:13:30,710,3524
2026-09-11 17:14:30,714,3487
2026-09-11 17:15:30,705,3396
2026-09-11 17:16:31,718,3422
2026-09-11 17:17:30,710,3335
2026-09-11 17:18:30,724,3361
2026-09-11 17:19:30,726,3328
2026-09-11 17:20:30,726,3242
2026-09-11 17:21:30,735,3253
2026-09-11 17:22:31,722,3173
2026-09-11 17:23:30,739,3197
2026-09-11 17:24:30,739,3172
2026-09-11 17:25:30,731,3096
2026-09-11 17:26:30,741,3125
2026-09-11 17:27:30,812,3049
2026-09-11 17:28:30,890,3065
2026-09-11 17:29:31,829,3026
2026-09-11 17:30:30,779,2948
2026-09-11 17:31:30,791,2956
2026-09-11 17:32:30,779,2871
2026-09-11 17:33:30,792,2887
2026-09-11 17:34:30,790,2859
2026-09-11 17:35:30,781,2779
2026-09-11 17:36:30,809,2785
2026-09-11 17:37:30,707,2708
2026-09-11 17:38:30,707,2727
2026-09-11 17:39:30,709,2698
2026-09-11 17:40:30,701,2628
2026-09-11 17:41:31,783,2642
2026-09-11 17:42:30,826,2572
2026-09-11 17:43:30,797,2540
2026-09-11 17:44:30,710,2593
2026-09-11 17:45:30,763,2437
2026-09-11 17:46:30,808,2488
2026-09-11 17:47:30,655,2453
2026-09-11 17:48:31,654,2428
2026-09-11 17:49:30,658,2392
2026-09-11 17:50:30,646,2327
2026-09-11 17:51:30,661,2329
2026-09-11 17:52:30,646,2219
2026-09-11 17:53:31,650,2262
2026-09-11 17:54:30,661,2228
2026-09-11 17:55:30,651,2160
2026-09-11 17:56:30,661,2165
2026-09-11 17:57:30,652,2091
2026-09-11 17:58:30,661,2090
2026-09-11 17:59:31,663,2052
2026-09-11 18:00:30,650,1986
2026-09-11 18:01:30,710,1988
2026-09-11 18:02:30,691,1964
2026-09-11 18:03:30,697,1933
2026-09-11 18:04:30,697,1905
2026-09-11 18:05:31,706,1843
2026-09-11 18:06:30,809,1844
2026-09-11 18:07:30,781,1777
2026-09-11 18:08:30,694,1774
2026-09-11 18:09:30,692,1741
2026-09-11 18:10:30,681,1675
2026-09-11 18:11:30,688,1663
2026-09-11 18:12:31,700,1597
2026-09-11 18:13:30,796,1588
2026-09-11 18:14:30,789,1549
2026-09-11 18:15:30,673,1486
2026-09-11 18:16:30,682,1477
2026-09-11 18:17:30,692,1420
2026-09-11 18:18:31,795,1409
2026-09-11 18:19:30,772,1303
2026-09-11 18:20:30,361,1274
2026-09-11 18:21:30,140,1296
2026-09-11 18:22:30,140,1247
2026-09-11 18:23:30,172,1238
2026-09-11 18:24:30,147,1208
2026-09-11 18:25:30,147,1171
2026-09-11 18:26:31,146,1097
2026-09-11 18:27:30,203,964
2026-09-11 18:28:30,263,971
2026-09-11 18:29:30,202,1034
2026-09-11 18:30:30,196,1025
2026-09-11 18:31:30,254,1015
2026-09-11 18:32:31,236,959
2026-09-11 18:33:30,256,923
2026-09-11 18:34:30,144,824
2026-09-11 18:35:30,121,716
2026-09-11 18:36:30,341,689
2026-09-11 18:37:30,148,675
2026-09-11 18:38:30,226,748
2026-09-11 18:39:30,125,751
2026-09-11 18:40:30,112,671
2026-09-11 18:41:31,89,597
2026-09-11 18:42:30,112,584
2026-09-11 18:43:30,113,589
2026-09-11 18:44:30,89,583
2026-09-11 18:45:30,112,556
2026-09-11 18:46:30,112,499
2026-09-11 18:47:30,88,442
2026-09-11 18:48:30,113,440
2026-09-11 18:49:31,113,437
2026-09-11 18:50:30,88,417
2026-09-11 18:51:30,109,415
2026-09-11 18:52:30,211,397
2026-09-11 18:53:30,203,390
2026-09-11 18:54:30,239,373
2026-09-11 18:55:30,227,365
2026-09-11 18:56:31,154,352
2026-09-11 18:57:30,208,333
2026-09-11 18:58:30,261,326
2026-09-11 18:59:30,295,312
2026-09-11 19:00:30,308,293
2026-09-11 19:01:30,295,286
2026-09-11 19:02:30,175,271
2026-09-11 19:03:31,127,264
2026-09-11 19:04:30,126,254
2026-09-11 19:05:30,124,241
2026-09-11 19:06:30,126,236
2026-09-11 19:07:30,124,223
2026-09-11 19:08:30,126,218
2026-09-11 19:09:30,125,210
2026-09-11 19:10:31,123,198
2026-09-11 19:11:30,125,195
2026-09-11 19:12:30,228,183
2026-09-11 19:13:30,242,181
2026-09-11 19:14:30,122,175
2026-09-11 19:15:30,122,169
2026-09-11 19:16:30,121,163
2026-09-11 19:17:31,119,153
2026-09-11 19:18:30,121,149
2026-09-11 19:19:30,121,142
2026-09-11 19:20:30,119,133
2026-09-11 19:21:30,121,130
2026-09-11 19:22:30,118,121
2026-09-11 19:23:30,121,119
2026-09-11 19:24:31,120,114
2026-09-11 19:25:30,137,107
2026-09-11 19:26:30,121,104
2026-09-11 19:27:30,121,100
2026-09-11 19:28:30,120,95
2026-09-11 19:29:30,89,89
2026-09-11 19:30:31,86,80
2026-09-11 19:31:30,88,75
2026-09-11 19:32:30,86,69
2026-09-11 19:33:30,88,65
2026-09-11 19:34:30,88,61
2026-09-11 19:35:30,86,56
2026-09-11 19:36:31,87,53
2026-09-11 19:37:30,130,48
2026-09-11 19:38:30,212,46
2026-09-11 19:39:30,212,42
2026-09-11 19:40:30,217,38
2026-09-11 19:41:31,242,36
2026-09-11 19:42:30,239,32
2026-09-11 19:43:30,242,30
2026-09-11 19:44:30,235,27
2026-09-11 19:45:30,268,23
2026-09-11 19:46:30,277,20
2026-09-11 19:47:31,268,17
2026-09-11 19:48:30,277,16
2026-09-11 19:49:30,280,13
2026-09-11 19:50:30,291,10
2026-09-11 19:51:30,304,8
2026-09-11 19:52:30,298,7
2026-09-11 19:53:31,349,5
2026-09-11 19:54:30,381,1
2026-09-11 19:55:30,374,0
2026-09-11 19:56:30,381,0
2026-09-11 19:57:30,374,0
2026-09-11 19:58:30,376,0
2026-09-11 19:59:30,364,0
2026-09-11 20:00:30,357,0
2026-09-11 20:01:31,366,0
2026-09-11 20:02:30,335,1
2026-09-11 20:03:30,386,0
2026-09-11 20:04:30,410,0
2026-09-11 20:05:30,414,0
2026-09-11 20:06:30,422,0
2026-09-11 20:07:31,414,0
2026-09-11 20:08:30,421,0
2026-09-11 20:09:30,421,0
2026-09-11 20:10:30,413,0
2026-09-11 20:11:30,419,0
2026-09-11 20:12:30,412,0
2026-09-11 20:13:30,419,0
2026-09-11 20:14:31,419,0
2026-09-11 20:15:30,416,0
2026-09-11 20:16:30,528,0
2026-09-11 20:17:30,514,0
2026-09-11 20:18:30,417,0
2026-09-11 20:19:30,410,0
2026-09-11 20:20:30,379,0
2026-09-11 20:21:31,385,0
2026-09-11 20:22:30,385,0
2026-09-11 20:23:30,389,0
2026-09-11 20:24:30,422,0
2026-09-11 20:25:30,433,0
2026-09-11 20:26:30,469,0
2026-09-11 20:27:30,411,0
2026-09-11 20:28:30,375,0
2026-09-11 20:29:31,308,0
2026-09-11 20:30:30,338,0
2026-09-11 20:31:30,325,0
2026-09-11 20:32:30,302,0
2026-09-11 20:33:30,307,0
2026-09-11 20:34:30,326,0
2026-09-11 20:35:31,334,0
2026-09-11 20:36:30,302,0
2026-09-11 20:37:30,296,0
2026-09-11 20:38:30,301,0
2026-09-11 20:39:30,300,0
2026-09-11 20:40:30,295,0
2026-09-11 20:41:31,301,0
2026-09-11 20:42:30,295,0
2026-09-11 20:43:30,299,0
2026-09-11 20:44:30,299,0
2026-09-11 20:45:30,295,0
2026-09-11 20:46:31,299,0
2026-09-11 20:47:30,295,0
2026-09-11 20:48:30,299,0
2026-09-11 20:49:30,310,0
2026-09-11 20:50:30,263,0
2026-09-11 20:51:30,267,0
2026-09-11 20:52:30,262,0
2026-09-11 20:53:31,267,0
2026-09-11 20:54:30,266,0
2026-09-11 20:55:30,262,0
2026-09-11 20:56:30,267,0
2026-09-11 20:57:30,291,0
2026-09-11 20:58:30,301,0
2026-09-11 20:59:31,305,0
2026-09-11 21:00:30,303,0
2026-09-11 21:01:30,308,0
2026-09-11 21:02:30,340,0
2026-09-11 21:03:30,308,0
2026-09-11 21:04:30,307,0
2026-09-11 21:05:30,307,0
2026-09-11 21:06:31,307,0
2026-09-11 21:07:30,301,0
2026-09-11 21:08:30,306,0
2026-09-11 21:09:30,305,0
2026-09-11 21:10:30,306,0
2026-09-11 21:11:31,305,0
2026-09-11 21:12:30,300,0
2026-09-11 21:13:30,301,0
2026-09-11 21:14:30,305,0
2026-09-11 21:15:30,306,0
2026-09-11 21:16:30,305,0
2026-09-11 21:17:30,301,0
2026-09-11 21:18:30,300,0
2026-09-11 21:19:30,305,0
2026-09-11 21:20:30,304,0
2026-09-11 21:21:30,302,0
2026-09-11 21:22:31,296,0
2026-09-11 21:23:30,296,0
2026-09-11 21:24:30,301,0
2026-09-11 21:25:30,300,0
2026-09-11 21:26:30,300,0
2026-09-11 21:27:31,295,0
2026-09-11 21:28:30,295,0
2026-09-11 21:29:30,299,0
2026-09-11 21:30:30,299,0
2026-09-11 21:31:30,295,0
2026-09-11 21:32:31,300,0
2026-09-11 21:33:30,295,0
2026-09-11 21:34:30,295,0
2026-09-11 21:35:30,270,0
2026-09-11 21:36:30,263,0
2026-09-11 21:37:30,266,0
2026-09-11 21:38:31,268,0
2026-09-11 21:39:30,268,0
2026-09-11 21:40:30,267,0
2026-09-11 21:41:30,268,0
2026-09-11 21:42:31,269,0
2026-09-11 21:43:30,263,0
2026-09-11 21:44:30,289,0
2026-09-11 21:45:30,269,0
2026-09-11 21:46:30,265,0
2026-09-11 21:47:30,270,0
2026-09-11 21:48:31,265,0
2026-09-11 21:49:30,269,0
2026-09-11 21:50:30,269,0
2026-09-11 21:51:30,302,0
2026-09-11 21:52:30,268,0
2026-09-11 21:53:31,265,0
2026-09-11 21:54:30,269,0
2026-09-11 21:55:30,269,0
2026-09-11 21:56:30,296,0
2026-09-11 21:57:30,303,0
2026-09-11 21:58:30,301,0
2026-09-11 21:59:31,308,0
2026-09-11 22:00:30,308,0
2026-09-11 22:01:30,303,0
2026-09-11 22:02:30,308,0
2026-09-11 22:03:31,332,0
2026-09-11 22:04:30,338,0
2026-09-11 22:05:30,339,0
2026-09-11 22:06:30,332,0
2026-09-11 22:07:30,341,0
2026-09-11 22:08:30,338,0
2026-09-11 22:09:31,344,0
2026-09-11 22:10:30,343,0
2026-09-11 22:11:30,337,0
2026-09-11 22:12:30,343,0
2026-09-11 22:13:30,337,0
2026-09-11 22:14:30,343,0
2026-09-11 22:15:31,369,0
2026-09-11 22:16:30,382,0
2026-09-11 22:17:30,355,0
2026-09-11 22:18:30,307,0
2026-09-11 22:19:30,311,0
2026-09-11 22:20:30,311,0
2026-09-11 22:21:30,306,0
2026-09-11 22:22:30,306,0
2026-09-11 22:23:30,311,0
2026-09-11 22:24:30,311,0
2026-09-11 22:25:30,311,0
2026-09-11 22:26:30,305,0
2026-09-11 22:27:30,311,0
2026-09-11 22:28:31,311,0
2026-09-11 22:29:30,301,0
2026-09-11 22:30:30,322,0
2026-09-11 22:31:30,368,0
2026-09-11 22:32:30,427,0
2026-09-11 22:33:30,444,0
2026-09-11 22:34:30,461,0
2026-09-11 22:35:30,511,0
2026-09-11 22:36:30,456,0
2026-09-11 22:37:30,460,0
2026-09-11 22:38:30,448,0
2026-09-11 22:39:31,429,0
2026-09-11 22:40:30,343,0
2026-09-11 22:41:30,335,0
2026-09-11 22:42:30,340,0
2026-09-11 22:43:30,338,0
2026-09-11 22:44:30,353,0
2026-09-11 22:45:31,340,0
2026-09-11 22:46:30,335,0
2026-09-11 22:47:30,315,0
2026-09-11 22:48:30,305,0
2026-09-11 22:49:30,310,0
2026-09-11 22:50:30,309,0
2026-09-11 22:51:31,310,0
2026-09-11 22:52:30,309,0
2026-09-11 22:53:30,304,0
2026-09-11 22:54:30,309,0
2026-09-11 22:55:30,309,0
2026-09-11 22:56:30,304,0
2026-09-11 22:57:30,309,0
2026-09-11 22:58:31,304,0
2026-09-11 22:59:30,309,0
2026-09-11 23:00:30,329,0
2026-09-11 23:01:30,305,0
2026-09-11 23:02:30,311,0
2026-09-11 23:03:31,305,0
2026-09-11 23:04:30,310,0
2026-09-11 23:05:30,310,0
2026-09-11 23:06:30,304,0
2026-09-11 23:07:30,310,0
2026-09-11 23:08:30,304,0
2026-09-11 23:09:31,308,0
2026-09-11 23:10:30,308,0
2026-09-11 23:11:30,303,0
2026-09-11 23:12:30,308,0
2026-09-11 23:13:30,304,0
2026-09-11 23:14:31,308,0
2026-09-11 23:15:30,342,0
2026-09-11 23:16:30,289,0
2026-09-11 23:17:30,314,0
2026-09-11 23:18:30,327,0
2026-09-11 23:19:30,332,0
2026-09-11 23:20:31,332,0
2026-09-11 23:21:30,326,0
2026-09-11 23:22:30,778,0
2026-09-11 23:23:30,1434,0
2026-09-11 23:24:30,1226,0
2026-09-11 23:25:30,1720,0
2026-09-11 23:26:30,1691,0
2026-09-11 23:27:31,1720,0
2026-09-11 23:28:30,1690,0
2026-09-11 23:29:30,544,0
2026-09-11 23:30:30,332,0
2026-09-11 23:31:31,310,0
2026-09-11 23:32:30,235,0
2026-09-11 23:33:30,193,0
2026-09-11 23:34:30,207,0
2026-09-11 23:35:30,226,0
2026-09-11 23:36:30,227,0
2026-09-11 23:37:31,213,0
2026-09-11 23:38:30,184,0
2026-09-11 23:39:30,187,0
2026-09-11 23:40:30,188,0
2026-09-11 23:41:30,173,0
2026-09-11 23:42:30,154,0
2026-09-11 23:43:30,151,0
2026-09-11 23:44:31,154,0
2026-09-11 23:45:30,154,0
2026-09-11 23:46:30,183,0
2026-09-11 23:47:30,188,0
2026-09-11 23:48:30,187,0
2026-09-11 23:49:30,193,0
2026-09-11 23:50:31,193,0
2026-09-11 23:51:30,190,0
2026-09-11 23:52:30,193,0
2026-09-11 23:53:30,185,0
2026-09-11 23:54:30,189,0
2026-09-11 23:55:30,191,0
2026-09-11 23:56:30,188,0
2026-09-11 23:57:30,191,0
2026-09-11 23:58:30,185,0
2026-09-11 23:59:30,191,0
2026-09-12 00:00:30,187,0
2026-09-12 00:01:30,181,0
2026-09-12 00:02:30,183,0
2026-09-12 00:03:30,182,0
2026-09-12 00:04:31,199,0
2026-09-12 00:05:30,187,0
2026-09-12 00:06:30,180,0
2026-09-12 00:07:30,186,0
2026-09-12 00:08:30,180,0
2026-09-12 00:09:30,184,0
2026-09-12 00:10:31,187,0
2026-09-12 00:11:30,177,0
2026-09-12 00:12:30,187,0
2026-09-12 00:13:30,194,0
2026-09-12 00:14:30,194,0
2026-09-12 00:15:30,189,0
2026-09-12 00:16:30,175,0
2026-09-12 00:17:31,178,0
2026-09-12 00:18:30,179,0
2026-09-12 00:19:30,187,0
2026-09-12 00:20:30,178,0
2026-09-12 00:21:30,175,0
2026-09-12 00:22:30,176,0
2026-09-12 00:23:31,181,0
2026-09-12 00:24:30,146,0
2026-09-12 00:25:30,149,0
2026-09-12 00:26:30,143,0
2026-09-12 00:27:30,146,0
2026-09-12 00:28:30,146,0
2026-09-12 00:29:31,142,0
2026-09-12 00:30:30,142,0
2026-09-12 00:31:30,143,0
2026-09-12 00:32:30,143,0
2026-09-12 00:33:30,149,0
2026-09-12 00:34:30,145,0
2026-09-12 00:35:31,149,0
2026-09-12 00:36:30,143,0
2026-09-12 00:37:30,167,0
2026-09-12 00:38:30,182,0
2026-09-12 00:39:30,182,0
2026-09-12 00:40:30,189,0
2026-09-12 00:41:31,184,0
2026-09-12 00:42:30,178,0
2026-09-12 00:43:30,194,0
2026-09-12 00:44:30,206,0
2026-09-12 00:45:30,178,0
2026-09-12 00:46:30,170,0
2026-09-12 00:47:31,173,0
2026-09-12 00:48:30,172,0
2026-09-12 00:49:30,172,0
2026-09-12 00:50:30,163,0
2026-09-12 00:51:30,160,0
2026-09-12 00:52:31,159,0
2026-09-12 00:53:30,162,0
2026-09-12 00:54:30,166,0
2026-09-12 00:55:30,172,0
2026-09-12 00:56:30,166,0
2026-09-12 00:57:30,165,0
2026-09-12 00:58:30,167,0
2026-09-12 00:59:31,168,0
2026-09-12 01:00:30,167,0
2026-09-12 01:01:30,162,0
2026-09-12 01:02:30,161,0
2026-09-12 01:03:30,164,0
2026-09-12 01:04:30,164,0
2026-09-12 01:05:30,163,0
2026-09-12 01:06:31,161,0
2026-09-12 01:07:30,160,0
2026-09-12 01:08:30,163,0
2026-09-12 01:09:30,163,0
2026-09-12 01:10:30,162,0
2026-09-12 01:11:30,160,0
2026-09-12 01:12:30,160,0
2026-09-12 01:13:31,162,0
2026-09-12 01:14:30,162,0
2026-09-12 01:15:30,140,0
2026-09-12 01:16:30,127,0
2026-09-12 01:17:30,127,0
2026-09-12 01:18:30,130,0
2026-09-12 01:19:30,129,0
2026-09-12 01:20:31,128,0
2026-09-12 01:21:30,125,0
2026-09-12 01:22:30,125,0
2026-09-12 01:23:30,128,0
2026-09-12 01:24:30,127,0
2026-09-12 01:25:30,128,0
2026-09-12 01:26:31,126,0
2026-09-12 01:27:30,126,0
2026-09-12 01:28:30,125,0
2026-09-12 01:29:30,123,0
2026-09-12 01:30:30,123,0
2026-09-12 01:31:30,126,0
2026-09-12 01:32:31,158,0
2026-09-12 01:33:30,160,0
2026-09-12 01:34:30,163,0
2026-09-12 01:35:30,164,0
2026-09-12 01:36:30,161,0
2026-09-12 01:37:30,161,0
2026-09-12 01:38:31,164,0
2026-09-12 01:39:30,163,0
2026-09-12 01:40:30,163,0
2026-09-12 01:41:30,160,0
2026-09-12 01:42:30,160,0
2026-09-12 01:43:30,163,0
2026-09-12 01:44:30,170,0
2026-09-12 01:45:31,162,0
2026-09-12 01:46:30,160,0
2026-09-12 01:47:30,160,0
2026-09-12 01:48:30,162,0
2026-09-12 01:49:30,161,0
2026-09-12 01:50:30,161,0
2026-09-12 01:51:30,158,0
2026-09-12 01:52:31,157,0
2026-09-12 01:53:30,158,0
2026-09-12 01:54:30,158,0
2026-09-12 01:55:30,158,0
2026-09-12 01:56:30,155,0
2026-09-12 01:57:30,154,0
2026-09-12 01:58:30,157,0
2026-09-12 01:59:30,157,0
2026-09-12 02:00:30,157,0
2026-09-12 02:01:30,151,0
2026-09-12 02:02:30,144,0
2026-09-12 02:03:31,157,0
2026-09-12 02:04:30,157,0
2026-09-12 02:05:30,156,0
2026-09-12 02:06:30,154,0
2026-09-12 02:07:30,154,0
2026-09-12 02:08:30,156,0
2026-09-12 02:09:30,145,0
2026-09-12 02:10:31,176,0
2026-09-12 02:11:30,204,0
2026-09-12 02:12:30,213,0
2026-09-12 02:13:30,124,0
2026-09-12 02:14:30,124,0
2026-09-12 02:15:30,124,0
2026-09-12 02:16:31,121,0
2026-09-12 02:17:30,124,0
2026-09-12 02:18:30,123,0
2026-09-12 02:19:30,143,0
2026-09-12 02:20:30,175,0
2026-09-12 02:21:30,162,0
2026-09-12 02:22:30,196,0
2026-09-12 02:23:31,160,0
2026-09-12 02:24:30,139,0
2026-09-12 02:25:30,159,0
2026-09-12 02:26:30,160,0
2026-09-12 02:27:30,163,0
2026-09-12 02:28:30,166,0
2026-09-12 02:29:31,166,0
2026-09-12 02:30:30,176,0
2026-09-12 02:31:30,195,0
2026-09-12 02:32:30,197,0
2026-09-12 02:33:30,208,0
2026-09-12 02:34:30,205,0
2026-09-12 02:35:30,208,0
2026-09-12 02:36:31,203,0
2026-09-12 02:37:30,203,0
2026-09-12 02:38:30,206,0
2026-09-12 02:39:30,206,0
2026-09-12 02:40:30,209,0
2026-09-12 02:41:30,199,0
2026-09-12 02:42:30,205,0
2026-09-12 02:43:31,205,0
2026-09-12 02:44:30,204,0
2026-09-12 02:45:30,200,0
2026-09-12 02:46:30,193,0
2026-09-12 02:47:30,196,0
2026-09-12 02:48:30,199,0
2026-09-12 02:49:30,199,0
2026-09-12 02:50:31,198,0
2026-09-12 02:51:30,194,0
2026-09-12 02:52:30,194,0
2026-09-12 02:53:30,197,0
2026-09-12 02:54:30,197,0
2026-09-12 02:55:30,197,0
2026-09-12 02:56:30,194,0
2026-09-12 02:57:31,193,0
2026-09-12 02:58:30,196,0
2026-09-12 02:59:30,196,0
2026-09-12 03:00:30,199,0
2026-09-12 03:01:30,161,0
2026-09-12 03:02:30,181,0
2026-09-12 03:03:30,272,0
2026-09-12 03:04:31,166,0
2026-09-12 03:05:30,164,0
2026-09-12 03:06:30,160,0
2026-09-12 03:07:30,160,0
2026-09-12 03:08:30,164,0
2026-09-12 03:09:30,162,0
2026-09-12 03:10:30,162,0
2026-09-12 03:11:31,160,0
2026-09-12 03:12:30,159,0
2026-09-12 03:13:30,162,0
2026-09-12 03:14:30,162,0
2026-09-12 03:15:30,162,0
2026-09-12 03:16:30,159,0
2026-09-12 03:17:31,159,0
2026-09-12 03:18:30,163,0
2026-09-12 03:19:30,162,0
2026-09-12 03:20:30,161,0
2026-09-12 03:21:30,161,0
2026-09-12 03:22:30,197,0
2026-09-12 03:23:30,197,0
2026-09-12 03:24:31,200,0
2026-09-12 03:25:30,201,0
2026-09-12 03:26:30,197,0
2026-09-12 03:27:30,197,0
2026-09-12 03:28:30,200,0
2026-09-12 03:29:30,200,0
2026-09-12 03:30:30,200,0
2026-09-12 03:31:31,196,0
2026-09-12 03:32:30,196,0
2026-09-12 03:33:30,199,0
2026-09-12 03:34:30,199,0
2026-09-12 03:35:30,198,0
2026-09-12 03:36:30,196,0
2026-09-12 03:37:30,195,0
2026-09-12 03:38:30,198,0
2026-09-12 03:39:30,200,0
2026-09-12 03:40:30,200,0
2026-09-12 03:41:30,194,0
2026-09-12 03:42:30,193,0
2026-09-12 03:43:31,196,0
2026-09-12 03:44:30,196,0
2026-09-12 03:45:30,195,0
2026-09-12 03:46:30,191,0
2026-09-12 03:47:30,191,0
2026-09-12 03:48:30,194,0
2026-09-12 03:49:31,194,0
2026-09-12 03:50:30,194,0
2026-09-12 03:51:30,191,0
2026-09-12 03:52:30,190,0
2026-09-12 03:53:30,193,0
2026-09-12 03:54:30,193,0
2026-09-12 03:55:30,188,0
2026-09-12 03:56:31,153,0
2026-09-12 03:57:30,140,0
2026-09-12 03:58:30,116,0
2026-09-12 03:59:30,102,0
2026-09-12 04:00:30,101,0
2026-09-12 04:01:30,100,0
2026-09-12 04:02:31,102,0
2026-09-12 04:03:30,109,0
2026-09-12 04:04:30,101,0
2026-09-12 04:05:30,101,0
2026-09-12 04:06:30,100,0
2026-09-12 04:07:30,103,0
2026-09-12 04:08:31,102,0
2026-09-12 04:09:30,101,0
2026-09-12 04:10:30,102,0
2026-09-12 04:11:30,100,0
2026-09-12 04:12:30,100,0
2026-09-12 04:13:30,101,0
2026-09-12 04:14:31,101,0
2026-09-12 04:15:30,101,0
2026-09-12 04:16:30,100,0
2026-09-12 04:17:30,100,0
2026-09-12 04:18:30,102,0
2026-09-12 04:19:31,125,0
2026-09-12 04:20:30,136,0
2026-09-12 04:21:30,138,0
2026-09-12 04:22:30,140,0
2026-09-12 04:23:30,142,0
2026-09-12 04:24:30,142,0
2026-09-12 04:25:31,140,0
2026-09-12 04:26:30,135,0
2026-09-12 04:27:30,134,0
2026-09-12 04:28:30,136,0
2026-09-12 04:29:30,136,0
2026-09-12 04:30:30,136,0
2026-09-12 04:31:31,133,0
2026-09-12 04:32:30,133,0
2026-09-12 04:33:30,136,0
2026-09-12 04:34:30,136,0
2026-09-12 04:35:30,135,0
2026-09-12 04:36:30,133,0
2026-09-12 04:37:31,133,0
2026-09-12 04:38:30,133,0
2026-09-12 04:39:30,131,0
2026-09-12 04:40:30,131,0
2026-09-12 04:41:30,128,0
2026-09-12 04:42:30,133,0
2026-09-12 04:43:31,130,0
2026-09-12 04:44:30,131,0
2026-09-12 04:45:30,130,0
2026-09-12 04:46:30,127,0
2026-09-12 04:47:30,127,0
2026-09-12 04:48:30,129,0
2026-09-12 04:49:30,130,0
2026-09-12 04:50:30,129,0
2026-09-12 04:51:30,126,0
2026-09-12 04:52:30,130,0
2026-09-12 04:53:30,130,0
2026-09-12 04:54:30,130,0
2026-09-12 04:55:30,122,0
2026-09-12 04:56:31,96,0
2026-09-12 04:57:30,95,0
2026-09-12 04:58:30,97,0
2026-09-12 04:59:30,97,0
2026-09-12 05:00:30,98,0
2026-09-12 05:01:30,97,0
2026-09-12 05:02:31,95,0
2026-09-12 05:03:30,104,0
2026-09-12 05:04:30,97,0
2026-09-12 05:05:30,97,0
2026-09-12 05:06:30,96,0
2026-09-12 05:07:30,95,0
2026-09-12 05:08:31,98,0
2026-09-12 05:09:30,101,0
2026-09-12 05:10:30,97,0
2026-09-12 05:11:30,94,0
2026-09-12 05:12:30,95,0
2026-09-12 05:13:30,96,0
2026-09-12 05:14:30,96,0
2026-09-12 05:15:31,124,0
2026-09-12 05:16:30,128,0
2026-09-12 05:17:30,132,0
2026-09-12 05:18:30,136,0
2026-09-12 05:19:30,136,0
2026-09-12 05:20:30,136,0
2026-09-12 05:21:31,134,0
2026-09-12 05:22:30,134,0
2026-09-12 05:23:30,136,0
2026-09-12 05:24:30,136,0
2026-09-12 05:25:30,136,0
2026-09-12 05:26:30,133,0
2026-09-12 05:27:31,133,0
2026-09-12 05:28:30,134,0
2026-09-12 05:29:30,135,0
2026-09-12 05:30:30,134,0
2026-09-12 05:31:30,130,0
2026-09-12 05:32:31,128,0
2026-09-12 05:33:30,131,0
2026-09-12 05:34:30,130,0
2026-09-12 05:35:30,131,0
2026-09-12 05:36:30,127,0
2026-09-12 05:37:30,128,0
2026-09-12 05:38:31,128,0
2026-09-12 05:39:30,128,0
2026-09-12 05:40:30,128,0
2026-09-12 05:41:30,126,0
2026-09-12 05:42:30,125,0
2026-09-12 05:43:30,128,0
2026-09-12 05:44:30,127,0
2026-09-12 05:45:31,127,0
2026-09-12 05:46:30,125,0
2026-09-12 05:47:30,125,0
2026-09-12 05:48:30,127,0
2026-09-12 05:49:30,127,0
2026-09-12 05:50:30,99,0
2026-09-12 05:51:31,94,0
2026-09-12 05:52:30,93,0
2026-09-12 05:53:30,95,0
2026-09-12 05:54:30,95,0
2026-09-12 05:55:30,95,0
2026-09-12 05:56:31,93,0
2026-09-12 05:57:30,94,0
2026-09-12 05:58:30,95,0
2026-09-12 05:59:30,95,0
2026-09-12 06:00:30,95,0
2026-09-12 06:01:30,161,0
2026-09-12 06:02:31,209,0
2026-09-12 06:03:30,149,0
2026-09-12 06:04:30,96,0
2026-09-12 06:05:30,96,0
2026-09-12 06:06:30,94,0
2026-09-12 06:07:30,95,0
2026-09-12 06:08:31,97,0
2026-09-12 06:09:30,96,0
2026-09-12 06:10:30,95,0
2026-09-12 06:11:30,128,0
2026-09-12 06:12:30,129,0
2026-09-12 06:13:30,134,0
2026-09-12 06:14:30,137,0
2026-09-12 06:15:31,136,0
2026-09-12 06:16:30,134,0
2026-09-12 06:17:30,136,0
2026-09-12 06:18:30,136,0
2026-09-12 06:19:30,135,0
2026-09-12 06:20:30,134,0
2026-09-12 06:21:31,132,0
2026-09-12 06:22:30,131,0
2026-09-12 06:23:30,134,0
2026-09-12 06:24:30,133,0
2026-09-12 06:25:30,134,0
2026-09-12 06:26:30,131,0
2026-09-12 06:27:31,131,0
2026-09-12 06:28:30,133,0
2026-09-12 06:29:30,133,0
2026-09-12 06:30:30,133,0
2026-09-12 06:31:30,129,0
2026-09-12 06:32:30,127,0
2026-09-12 06:33:31,129,0
2026-09-12 06:34:30,128,0
2026-09-12 06:35:30,128,0
2026-09-12 06:36:30,126,0
2026-09-12 06:37:30,126,0
2026-09-12 06:38:30,127,0
2026-09-12 06:39:30,128,0
2026-09-12 06:40:31,128,0
2026-09-12 06:41:30,125,0
2026-09-12 06:42:30,125,0
2026-09-12 06:43:30,128,0
2026-09-12 06:44:30,127,0
2026-09-12 06:45:30,128,0
2026-09-12 06:46:31,125,0
2026-09-12 06:47:30,125,0
2026-09-12 06:48:30,127,0
2026-09-12 06:49:30,95,0
2026-09-12 06:50:30,95,0
2026-09-12 06:51:30,93,0
2026-09-12 06:52:31,93,0
2026-09-12 06:53:30,95,0
2026-09-12 06:54:30,95,0
2026-09-12 06:55:30,95,0
2026-09-12 06:56:30,93,0
2026-09-12 06:57:30,93,0
2026-09-12 06:58:31,95,0
2026-09-12 06:59:30,95,0
2026-09-12 07:00:30,94,0
2026-09-12 07:01:30,93,0
2026-09-12 07:02:30,93,1
2026-09-12 07:03:31,101,0
2026-09-12 07:04:30,94,0
2026-09-12 07:05:30,95,1
2026-09-12 07:06:30,93,4
2026-09-12 07:07:30,96,6
2026-09-12 07:08:30,96,11
2026-09-12 07:09:31,95,14
2026-09-12 07:10:30,96,19
2026-09-12 07:11:30,91,23
2026-09-12 07:12:31,82,28
2026-09-12 07:13:30,120,34
2026-09-12 07:14:30,119,38
2026-09-12 07:15:30,123,41
2026-09-12 07:16:30,122,43
2026-09-12 07:17:30,112,46
2026-09-12 07:18:31,103,49
2026-09-12 07:19:30,104,52
2026-09-12 07:20:30,103,55
2026-09-12 07:21:30,101,57
2026-09-12 07:22:30,101,60
2026-09-12 07:23:30,103,64
2026-09-12 07:24:31,102,67
2026-09-12 07:25:30,101,70
2026-09-12 07:26:30,99,70
2026-09-12 07:27:30,101,70
2026-09-12 07:28:30,101,70
2026-09-12 07:29:30,100,71
2026-09-12 07:30:31,101,77
2026-09-12 07:31:30,98,82
2026-09-12 07:32:30,97,87
2026-09-12 07:33:30,97,93
2026-09-12 07:34:30,97,98
2026-09-12 07:35:31,97,105
2026-09-12 07:36:30,94,107
2026-09-12 07:37:30,94,112
2026-09-12 07:38:30,96,121
2026-09-12 07:39:30,96,129
2026-09-12 07:40:30,95,139
2026-09-12 07:41:31,94,150
2026-09-12 07:42:30,94,173
2026-09-12 07:43:30,95,194
2026-09-12 07:44:30,95,193
2026-09-12 07:45:31,95,185
2026-09-12 07:46:30,93,188
2026-09-12 07:47:30,95,199
2026-09-12 07:48:30,104,216
2026-09-12 07:49:30,106,229
2026-09-12 07:50:30,100,246
2026-09-12 07:51:31,73,262
2026-09-12 07:52:30,71,277
2026-09-12 07:53:30,72,296
2026-09-12 07:54:30,73,315
2026-09-12 07:55:30,72,339
2026-09-12 07:56:30,71,358
2026-09-12 07:57:31,71,381
2026-09-12 07:58:30,79,409
2026-09-12 07:59:30,227,424
2026-09-12 08:00:30,256,439
2026-09-12 08:01:30,810,436
2026-09-12 08:02:30,769,408
2026-09-12 08:03:31,833,452
2026-09-12 08:04:30,235,465
2026-09-12 08:05:30,234,482
2026-09-12 08:06:30,365,491
2026-09-12 08:07:30,250,520
2026-09-12 08:08:30,217,562
2026-09-12 08:09:31,215,679
2026-09-12 08:10:30,385,782
2026-09-12 08:11:30,212,817
2026-09-12 08:12:30,252,865
2026-09-12 08:13:30,250,878
2026-09-12 08:14:30,253,889
2026-09-12 08:15:31,255,952
2026-09-12 08:16:30,250,1009
2026-09-12 08:17:30,251,1068
2026-09-12 08:18:30,254,1194
2026-09-12 08:19:30,257,1305
2026-09-12 08:20:30,258,1468
2026-09-12 08:21:30,227,1621
2026-09-12 08:22:30,223,1761
2026-09-12 08:23:30,227,1895
2026-09-12 08:24:30,233,1955
2026-09-12 08:25:30,225,1966
2026-09-12 08:26:31,221,1904
2026-09-12 08:27:30,221,1894
2026-09-12 08:28:30,232,1795
2026-09-12 08:29:30,235,1703
2026-09-12 08:30:30,235,1603
2026-09-12 08:31:30,229,1583
2026-09-12 08:32:31,228,1417
2026-09-12 08:33:30,231,1414
2026-09-12 08:34:30,231,1453
2026-09-12 08:35:30,235,1352
2026-09-12 08:36:30,236,1283
2026-09-12 08:37:30,346,1303
2026-09-12 08:38:31,354,1363
2026-09-12 08:39:30,221,1412
2026-09-12 08:40:30,247,1411
2026-09-12 08:41:30,250,1416
2026-09-12 08:42:30,237,1464
2026-09-12 08:43:30,220,1391
2026-09-12 08:44:30,227,1444
2026-09-12 08:45:31,220,1476
2026-09-12 08:46:30,218,1495
2026-09-12 08:47:30,217,1412
2026-09-12 08:48:30,219,1466
2026-09-12 08:49:30,214,1691
2026-09-12 09:04:30,301,0
2026-09-12 09:05:31,294,0
2026-09-12 09:06:30,294,27
2026-09-12 09:07:30,315,857
2026-09-12 09:08:30,293,1897
2026-09-12 09:09:30,232,2234
2026-09-12 09:10:31,266,2182
2026-09-12 09:11:30,239,2559
2026-09-12 09:12:30,265,2881
2026-09-12 09:13:30,239,2950
2026-09-12 09:14:30,255,2912
2026-09-12 09:15:30,251,3034
2026-09-12 09:16:30,251,3040
2026-09-12 09:17:31,241,3020
2026-09-12 09:18:30,253,2956
2026-09-12 09:19:30,235,2800
2026-09-12 09:20:30,257,2888
2026-09-12 09:21:30,235,2916
2026-09-12 09:22:30,254,2987
2026-09-12 09:23:30,249,3080
2026-09-12 09:24:30,235,3089
2026-09-12 09:25:30,236,3355
2026-09-12 09:26:30,275,3559
2026-09-12 09:27:31,282,3747
2026-09-12 09:28:30,257,3877
2026-09-12 09:29:30,268,3828
2026-09-12 09:30:30,275,3508
2026-09-12 09:31:30,277,3671
2026-09-12 09:32:30,274,3410
2026-09-12 09:33:30,1181,2688
2026-09-12 09:34:30,2274,2296
2026-09-12 09:35:30,2356,2257
2026-09-12 09:36:30,2387,2264
2026-09-12 09:37:30,2374,2486
2026-09-12 09:38:30,2320,2185
2026-09-12 09:39:30,544,2107
2026-09-12 09:40:30,328,2216
2026-09-12 09:41:30,1204,2931
2026-09-12 09:42:30,2377,3515
2026-09-12 09:43:30,869,2638
2026-09-12 09:44:30,342,2167
2026-09-12 09:45:30,362,1925
2026-09-12 09:46:30,363,1693
2026-09-12 09:47:30,341,1540
2026-09-12 09:48:30,598,1502
2026-09-12 09:49:30,2314,1498
2026-09-12 09:50:31,2365,1647
2026-09-12 09:51:30,2369,1751
2026-09-12 09:52:30,2345,2138
2026-09-12 09:53:30,2363,2471
2026-09-12 09:54:30,944,2133
2026-09-12 09:55:30,378,1663
2026-09-12 09:56:30,349,1591
2026-09-12 09:57:30,377,1570
2026-09-12 09:58:31,344,1555
2026-09-12 09:59:30,331,1508
2026-09-12 10:00:30,1726,1543
2026-09-12 10:01:30,2318,1523
2026-09-12 10:02:30,2314,1519
2026-09-12 10:03:30,2294,1544
2026-09-12 10:04:30,2191,1516
2026-09-12 10:05:31,2254,1612
2026-09-12 10:06:30,2260,1691
2026-09-12 10:07:30,1315,1786
2026-09-12 10:08:30,347,1907
2026-09-12 10:09:30,331,1979
2026-09-12 10:10:30,342,2180
2026-09-12 10:11:30,338,2743
2026-09-12 10:12:30,334,3957
2026-09-12 10:13:30,328,4236
2026-09-12 10:14:30,223,4027
2026-09-12 10:15:30,232,3613
2026-09-12 10:16:30,218,3508
2026-09-12 10:17:31,322,3709
2026-09-12 10:18:30,560,3609
2026-09-12 10:19:30,2141,3133
2026-09-12 10:20:30,2266,4137
2026-09-12 10:21:30,2228,4522
2026-09-12 10:22:30,374,4213
2026-09-12 10:23:30,198,5368
2026-09-12 10:24:30,1703,5174
2026-09-12 10:25:31,2310,5351
2026-09-12 10:26:30,2283,5306
2026-09-12 10:27:30,1312,5111
2026-09-12 10:28:30,157,5335
2026-09-12 10:29:30,290,4852
2026-09-12 10:30:30,2236,3448
2026-09-12 10:31:31,2185,3270
2026-09-12 10:32:30,2176,3804
2026-09-12 10:33:30,2204,5409
2026-09-12 10:34:30,2132,5273
2026-09-12 10:35:30,2233,5377
2026-09-12 10:36:30,2237,5332
2026-09-12 10:37:30,205,5325
2026-09-12 10:38:31,197,5333
2026-09-12 10:39:30,180,5150
2026-09-12 10:40:30,1075,5323
2026-09-12 10:41:30,2246,5298
2026-09-12 10:42:30,1250,5238
2026-09-12 10:43:30,196,3805
2026-09-12 10:44:30,184,4556
2026-09-12 10:45:31,187,4464
2026-09-12 10:46:30,187,4364
2026-09-12 10:47:30,191,4324
2026-09-12 10:48:30,188,3446
2026-09-12 10:49:30,179,3265
2026-09-12 10:50:30,183,5717
2026-09-12 10:51:30,181,5800
2026-09-12 10:52:30,179,5800
2026-09-12 10:53:30,178,5800
2026-09-12 10:54:31,170,5734
2026-09-12 10:55:30,176,5894
2026-09-12 10:56:30,176,5747
2026-09-12 10:57:30,298,5520
2026-09-12 10:58:30,313,5119
2026-09-12 10:59:30,168,4385
2026-09-12 11:00:31,172,3782
2026-09-12 11:01:30,171,4225
2026-09-12 11:02:30,170,5329
2026-09-12 11:03:30,170,5751
2026-09-12 11:04:30,164,5693
2026-09-12 11:05:30,170,5993
2026-09-12 11:06:30,169,6016
2026-09-12 11:07:30,169,6011
2026-09-12 11:08:31,169,6012
2026-09-12 11:09:30,163,5807
2026-09-12 11:10:30,169,5959
2026-09-12 11:11:30,191,5956
2026-09-12 11:12:30,211,5979
2026-09-12 11:13:30,169,5931
2026-09-12 11:14:31,163,5312
2026-09-12 11:15:30,168,5931
2026-09-12 11:16:30,168,5820
2026-09-12 11:17:30,140,4822
2026-09-12 11:18:30,138,5798
2026-09-12 11:19:30,136,5193
2026-09-12 11:20:30,137,3012
2026-09-12 11:21:30,137,2381
2026-09-12 11:22:31,173,2318
2026-09-12 11:23:30,256,2312
2026-09-12 11:24:30,217,2351
2026-09-12 11:25:30,137,2511
2026-09-12 11:26:30,137,3057
2026-09-12 11:27:30,136,4901
2026-09-12 11:28:31,136,5395
2026-09-12 11:29:30,132,4183
2026-09-12 11:30:30,139,3223
2026-09-12 11:31:30,137,2670
2026-09-12 11:32:30,134,2525
2026-09-12 11:33:30,138,2536
2026-09-12 11:34:31,133,2396
2026-09-12 11:35:30,137,2417
2026-09-12 11:36:30,137,2424
2026-09-12 11:37:30,137,3118
2026-09-12 11:38:30,176,5644
2026-09-12 11:39:30,168,5809
2026-09-12 11:40:30,179,6110
2026-09-12 11:41:31,181,6011
2026-09-12 11:42:30,176,6010
2026-09-12 11:43:30,199,6009
2026-09-12 11:44:30,197,5795
2026-09-12 11:45:30,202,5819
2026-09-12 11:46:30,196,6016
2026-09-12 11:47:30,191,6019
2026-09-12 11:48:30,191,6015
2026-09-12 11:49:31,199,3348
2026-09-12 11:50:30,212,2124
2026-09-12 11:51:30,283,2153
2026-09-12 11:52:30,231,2106
2026-09-12 11:53:30,236,2012
2026-09-12 11:54:30,223,1997
2026-09-12 11:55:30,232,2143
2026-09-12 11:56:31,234,2185
2026-09-12 11:57:30,247,4384
2026-09-12 11:58:30,247,6010
2026-09-12 11:59:30,326,5909
2026-09-12 12:00:30,376,6008
2026-09-12 12:01:30,303,6013
2026-09-12 12:02:30,256,6015
2026-09-12 12:03:30,256,6014
2026-09-12 12:04:31,334,5532
2026-09-12 12:05:30,387,6014
2026-09-12 12:06:30,297,6014
2026-09-12 12:07:30,253,6012
2026-09-12 12:08:30,249,6012
2026-09-12 12:09:30,357,5812
2026-09-12 12:10:30,366,2622
2026-09-12 12:11:30,262,1247
2026-09-12 12:12:30,251,1192
2026-09-12 12:13:30,251,1159
2026-09-12 12:14:30,243,1125
2026-09-12 12:15:30,250,1180
2026-09-12 12:16:30,251,1216
2026-09-12 12:17:30,251,1234
2026-09-12 12:18:30,251,1244
2026-09-12 12:19:31,242,1222
2026-09-12 12:20:30,309,1309
2026-09-12 12:21:30,257,1372
2026-09-12 12:22:30,257,1427
2026-09-12 12:23:30,246,1454
2026-09-12 12:24:30,233,1412
2026-09-12 12:25:30,285,1446
2026-09-12 12:26:30,319,1505
2026-09-12 12:27:31,319,1604
2026-09-12 12:28:30,319,1738
2026-09-12 12:29:30,308,1910
2026-09-12 12:30:30,319,4066
2026-09-12 12:31:30,317,6012
2026-09-12 12:32:30,317,6011
2026-09-12 12:33:30,317,6013
2026-09-12 12:34:30,307,5813
2026-09-12 12:35:31,317,4541
2026-09-12 12:36:30,319,1820
2026-09-12 12:37:30,319,1598
2026-09-12 12:38:30,328,1570
2026-09-12 12:39:30,317,1481
2026-09-12 12:40:30,320,1570
2026-09-12 12:41:31,270,1647
